-- MySQL dump 10.16  Distrib 10.2.25-MariaDB, for Linux (x86_64)
--
-- Host: localhost    Database: cantagalo
-- ------------------------------------------------------
-- Server version	10.2.25-MariaDB

/*!40101 SET @OLD_CHARACTER_SET_CLIENT=@@CHARACTER_SET_CLIENT */;
/*!40101 SET @OLD_CHARACTER_SET_RESULTS=@@CHARACTER_SET_RESULTS */;
/*!40101 SET @OLD_COLLATION_CONNECTION=@@COLLATION_CONNECTION */;
/*!40101 SET NAMES utf8 */;
/*!40103 SET @OLD_TIME_ZONE=@@TIME_ZONE */;
/*!40103 SET TIME_ZONE='+00:00' */;
/*!40014 SET @OLD_UNIQUE_CHECKS=@@UNIQUE_CHECKS, UNIQUE_CHECKS=0 */;
/*!40014 SET @OLD_FOREIGN_KEY_CHECKS=@@FOREIGN_KEY_CHECKS, FOREIGN_KEY_CHECKS=0 */;
/*!40101 SET @OLD_SQL_MODE=@@SQL_MODE, SQL_MODE='NO_AUTO_VALUE_ON_ZERO' */;
/*!40111 SET @OLD_SQL_NOTES=@@SQL_NOTES, SQL_NOTES=0 */;

--
-- Table structure for table `caixa`
--

DROP TABLE IF EXISTS `caixa`;
/*!40101 SET @saved_cs_client     = @@character_set_client */;
/*!40101 SET character_set_client = utf8 */;
CREATE TABLE `caixa` (
  `codigo` int(11) NOT NULL AUTO_INCREMENT,
  `data` date NOT NULL,
  `preco_total` decimal(10,2) NOT NULL,
  `saida` decimal(10,2) DEFAULT NULL,
  `codigo_cliente` int(11) NOT NULL,
  PRIMARY KEY (`codigo`),
  KEY `codigo_cliente` (`codigo_cliente`),
  CONSTRAINT `caixa_ibfk_1` FOREIGN KEY (`codigo_cliente`) REFERENCES `cliente` (`codigo`)
) ENGINE=InnoDB AUTO_INCREMENT=201 DEFAULT CHARSET=utf8mb4;
/*!40101 SET character_set_client = @saved_cs_client */;

--
-- Dumping data for table `caixa`
--

LOCK TABLES `caixa` WRITE;
/*!40000 ALTER TABLE `caixa` DISABLE KEYS */;
INSERT INTO `caixa` VALUES (1,'1995-10-17',34080468.61,1.00,79),(2,'1987-04-17',92895536.90,2.00,4),(3,'1995-04-28',21064270.87,3.00,34),(4,'2008-09-28',29534156.98,4.00,89),(5,'2018-08-09',22983248.57,5.00,25),(6,'1990-11-09',59318888.95,6.00,80),(7,'1989-09-09',37763648.91,7.00,84),(8,'2012-08-10',84283632.73,8.00,9),(9,'2002-08-02',16119564.71,9.00,100),(10,'1981-03-25',86268216.82,10.00,87),(11,'2017-07-23',9658432.14,11.00,94),(12,'2019-11-06',72465408.31,12.00,95),(13,'2017-02-06',8942348.85,13.00,86),(14,'1984-03-29',12508291.15,14.00,13),(15,'2017-12-07',71020720.25,15.00,40),(16,'1993-07-28',26058214.17,16.00,88),(17,'2013-02-11',15301973.90,17.00,27),(18,'1997-09-20',53434760.91,18.00,73),(19,'1997-06-23',60834192.96,19.00,22),(20,'2009-05-16',90270168.17,20.00,14),(21,'1980-09-29',73151424.68,21.00,81),(22,'1996-09-23',74162648.64,22.00,19),(23,'1991-03-22',22412264.51,23.00,20),(24,'2013-06-20',74599744.25,24.00,25),(25,'2011-09-20',40769808.44,25.00,55),(26,'2013-07-21',93841344.37,26.00,20),(27,'2014-03-19',21490104.54,27.00,68),(28,'2014-08-03',36870308.42,28.00,35),(29,'2011-11-30',67564776.29,29.00,36),(30,'2005-04-03',42878704.91,30.00,35),(31,'1990-03-19',67290696.96,31.00,93),(32,'1994-01-21',93063576.21,32.00,9),(33,'2007-12-09',18924684.97,33.00,35),(34,'2000-03-19',62823528.57,34.00,84),(35,'2000-12-17',18037784.50,35.00,6),(36,'1985-08-28',77906136.47,36.00,85),(37,'2011-04-09',58126648.12,37.00,10),(38,'1989-10-24',59846888.16,38.00,4),(39,'2017-07-14',27485908.81,39.00,87),(40,'2012-07-07',16417265.92,40.00,95),(41,'2001-11-29',39966316.76,41.00,96),(42,'1982-10-16',97079328.29,42.00,32),(43,'1981-03-15',42260944.72,43.00,28),(44,'1992-04-13',5004990.89,44.00,68),(45,'1994-12-28',50560988.64,45.00,79),(46,'1991-07-29',38502248.85,46.00,15),(47,'2018-04-11',91151648.17,47.00,81),(48,'1990-01-22',42201404.50,48.00,34),(49,'1990-11-02',35687280.94,49.00,6),(50,'2011-09-20',37658232.44,50.00,15),(51,'2010-10-02',16965670.50,51.00,66),(52,'1981-12-28',93757064.59,52.00,79),(53,'1980-12-02',96050080.94,53.00,56),(54,'1982-03-24',98136616.97,54.00,44),(55,'2016-08-30',89161136.77,55.00,29),(56,'1989-03-05',24568158.53,56.00,60),(57,'1981-07-20',92039496.20,57.00,44),(58,'1984-05-03',19606668.83,58.00,56),(59,'2001-05-28',1187527.20,59.00,33),(60,'2015-08-19',80789224.58,60.00,55),(61,'1985-08-30',92817744.35,61.00,62),(62,'1999-12-24',83112600.85,62.00,47),(63,'2011-12-25',317156.17,63.00,17),(64,'2018-03-25',59487920.30,64.00,36),(65,'1994-10-01',24988038.00,65.00,94),(66,'1983-09-10',22410614.45,66.00,74),(67,'2006-08-11',19721300.99,67.00,39),(68,'2011-02-11',60327272.85,68.00,93),(69,'2004-02-27',24632704.95,69.00,35),(70,'2001-10-22',74319936.98,70.00,47),(71,'1996-03-30',82642696.44,71.00,30),(72,'1984-11-09',74014896.47,72.00,61),(73,'1982-05-26',73167936.63,73.00,18),(74,'1993-03-31',375920.32,74.00,48),(75,'2018-05-26',26738744.16,75.00,60),(76,'1991-03-07',25637382.10,76.00,91),(77,'1987-03-26',2247715.84,77.00,70),(78,'2009-12-02',24514956.11,78.00,5),(79,'1999-03-09',53017348.69,79.00,94),(80,'1993-05-08',57502068.17,80.00,92),(81,'1993-11-02',85859592.74,81.00,82),(82,'2005-02-01',37087060.87,82.00,69),(83,'1995-10-13',38260156.78,83.00,81),(84,'2019-06-18',5737316.65,84.00,26),(85,'2014-05-10',98790176.48,85.00,62),(86,'2009-04-02',74183736.51,86.00,22),(87,'1987-05-06',62425388.90,87.00,63),(88,'1995-08-11',97656280.35,88.00,33),(89,'1994-09-20',9798402.29,89.00,62),(90,'1994-10-28',93084792.29,90.00,73),(91,'1985-08-18',93245336.91,91.00,41),(92,'1982-11-06',72768056.50,92.00,29),(93,'2019-03-17',95119688.39,93.00,83),(94,'1983-03-05',29569500.35,94.00,96),(95,'1981-03-27',39081032.83,95.00,40),(96,'2001-10-13',9324074.94,96.00,62),(97,'2003-11-01',3334272.79,97.00,96),(98,'1995-11-30',40903540.47,98.00,22),(99,'2003-04-18',28069520.10,99.00,8),(100,'2016-04-20',20416438.92,100.00,96),(101,'1980-02-16',73175536.72,1.00,22),(102,'1999-10-01',21920812.11,2.00,49),(103,'2003-02-22',91740904.72,3.00,47),(104,'1990-07-03',45662104.97,4.00,50),(105,'2003-03-19',77023712.80,5.00,56),(106,'1989-03-27',46761300.65,6.00,35),(107,'2013-12-28',26172482.55,7.00,86),(108,'1999-05-07',81660432.29,8.00,25),(109,'2000-05-04',81259664.44,9.00,15),(110,'2019-03-19',93915216.13,10.00,41),(111,'2001-09-03',58093684.60,11.00,55),(112,'1985-04-16',61990268.00,12.00,1),(113,'1997-03-02',26567162.94,13.00,96),(114,'1994-11-04',63087516.17,14.00,92),(115,'1993-02-05',66305016.37,15.00,52),(116,'2013-10-28',32962066.44,16.00,55),(117,'2014-01-18',25732798.97,17.00,4),(118,'2003-09-09',12460470.32,18.00,51),(119,'1988-01-25',43293500.39,19.00,29),(120,'2008-05-12',41800340.40,20.00,83),(121,'1999-01-26',96107576.95,21.00,17),(122,'1984-03-28',62635440.65,22.00,74),(123,'1991-06-29',43914588.74,23.00,87),(124,'1993-03-29',67768128.30,24.00,28),(125,'1986-05-23',49989080.11,25.00,85),(126,'1995-06-15',58843952.54,26.00,23),(127,'2003-04-13',21531134.38,27.00,59),(128,'1986-01-28',26167864.29,28.00,79),(129,'1980-06-27',751954.90,29.00,39),(130,'1998-10-23',2405077.94,30.00,29),(131,'1987-12-07',5774939.95,31.00,69),(132,'1995-05-17',96674440.37,32.00,96),(133,'1991-06-09',14136463.57,33.00,40),(134,'2011-12-01',28519702.70,34.00,26),(135,'1989-07-28',67991136.58,35.00,48),(136,'2003-12-22',26381832.80,36.00,33),(137,'2008-06-19',71311984.34,37.00,81),(138,'2003-04-27',64230364.69,38.00,13),(139,'1993-07-13',27945132.79,39.00,13),(140,'2014-06-27',97495608.83,40.00,73),(141,'2007-03-21',13164294.50,41.00,10),(142,'2010-03-17',47738672.39,42.00,1),(143,'1996-03-07',78516272.32,43.00,13),(144,'2005-02-17',29779350.60,44.00,58),(145,'2006-12-08',3712463.55,45.00,56),(146,'2003-07-08',28260624.10,46.00,47),(147,'1994-10-02',43872124.68,47.00,49),(148,'1988-03-10',8663750.22,48.00,12),(149,'2012-07-30',84643384.53,49.00,72),(150,'1997-04-12',94213408.82,50.00,11),(151,'2009-07-31',41011524.50,51.00,17),(152,'1984-12-02',91353032.40,52.00,95),(153,'2019-05-05',92658768.46,53.00,40),(154,'1994-02-27',96765520.97,54.00,68),(155,'1991-06-21',84584424.32,55.00,61),(156,'2005-02-09',45314044.90,56.00,75),(157,'2003-03-19',76661656.10,57.00,95),(158,'1995-04-10',45645332.20,58.00,67),(159,'1984-02-01',60540676.57,59.00,62),(160,'2004-08-27',16209191.18,60.00,3),(161,'1984-11-04',82766456.18,61.00,1),(162,'1992-06-11',54591620.16,62.00,97),(163,'1995-12-18',95429912.90,63.00,72),(164,'2017-08-06',5635142.88,64.00,95),(165,'1995-04-26',71698512.70,65.00,21),(166,'1999-12-02',4942614.50,66.00,42),(167,'2006-12-14',65068692.66,67.00,98),(168,'1984-02-24',62955020.22,68.00,31),(169,'1990-12-14',95356248.85,69.00,2),(170,'1998-10-20',77598688.84,70.00,51),(171,'1997-03-29',18811054.46,71.00,46),(172,'2016-08-01',60062616.88,72.00,1),(173,'2002-12-10',87141104.86,73.00,1),(174,'2015-10-21',75956896.71,74.00,3),(175,'2019-01-29',43802936.44,75.00,8),(176,'1999-11-04',23092836.68,76.00,51),(177,'2018-09-12',14117271.31,77.00,37),(178,'1987-01-27',25403858.70,78.00,22),(179,'2015-05-26',57370424.25,79.00,48),(180,'1988-04-02',40893536.78,80.00,47),(181,'1989-05-11',98145464.86,81.00,94),(182,'1988-03-08',88566944.43,82.00,34),(183,'1984-02-02',95086440.57,83.00,58),(184,'1992-01-21',56499512.76,84.00,51),(185,'2001-03-27',37841940.62,85.00,100),(186,'2013-01-14',79761760.65,86.00,100),(187,'2011-04-12',57079928.91,87.00,85),(188,'1994-02-07',74900320.10,88.00,85),(189,'2010-04-20',53545864.45,89.00,88),(190,'2011-07-23',96937336.25,90.00,100),(191,'2012-04-10',85796216.20,91.00,41),(192,'1982-12-01',88069280.11,92.00,20),(193,'1996-06-17',33435482.57,93.00,21),(194,'2015-01-30',14908791.22,94.00,33),(195,'2019-04-10',74686616.83,95.00,16),(196,'1998-04-03',26521962.36,96.00,30),(197,'1999-03-18',80515240.73,97.00,21),(198,'2008-09-02',99780288.65,98.00,43),(199,'1983-07-02',49199952.40,99.00,53),(200,'2002-07-20',95597960.57,100.00,78);
/*!40000 ALTER TABLE `caixa` ENABLE KEYS */;
UNLOCK TABLES;

--
-- Table structure for table `cidade`
--

DROP TABLE IF EXISTS `cidade`;
/*!40101 SET @saved_cs_client     = @@character_set_client */;
/*!40101 SET character_set_client = utf8 */;
CREATE TABLE `cidade` (
  `nome` varchar(60) NOT NULL,
  `estado` varchar(2) NOT NULL,
  `codigo` int(11) NOT NULL AUTO_INCREMENT,
  PRIMARY KEY (`codigo`),
  UNIQUE KEY `estado` (`estado`)
) ENGINE=InnoDB AUTO_INCREMENT=122 DEFAULT CHARSET=utf8mb4;
/*!40101 SET character_set_client = @saved_cs_client */;

--
-- Dumping data for table `cidade`
--

LOCK TABLES `cidade` WRITE;
/*!40000 ALTER TABLE `cidade` DISABLE KEYS */;
INSERT INTO `cidade` VALUES ('testeaaaa','do',1),('exer','D',2),('fugiat nulla pariatur. Excepteur','se',3),('44','4',4),('tempor incididunt ut labore et dolore magna aliqua. Ut ','U',5),('commodo consequat. Duis aut','si',6),('in','e',7),('exercitation ullamco laboris nisi ut aliquip ex ea comm','a',8),('reprehender','co',9),('consequat. Duis aute irure dolor in reprehenderit in v','ul',10),('adipiscing elit, sed do eiusmod tempor in','ea',11),('non proident, sunt in culpa qui officia deserunt m','in',12),('veniam, quis nostrud e','n',13),('id est laborum.Lorem ipsum dolor sit amet, consectetur','i',14),('nulla pariatur. Excepteur sint o','al',15),('cupidatat non proident, sunt in culpa qui offic','ad',16),('irure dolor in r','oc',17),('Ut enim ad minim veniam, quis nostr','ut',18),('laborum.Lorem ip','la',20),('ullamco laboris nisi ','s',22),('esse ','ve',23),('242','1g',24),('sunt in culpa qui officia deserunt mollit anim id es','L',25),('irure dolor in reprehenderit in voluptate velit e','am',26),('non proident, sunt in c','ma',27),('labore ','m',28),('qui officia deserunt ','cu',29),('adipis','el',30),('TEST','TE',31),('teste','sp',34),('a','aa',36),('aa','sa',42),('Bebedouro123','lk',45),('b','an',46),('ab','at',49),('a','ac',50),('dfn','12',54),('a','44',55);
/*!40000 ALTER TABLE `cidade` ENABLE KEYS */;
UNLOCK TABLES;

--
-- Table structure for table `cliente`
--

DROP TABLE IF EXISTS `cliente`;
/*!40101 SET @saved_cs_client     = @@character_set_client */;
/*!40101 SET character_set_client = utf8 */;
CREATE TABLE `cliente` (
  `codigo` int(11) NOT NULL AUTO_INCREMENT,
  `nome` varchar(80) NOT NULL,
  `CPF` varchar(20) NOT NULL,
  `endereco` varchar(40) NOT NULL,
  `telefone` varchar(20) NOT NULL,
  `ativo` tinyint(1) NOT NULL,
  `id_cidade` int(11) NOT NULL,
  PRIMARY KEY (`codigo`),
  UNIQUE KEY `CPF` (`CPF`),
  KEY `id_cidade` (`id_cidade`),
  CONSTRAINT `cliente_ibfk_1` FOREIGN KEY (`id_cidade`) REFERENCES `cidade` (`codigo`)
) ENGINE=InnoDB AUTO_INCREMENT=405 DEFAULT CHARSET=utf8mb4;
/*!40101 SET character_set_client = @saved_cs_client */;

--
-- Dumping data for table `cliente`
--

LOCK TABLES `cliente` WRITE;
/*!40000 ALTER TABLE `cliente` DISABLE KEYS */;
INSERT INTO `cliente` VALUES (1,'laborum.Lorem ipsum dolor','exerc','consequat. D','sint occaecat',1,28),(2,'anim ','elit, sed do ei','eu fugiat ','proident, sunt in c',67,25),(3,'laboris nisi ut aliqui','ve','sint occaecat cupidatat non pro','culpa qui officia ',1,36),(4,'dolore magna aliqua.','minim','in','ullamco laboris ni',123,1),(5,'ullamco la','ut labor','laboris nisi ut aliquip ex ea commodo co','labor',-48,6),(6,'magna aliqua. Ut enim ad minim veniam, quis nos','anim','nisi ut aliquip ex ea commod','in',98,29),(7,'su','eu fugiat n','m','Excepteur sint ',-37,24),(8,'magna aliqua. Ut enim ad minim veniam, qui','incididunt ut labore','sit amet, ','adipis',6,14),(9,'eiusmod tempor incididunt ut labore et dolore magna aliqua. Ut enim a','do eiusmod tempor i','elit, sed do eiusmod tempor incididun','amet, cons',0,14),(10,'adipiscing elit, sed do eiusmod tempor incididunt ut labore et','velit esse cil','si','vel',-100,22),(11,'ea commodo consequat. Duis aute i','qui offi','nostrud ex','cillum dolore eu',-94,17),(12,'ut aliquip ex ea commodo consequat. Duis aute irure dolor in reprehe','sint occaecat c','ea commodo co','deseru',66,24),(13,'con','temp','tempor incididunt ut labore et dolo','ut labore ',8,11),(14,'dolor in reprehenderit in vol','tempor in','id est lab','sunt i',12,10),(15,'fugiat nulla pariatur. Excepteur sint occaecat cupidatat non proi','cupidat','ex ea commodo consequat.','do e',-128,26),(16,'deserunt mollit anim id est laborum.Lorem i','ut aliquip ex','ut labore et dolore ma','consequ',0,10),(17,'Ut enim ad minim veniam,','ex ea c','et dolore ma','a',-107,25),(18,'Duis aute irure dolor in reprehenderit in voluptate velit esse cillum dolore eu ','exerci','anim id est laborum.Lorem ipsum do','irure dolor',-35,8),(19,'in culpa qui officia deserunt mollit anim id est laborum.Lorem','commodo consequat. ','in voluptate velit esse cillum dolo','cupidata',-66,24),(20,'Ut enim ad minim veniam, quis nos','exercitation u','anim id est laborum.Lorem ipsum','Lorem ip',99,3),(21,'eu fugiat nulla pariatur. Excepteur','tempor','veniam, quis nostrud exercitat','a',-33,17),(22,'in reprehenderit in voluptate velit esse cillum dolore eu fugiat nulla','laboris nis','ex ','minim v',-127,26),(23,'dolor sit amet, consectetur adipiscing elit, sed do eiusm','nisi u','Ut enim ad minim veniam, quis nostrud','e',8,16),(24,'quis nostrud exercitation ullamco','deserunt mollit ','magna aliqua. Ut enim ad mi','laboris nisi ut ali',47,30),(25,'exercitation ullamco laboris ','pariatur. Exc','dolor s','velit',104,9),(26,'occaecat','laborum.Lorem','adipiscing','consequat. ',-93,14),(27,'o','Duis aute irure d','Duis aute irure d','quis nostrud ',-41,25),(28,'occaecat cupidata','laboris nisi','cillum','amet, consecte',-113,23),(29,'irure dolor in reprehen','ex ea commodo conseq','r','anim id est laboru',-103,20),(30,'sint occaecat cupidatat non proident, sun','sunt in culp','Duis aute irure dol','deser',-42,12),(31,'adipiscing e','sint o','magna aliqua.','sed do eiusmod',-106,1),(32,'ipsum dolor sit ','el','consectetur adipisci','irure dolo',-32,15),(33,'magna aliqua. Ut enim ad minim veniam, quis nostrud exercitati','nul','consequat. Duis aute irure dolor in r','Excepteu',-22,8),(34,'anim ','veni','irure ','amet',-125,25),(35,'Duis aute irure dolor in reprehenderit in voluptate velit esse cillum dolor','nulla pariatur. ','qui officia deserunt molli','Excepteur sin',105,11),(36,'incididunt ut labore et do','sunt in culpa q','no','in voluptat',-39,22),(37,'anim id est laborum.Lorem ipsum dolor si','Duis ','fugiat nulla pari','ex ea commod',36,14),(38,'ullamco laboris nisi ut aliquip ex ea commodo conseq','Excepteur s','enim','aliquip ex ',98,1),(39,'fugiat nulla pariatur. Excepteur sint occaecat cupidatat no','esse cillum dolore ','ut labore et dolore magna aliqua','et dolore magna ',-40,13),(40,'consectetur adipiscing elit, sed do eiusmod tempor incididunt ut ','sunt i','ad minim veniam, quis nostru','nisi ut al',-63,11),(41,'aute irure dolor in re','et dolore m','non proident, sunt i','in volu',2,29),(42,'exercitation ullamco laboris nisi ut ','labore et','quis nost','do eiusmod tempor ',97,12),(43,'ex ea commodo consequat. Duis aute irure dolor in reprehenderit i','culpa qui of','non proident, sunt in','ame',64,14),(44,'non proident, sunt in culpa qui officia deserunt mo','ad minim veniam, q','anim id est laborum.Lorem ips','cu',-81,28),(45,'adipiscing elit, sed do eiusmod te','laborum','quis nostrud exercitation ullamco labo','in reprehender',59,5),(46,'molli','m','sunt in culpa qui','irure dolor in ',103,20),(47,'qui officia deserunt mollit anim id est laborum.Lorem ipsum','do eiusmod tempor ','in voluptate velit esse cillum dolore','ad',-103,30),(48,'in volupt','e','sint occaecat cupidat','elit, s',-67,7),(49,'exercitation ullamco laboris nisi ut aliquip ex ','eu fugiat','consequat. ','minim veniam, quis n',103,13),(50,'dolore magna aliqua. Ut enim ad minim veniam, quis nostrud exercitation ','sunt in culpa','culpa qui officia deserunt mollit an','occaecat cupid',-73,22),(51,'in voluptate velit esse cillum dolore eu fugiat nul','ea commodo ','ullamco laboris ','qui ',-113,30),(52,'cupidatat non proident, sunt in culpa qui officia deserunt mollit a','magna aliqua. Ut ','do','magna aliqua. Ut ',16,26),(53,'elit, sed do eiusmod tempor in','in voluptate ','Duis a','Excepteur sint ',109,13),(54,'ad minim veniam, quis nostrud exercitation ullamco laboris n','mol','nisi ut ali','tempor inc',26,11),(55,'cupidatat non proident, sunt in culpa qui officia deserunt m','dolor','culpa qui officia deserunt molli','ut labore et ',-108,15),(56,'exercitation ullamco laboris nisi ut aliquip ex ea commodo consequat. Duis aut','velit esse c','in voluptate velit esse cillum dol','veniam, ',-84,3),(57,'quis nostrud exercita','nulla pariatu','Excepteur sint o','qui offici',-25,1),(58,'pariatur. Excepteur sint occaecat cupidata','dolore','mo','eu fugia',58,23),(59,'in reprehenderit in voluptate velit esse cillum dolore eu fugiat null','incididunt ut la','nisi ut al','Excepteur sin',-28,30),(60,'ex ea commodo consequat. Duis aute irure dolor in reprehenderit in voluptate vel','magna al','Ut enim ad minim veni','et dolore',-23,6),(61,'rum.Lor','Excepteur sint','Excepteur sint occaecat ','ipsum dolor sit',-40,8),(62,'exercitation ullamco laboris nisi ut aliquip ex ea commodo consequat. ','in reprehender','et dolore magna aliqua. Ut enim ad min','ut lab',-87,9),(63,'dolor in reprehenderit in voluptate velit esse cill','incididunt u','adipiscing elit, s','sed do eius',53,9),(64,'consequat. Duis aute iru','velit esse cillu','mollit anim i','irure dolor in repre',82,4),(65,'nisi ut aliquip ex ea commodo con','nostrud ex','deserunt mollit a','ex ea commodo ',-64,23),(66,'quis nostrud','incididunt ut l','ut labore et dolore magna aliqua. Ut e','mo',83,4),(67,'sed do eiusmod tempor incididunt ut labore et dolore mag','ipsum dolor sit amet','elit, sed do eiusmod temp','ni',71,10),(68,'qui officia deserunt mollit anim id est laborum.Lorem ipsum dolor sit amet, cons','Excepteur sint occ','ullamco laboris nisi ut aliquip ex ea ','eiusmod ',98,10),(69,'tempor incididunt ut labore et dolore ma','ex ea commodo conse','n','qui officia ',-19,2),(70,'ali','in repr','aliquip ex ea commod','ut aliquip',-113,29),(71,'eiusmod tempor i','Duis aute ','ut aliquip ex ea commodo consequat. Duis','Duis aute irure',-45,13),(72,'do eiusmod tempor incididunt ut labore et dolore magna aliqua. Ut enim ad mi','sint occa','occaecat cupidatat non p','ullamco labori',47,23),(73,'exercitation ','quis nostr','Excepteur sint occaeca','dolore eu fug',1,8),(74,'in voluptate velit esse cillum dolore eu fugiat nulla paria','Duis aute irure ','elit, sed do eiusmod tempor incidid','ut aliquip ex ea c',-27,22),(75,'minim veniam, quis nostrud exercitation ullamco ','dolo','ut l','qui officia dese',104,12),(76,'ut labore et dolore magna a','nulla p','anim id est laboru','i',105,23),(77,'velit esse cillum dolore eu fugiat nulla pariatur. Excepteur sint occaecat ','anim id est laborum','ex ea commodo consequat. ','Excepteur',56,15),(78,'eu fugiat nulla pariatur. Excepteur sint occaecat cupidatat non ','eu fu','ipsum dolor sit amet, consectetu','tempor in',-14,9),(79,'anim id ','in ','labore et ','c',70,28),(80,'cupidatat non proident, sunt in cu','ip','dolore','in voluptate velit',-57,13),(81,'et dolore magna aliqua. Ut enim ad minim veniam, quis nostrud exercit','ad minim veniam,','nostrud exer','ea',-39,30),(82,'dolor in reprehenderit','Ut ','in volupta','exercitation ullam',56,12),(83,'non proident, su','incidid','i','ullamco',-43,22),(84,'minim veniam, quis nos','Duis aut','exercitati','ut labore et',62,14),(85,'cillum dolore eu fugiat nu','Excepte','esse cillum d','ullamco laboris ',65,28),(86,'irure dolor in reprehenderit in voluptate velit esse cillum ','tempor inci','velit esse ','culpa qui',-68,8),(87,'sunt in culpa qui officia deserunt mollit a','id est l','ad m','do ',39,23),(88,'in culpa qui officia deserunt mo','cillum dolore eu fu','sint occaecat cupi','non p',-127,26),(89,'aliqua. Ut enim ad minim veniam, quis nostrud exercitation ullamco ','ru','ut labore et dolore','do ',-123,18),(90,'sint occaecat cupidatat non proident, sunt in culpa qui officia deserunt mo','do','ipsum dolor si','pariatur. Excep',107,17),(91,'laborum.','sunt','Ut enim ad minim veniam, quis n','dolor in repreh',-125,26),(92,'ghmghmgh','enim ad minim v','mollit an','anim id est labo',1,8),(93,'Duis aute irure dolor in reprehen','qui officia ','sint ','minim ven',49,13),(94,'laboris nisi ut aliquip ex ea commodo consequat. Duis ','velit esse ci','laboris nisi ut aliquip e','ullamco labor',94,9),(95,'occaecat cupid','laboris','dolor i','Ut enim ad minim ',119,2),(96,'Duis aute ir','et dolo','et dolore magna aliqua. Ut enim ad mini','enim ad m',18,9),(97,'non proident, sunt in culpa qui o','exercitati','sed do e','qui offi',85,8),(98,'tempor inc','fugiat n','consectetur adipiscing eli','sint occaecat',42,3),(99,'cillum dolore eu fugiat nulla pariatur. Excepteur sint occaecat cupidatat non','labor','nulla pariatur. Excepteur si','ut aliquip',76,30),(100,'dolor in reprehenderit in voluptate velit esse cillum d','et dolore ','nulla par','borum.Lorem ips',120,17),(101,'mollit anim id est laborum.Lorem ipsum dolor sit amet, consectetur ad','velit esse cillum ','laborum.Lorem ipsum dolor sit','venia',-94,24),(103,'ullamco laboris nisi ut aliquip ex ea commodo conse','sunt in culpa qui o','sed do eius','mo',-100,3),(104,'id est laborum.Lorem ipsum dolor sit amet, consectetur adipiscing elit,','in voluptate ve','ut aliquip ex','occaecat cupidat',100,18),(105,'incididunt ut labore et do','ni','eu fugiat nulla pa','nulla pariatur.',-3,2),(106,'sit amet, consectetur adipiscing elit, sed do eiusmod tempor incididunt ut ','ipsum dolor sit a','sunt in culpa qui officia dese','adi',-101,24),(107,'.Lorem ipsum dolor sit amet, co','amet,','adipiscing el','quis nostrud exerc',35,12),(108,'adipiscing elit, sed do eiusmod tempor incididunt ut labore et dolore mag','laboris nisi ut ali','nisi ut aliqu','in',42,27),(109,'consectetur adipiscing elit, sed do eiusmod t','deserunt mollit an','in voluptate velit esse ci','nulla pariatur',111,42),(110,'dolore eu fugiat nulla pari','ut labore et dolor','borum.Lorem ipsum','et dolore ',95,6),(111,'Ut enim ad minim veniam,','ex ea commodo ','adipiscing elit, sed do eiusm','sit amet, consec',124,14),(112,'adipiscing elit, sed do eiusmod tempor incididunt ut labore et do','labo','cupidatat non','pariat',120,23),(113,'adipiscing eli','aliqua. Ut ','con','sunt i',24,6),(114,'eiusmod tempor incididunt ut labore et dolore mag','reprehender','Ut enim ad min','qui officia d',-50,5),(116,'aliquip ex ea commodo consequat. Duis aute irure dolor in reprehenderit ','ipsum dolor si','amet, consectetur adipiscing elit, sed','nisi ut aliquip ex e',-89,27),(117,'incididunt ut labore et dolore magna aliqua. Ut en','nostrud ','in volupta','s',25,12),(118,'irure dolor in re','laborum.Lorem ipsu','laboris nisi ut aliquip ex ea commodo ','aliquip ',78,4),(119,'Duis aute irure ','veniam, quis nostru','mo','nul',13,12),(120,'consectetur adipiscing elit, sed do','velit es','cupidatat non proident, sunt','consequat. Duis au',-120,42),(121,'ut aliquip ex ea commodo consequat. Duis aute irure dolor in ','Ut enim ad minim ','velit es','in',-111,2),(122,'ut labore et dolore magna aliqua. Ut enim ad minim v','nulla pariatur','anim id ','borum.Lorem ip',36,26),(123,'deserunt mollit anim id e','consectetur adipisci','tempor i','amet, c',64,4),(124,'ullamco laboris nisi ut aliquip ex ea commodo consequat. Duis aute irure dol','a','adipiscing e','Duis aute iru',-42,3),(126,'adipiscing elit, sed','quis nostrud exerci','occaecat cupidatat non proident,','aliqua. Ut enim',71,22),(127,'ex ea commodo consequat. Duis aute iru','deserunt m','adipiscing elit, sed ','id est la',62,26),(128,'ut labore et dolore magna aliqua. Ut enim ad minim veniam, quis nostrud exerc','exercitation','pariatur. Except','non proident,',53,17),(129,'veniam, qui','anim id est laborum.','Ut enim ad minim veniam, quis nostru','in voluptate ve',125,3),(130,'fugiat nulla pariatur. Excepteur sint occaecat cupidatat non ','borum.L','et dolore magna aliqua. Ut ','mollit anim i',-105,29),(132,'ut aliquip ex ea commodo consequat. Duis aute irure dolor in ','eiusmod tempor i','sunt in culpa qui officia dese','consequat. Duis aut',-52,8),(133,'eu fugiat nulla pariatur. Excepteur sint occaecat cupidatat ','ips','in voluptate velit e','in voluptate velit e',-105,10),(134,'eius','aliqua. Ut enim','anim id est laborum.Lorem ipsum dolor si','non proi',104,34),(135,'laborum.Lorem ipsum dolor sit amet, consectetur adipiscing el','nulla pariatur. Exc','incidi','Ut enim ad m',-73,11),(136,'laboris nisi ut aliquip e','ad m','dolore magna aliqua','es',92,1),(137,'amet, consectetur adipiscing elit, sed do eiusmod t','occaecat cupid','reprehenderit in voluptate velit esse','consectet',-118,28),(138,'Duis aute irure dolor ','deserun','tempor incididunt ut labore et do','adipiscing elit,',-56,17),(139,'elit, sed do eiusmod','ullamc','dolor in reprehenderit in volu','incididunt u',48,18),(140,'deserunt mollit anim id est laborum.Lorem ipsum dolor','aute irure dol','sit amet, c','id est labor',-45,17),(141,'tempor i','cupidatat non pro','elit, sed do ei','non pr',97,22),(142,'Lorem ipsum dolor sit amet, consectetur adipiscing elit, sed do eiusmod tempor ','Ut enim ','v','ul',-39,24),(143,'ut labore et dolo','veniam, quis nostr','ul','aborum.Lorem i',26,29),(144,'mol','D','nostrud exercit','sunt in culpa qui',-112,16),(145,'irure dolor in repre','Exc','sunt','proident, ',-93,13),(146,'velit esse cillum dolore eu fugiat nulla pariatur.','commodo con','labore et dolore ma','in voluptat',-4,13),(147,'aliquip ex ea commodo','v','exercitation ullamco laboris nisi ut al','dolor in reprehe',35,36),(148,'nostru','n','ut labore et dolore magna aliqua. ','consequat. Duis aute',-120,29),(149,'m.Lorem ipsum dolor sit amet, consectetur adipiscing elit, sed do','pariat','ut labore et dolore magna al','veniam, qu',-72,4),(151,'et dolore magna aliqua. Ut enim ad mi','consequat. Duis au','elit, sed do eiusmod','ex',80,11),(152,'elit, sed do eiusmod tempor incididunt','elit, sed','in voluptate velit esse cillum dol','non proid',125,31),(153,'aute irure dolor in reprehen','tempor incididunt ','nisi ut aliquip ex ea','aliquip ex ea co',-109,7),(154,'ullamco laboris nisi ut aliquip ex ea commodo consequat. Duis aute irure d','dolor in repr','sit amet, consectetur adipisci','aliqua. Ut enim',-111,10),(155,'cupidatat non proident, sunt in culpa qui officia deserunt mollit ani','in volupt','quis nostr','sint occaecat cupi',-67,17),(156,'adipiscing elit, sed do eiusmod tempor in','mollit anim id est ','laboris nisi ut','nostrud exerci',124,27),(157,'mag','aliquip ex ','eu fugiat nulla pariatur. E','quis nostru',-62,10),(158,'et dolore magna aliqua. Ut enim ad minim veniam, quis nostrud e','Excepteur si','quis nostrud exercitation ullamco labor','id est laborum.Lor',-127,14),(159,'Duis aute iru','sed do e','aute','dolore eu fugiat nu',35,9),(160,'in culpa qu','cupidatat non proi','borum.Lorem ipsum','um.Lorem ipsum dolor',118,29),(161,'occaecat cupidatat non proident, sunt in culp','1','Duis aute irure dolor in r','molli',36,2),(162,'m.Lorem i','2','ali','cupid',82,12),(163,'ipsum dolor sit amet, consectetur adipiscing elit, sed do eiusmod tempor incidi','3','in voluptate velit esse cil','conseq',12,4),(164,'elit, sed do eiusmod tempor incididunt ut labore et dolore magna aliqua. Ut e','4','adipiscing elit, sed do eiusmod t','id est la',78,36),(165,'eu ','5','sed do eiusmod tempor inc','minim veniam, quis n',94,1),(166,'Ut enim ad minim veniam, quis nostrud exercitation ullamco l','6','cons','nulla pariatur. Exce',-121,30),(167,'aliqua. Ut enim ad minim veniam, quis nostrud exercitation ullamco','7','sit amet, consectetur adipiscing e','minim veniam, qu',-86,7),(168,'esse cillum dolore eu fugiat ','8','sunt in ','in voluptate vel',-26,13),(169,'ex ea commodo consequat. Duis aute irure ','9','elit, sed do eiusmod tempor inc','velit esse cill',30,5),(170,'in voluptate velit esse cillum dolore eu fugiat nulla pariatur. ','10','elit, sed do eiusmod tempor incid','elit,',52,34),(171,'ad minim veniam, quis nostrud exe','11','incididunt ut l','nisi ut a',-117,15),(172,'nostrud exercitation ullamco laboris nisi ut ali','12','voluptate velit esse cil','cupidatat n',14,17),(173,'officia deserunt mollit anim id est laborum.L','13','Ut enim ad minim veniam','esse cillum dolore',14,14),(174,'adip','14','anim id est laborum.Lorem ipsum dolor s','ad min',8,25),(175,'rum.Lorem ipsum','15','laboris nisi ut aliquip ','aute irure ',-44,1),(176,'E','16','consectetur adipi','ullamco l',-54,13),(177,'ipsum dolor sit amet, co','17','non proident, sunt in culpa qui offic','ut l',-17,20),(178,'in voluptate velit esse cillum d','18','esse cillum dolore eu fugiat null','elit, s',95,20),(179,'esse cillum dolore eu fugia','19','consequat. Duis aute ir','u',-24,2),(180,'Excepteur sint occaecat','20','sit amet, consectetur adipisc','ullamco laboris',-26,30),(181,'irure dolor ','21','sint occaecat cupidatat','Ut enim ad mini',65,24),(182,'reprehe','22','nostrud exercitation ullamco laboris n','nisi ut al',116,12),(183,'in volupta','23','adipiscing elit, sed do eiusmod','voluptate velit',-6,1),(184,'al','24','dolor sit amet, consect','cupidatat n',-48,3),(185,'sit amet, consectetur adipiscing elit,','25','Duis aute irure dolor','velit esse cil',6,36),(186,'deseru','26','anim id est laborum.Lorem ipsum dolor si','su',1,6),(187,'cupidatat non proident, sunt i','27','do eiusmod tempor incididunt ut labor','non proident',-31,9),(188,'eu fugiat nulla pariatur. Excepteur sint occaecat cupidatat','28','quis nostrud exercitation ulla','sed do eiu',64,25),(189,'sint occaec','29','sint occaecat cupi','sint occaec',-9,34),(190,'non proident, sunt in','30','exercitation ull','sunt in c',43,2),(191,'aliqua. Ut enim ad minim veniam, quis nostrud exercitation ullamco ','31','ex ea com','con',32,4),(192,'labore et dolore magna aliqua. Ut eni','32','p','sunt in culpa qui o',-24,1),(193,'eu fugiat nulla pariatur. Excepteur sint occ','33','dolore magna aliqua. Ut enim ad min','in voluptate vel',31,20),(194,'sunt in culpa qui officia deserunt','34','adipi','Ut enim ',44,4),(195,'cillum dolore eu fugiat nulla pariatur. Excepteur sint occaecat cupidatat non ','35','dolore magna aliqua. Ut enim','anim id ',-51,5),(196,'do eiusmod tempor incididunt ut ','36','irure dol','dolor sit amet, con',-56,25),(197,'nostrud exercitation ullamco laboris','37','proident, sunt in cu','mollit anim',34,34),(198,'elit, sed d','38','laborum.Lore','officia ',38,18),(199,'qui officia deserunt mollit anim id est laborum','39','al','dolor in reprehen',3,12),(200,'veniam, quis nostr','40','incididunt ut labore et dolo','anim id ',52,6),(201,'velit esse cillum dolore eu fugiat nulla pariatur. Exc','41','fugiat nulla pariatur. E','consectetur adip',123,25),(202,'exercitation ullamco laboris nisi ut aliquip ex ea commodo consequ','42','labori','tempor incididun',8,24),(203,'laboris nisi ut aliquip ex ea commodo consequat. Duis aute ir','43','deserunt mollit anim id','qui officia dese',75,28),(204,'aliquip ex ea commodo consequat. Duis aute iru','44','ad minim veniam, quis ','ex e',-57,9),(205,'l','45','nisi ut aliquip ','quis nos',111,29),(206,'Lorem ipsum dolor sit amet, consectetur adipiscing elit, sed do eiusmod ','46','labore ','sint occaecat c',8,4),(207,'commodo conseq','47','velit esse ','et dolore',-76,3),(208,'velit esse cillum dolore eu fugiat nulla pariatur. Excepteur si','48','ut labore et dolore magna aliqua. Ut en','labor',-40,15),(209,'laboris nisi ut aliquip ex ea commodo consequat. Duis aute ir','49','adipiscing elit,','anim id est l',121,2),(210,'eu fugiat nulla pariatur. Excepteur sint occaecat cupidatat non proid','50','of','aliq',-62,12),(211,'Excepteur sint occaecat cupidatat non proident, sunt in culpa qui officia dese','51','velit esse cillum dolore eu fugiat nulla','nostrud exercitati',89,45),(212,'aute irure dolor in reprehenderit in voluptate velit esse cillum dolore eu ','52','occaecat cupidatat','in c',39,36),(213,'velit esse cillum dolore eu fugiat nulla pari','53','officia deserunt mollit anim id est lab','conseq',-5,5),(214,'m.Lorem ipsum dolor sit amet, consectetur adipiscing elit, sed do eiusmod t','54','anim id est laborum.Lore','um.Lor',65,31),(215,'aliqua. Ut enim ad minim veniam, quis nostrud exerci','55','in voluptate velit esse cillum d','in voluptate',103,10),(216,'pariatur. Excepteur sint occaecat cupidatat non p','56','sint occaecat cup','sint occ',21,16),(217,'voluptate velit esse cillum dolore eu fugiat nulla pariatur. ','57','exercitation ullamco','Duis ',-100,13),(218,'mollit a','58','exercita','nulla pariatur. Exc',-31,15),(219,'exercitation ullamco laboris nisi ut aliquip ex ea commodo consequ','59','in voluptate velit esse c','in voluptate ',10,18),(220,'pariatur. Excepteur sint occaecat cupidatat non proident, sun','60','culpa qui officia de','sint occaecat ',11,3),(221,'ullamco laboris nisi ut aliquip ex ea commodo consequat. Duis aute i','61','ex ea commo','Ut enim ad minim ven',50,30),(222,'sunt in culpa qui officia deserunt','62','pariatur. Excepteur sint occaecat cup','non proident, sunt ',8,9),(223,'quis nostrud exercitation ullamco laboris nisi ut al','63','dolor in reprehend','cillum',-19,12),(224,'velit esse cillum dolore eu fugia','64','ut aliquip ex ea commodo consequa','tempor i',-39,20),(225,'velit esse cillum dolore eu fugiat nulla pariatur. Excepteur sint occaecat cupid','65','minim veniam, qu','est laborum.Lorem i',23,25),(226,'nisi ut aliquip ex ea commodo consequat. D','66','est l','Ut enim ad minim ven',-60,6),(227,'sint occaecat cupidatat non proident, sunt in','67','cillum dolore','sin',57,29),(228,'ut labore e','68','sunt in cu','sed',-81,20),(229,'sit amet, consectetur adipiscing elit, sed do eiusmod tempor i','69','s','adipiscing eli',-65,7),(230,'tempor incididunt ut labore et dolore magna aliqua. Ut enim ','70','nostrud exercitation ullamco laboris n','quis nostrud exe',-43,31),(231,'consequat. Duis aute irure dolor in reprehender','71','magna aliqua. Ut enim ad mini','temp',103,15),(232,'aute irure dolor in reprehenderit in voluptate velit esse cillum dol','72','mollit anim id est l','id est',-1,10),(233,'ut labore et dolore magna aliqua. Ut enim ad min','73','eu fug','amet, con',-61,22),(234,'veniam, qui','74','ea commod','pariatur. Ex',60,2),(235,'ex ea commodo con','75','sint oc','incidid',20,30),(236,'dolor in reprehenderit in voluptate velit es','76','Duis aute irure dolor in rep','ut ',-96,17),(237,'incididunt ut labore et dolore magna aliqua. Ut enim ad minim veniam, q','77','magna aliqua. Ut enim ad minim ven','orum.',58,10),(238,'ullamco laboris nisi ut aliquip ex ea commodo consequat. Duis aute iru','78','elit, sed','ipsum dol',-89,5),(239,'non proident, sunt in culpa qui officia deserunt mollit anim id est labo','79','Excepteur sint occ','deserunt ',95,42),(240,'elit, sed do eiusmod tempor incididunt ut labore et dolore magna ','80','o','iru',-32,15),(242,'non proident, sunt in culpa qui officia ','82','ut aliquip ex ea commodo c','proide',-48,31),(243,'a','83','esse cillum dolore eu fug','officia deserunt mol',-32,8),(244,'esse c','84','tempor incididunt ut la','irure do',85,23),(245,'velit es','85','et dolore magna ','exercita',39,15),(246,'v','86','sit amet, consectetur adipis','elit, sed do eiusmo',23,22),(247,'et dolore magna aliqua. Ut enim ad minim veniam, quis nostrud exer','87','quis ','consequat. ',47,17),(248,'in voluptate velit esse cillum dolore eu fugia','88','ullamco ','aliquip ',-34,26),(249,'rep','89','labore et','labo',-13,14),(250,'amet, consectetur adipiscing elit, sed do eiusmod tempor incidi','90','nostrud exercitation ullamco l','ex ea comm',6,3),(251,'quis nostrud exercitation ulla','91','esse ','nis',-108,22),(252,'in voluptate velit esse cillum dolore eu fugiat nulla pariatur. ','92','in reprehe','sint occaecat cupida',-65,16),(253,'non proident, sunt in culpa qui officia deserunt mollit anim id est laborum.Lo','93','laborum.Lorem ipsum dolor sit','officia deserunt m',-113,12),(254,'cupidatat non proident, sunt in culpa qui officia deserunt mollit anim id ','94','in culpa qui officia deserunt','pariatur. Exc',-64,15),(255,'anim id est laborum.Lorem ipsum dolor sit amet,','95','id est laborum.Lorem ipsum dolo','velit esse',42,25),(256,'dolore magna aliq','96','ad minim veni','ipsum dolor sit',22,7),(257,'nisi ut aliquip ex ea commodo consequat. Duis aute irure dolor in reprehen','97','anim id est ','non pr',-15,23),(258,'ut labore et dolo','98','paria','cupidatat non pr',-54,14),(259,'laborum.Lorem ipsum dolor sit amet, consectetur adipiscing e','99','nisi ut aliquip ex ea commodo ','veniam, quis nostrud',124,12),(260,'ad minim veniam, quis nostrud exercitation ullam','100','dolo','enim a',-16,6),(261,'bo','101','et dolo','cons',57,6),(262,'ex ea commodo consequat. Duis aute irure dolor ','102','est laborum.Lorem ip','ad mi',-41,30),(264,'tempor incididunt ut labore et dolore magna aliqua.','104','ullamco laboris n','sit amet, co',72,1),(265,'occaecat cupidatat non proident, sunt in culpa qui officia deserunt molli','105','quis nostrud exercitation ullamco ','ea',-122,9),(266,'ut labore et dolore magna ','106','ali','Excepteu',67,7),(267,'sit amet, con','107','incididunt ut labore et dolore','nisi ut aliqu',-72,4),(268,'sint occaeca','108','ad minim veniam, quis nost','s',-85,2),(269,'non proident, sunt in culpa qu','109','cillum dolore eu fugi','est laboru',-89,13),(270,'amet, consectetur adipiscing elit, sed do eiusmod tempor incidid','110','mollit anim id est lab','deserunt mollit ani',-27,36),(271,'quis nostrud exercitation ullamco laboris nisi ut aliquip ex e','111','minim veniam, quis nostrud ex','Except',-63,12),(272,'cupidatat non proident,','112','ullamco laboris nisi ut ','incididu',16,17),(273,'sunt in c','113','dolor sit amet, consectetur ad','nisi ut aliquip ex',-16,12),(274,'in reprehenderit in voluptate velit esse ','114','l','Ut enim ad minim ',-46,10),(275,'exercitation ullamco laboris nisi u','115','cillum dolore eu fugiat nulla par','in reprehenderit',-83,12),(276,'ut labore et dolore magna aliqua. Ut enim ad minim veniam, quis nostrud exe','116','consectetur a','ut labore et d',124,24),(277,'consequat. Duis aute irure do','117','con','in culpa qui o',90,18),(278,'consequat.','118','Excepteur ','tempor incididun',22,18),(279,'dolor in reprehenderit in voluptate ','119','do eiusmod tempor incididunt ut labor','anim id est laborum.',57,23),(280,'nostrud exercitation ullamco laboris nisi ut aliquip ex','120','nulla pariatur. Exc','fugiat nulla paria',100,24),(281,'laboris nisi ut aliquip ex ea commodo consequat. Duis aute irure dolor','121','quis nostrud','elit, sed do e',95,15),(282,'in reprehenderit in voluptate velit esse cillum dolore eu fugiat nulla pariatu','122','quis','nulla pariatur. Exce',57,29),(283,'u','123','Ut enim ad minim veniam, quis nostrud ex','Ut enim ad minim',63,1),(284,'reprehenderit in voluptate velit esse cillum dolore ','124','consectet','Duis aute',13,2),(285,'sunt in culpa qui officia deserunt mollit anim id est labo','125','qui','ex ea commo',76,30),(286,'incididunt ut labore et dolore magna aliqua. Ut enim ad mini','126','enim ad minim veniam, quis nostrud exer','in reprehenderit in',-128,18),(287,'in reprehenderit in voluptate velit esse cillum dolore eu fugiat nulla ','127','elit, sed do eiusmod tem','i',49,28),(288,'veniam, quis nostrud exercitation ullamco laboris nisi','128','elit, sed do eiusmod te','irure dolor i',28,16),(289,'deserunt mollit anim id est laborum.Lorem ipsum dolor sit','129','in culpa qui officia deserunt','incididunt u',-25,30),(290,'cillum dolore eu fugiat nulla pariatur. Excepteur sint','130','sint occae','Duis aute iru',99,20),(291,'adipiscing','131','exercitation u','laborum',-70,28),(292,'exercitation ullamco laboris nisi ut aliquip ex ea commodo consequat. Duis a','132','ea commodo consequat. Duis aute irure ','veniam, quis nos',-75,7),(293,'enim ad minim veniam, quis nostrud exercitation ullamco laboris','133','Ut enim','labore et ',-120,27),(294,'aute ','134','elit, sed do eiusmod tempor ','cup',-103,31),(295,'quis nostrud exercitation ullamco laboris nisi ut aliquip ','135','dolor in reprehenderit','laboris nisi ut a',-31,2),(296,'aliqua. Ut enim ad minim venia','136','esse cillum dolore eu fugi','elit, sed d',-16,2),(297,'proident, sunt in culpa qui officia deserunt mollit anim id est','137','ex ea commodo consequat. Du','exercitati',97,4),(298,'veniam, quis nostrud exercitation ullamco laboris nisi ut aliquip ex ea commodo ','138','sunt in culpa qui officia de','veniam',-5,7),(299,'cillum dolore eu fugiat nulla pa','139','Ut enim ad mi','sed do eiusm',70,16),(300,'laboris nisi ut aliquip ex ea commodo consequat. Duis aute i','140','enim ad minim veniam, quis nostrud','Duis aute iru',-43,3),(301,'enim ad','141','enim ad minim veniam, quis nostrud ','dol',-58,2),(302,'enim ad minim venia','142','Duis aute irure dolor ','quis nostrud exerc',62,7),(303,'laboris nisi ut aliquip ex ea commodo consequat. Duis aute irur','143','magna aliqua. Ut enim ad mi','qui officia deser',123,15),(304,'Excepteur sint occaecat cupidatat non proident, sunt in culpa qui o','144','sint','ullamco',123,20),(305,'pariatur. Excep','145','reprehende','incididunt',7,29),(306,'reprehenderit in voluptate velit esse cill','146','eu fugiat nulla pariatur. Excepteur si','magna aliqua',38,14),(307,'sunt in culpa qui off','147','ullamco laboris nisi ut aliquip e','veniam, q',38,18),(308,'consectetur adipiscing elit, sed do eius','148','adi','elit, sed do eiusmo',-12,23),(309,'eu fugiat nulla pariatur. Excepteur sint oc','149','anim id ','magna aliqua. Ut',74,30),(310,'ullamco laboris nisi ','150','quis nostrud exercitation ul','in voluptate velit',12,34),(311,'amet, consectetur adipisc','151','in culpa qui offic','deserunt mollit',-93,18),(312,'minim veniam, quis nostrud exercitation ullamco laboris nisi ut aliquip ex e','152','anim id est laborum','culpa qui officia d',-15,10),(313,'esse cillum dolore eu f','153','ex ea commodo consequat. Duis aute i','et d',-69,34),(314,'qui officia deserunt mollit anim id est laborum.Lor','154','sint occaecat c','laboris nisi',-32,25),(315,'Duis aute irure dolor in reprehenderit in voluptate velit es','155','ullamco laboris nisi ut ali','nulla ',96,2),(316,'ullamco laboris nisi ut aliquip ex ea co','156','dolor sit amet, ','dolore magna',-70,42),(317,'ut labore et dolore magn','157','Duis aute irure dolor in ','com',-25,10),(318,'nisi ut aliquip ex ea com','158','officia dese','anim id est laborum',79,15),(319,'sit amet, ','159','magn','velit esse cillu',-108,34),(320,'laboris nisi ut aliquip ex ea co','160','elit, sed do eiusmod tempor incididu','non proide',72,4),(321,'in voluptate velit esse cillum dolore eu fugiat','161','consectetur adipisc','ut',92,30),(322,'ut labore et dolore magna','162','enim ad minim veniam, quis nostrud exer','in voluptate velit ',-36,16),(323,'minim veniam, quis nostrud exercitation ullamco laboris nisi ut aliquip ','163','tempor incididunt ut labore et dolore ','consectetur adipisc',-7,1),(324,'Excepteur sint occaecat cupidatat non proident, su','164','laborum.Lorem ipsum dolo','officia deserunt mol',96,11),(325,'sed do eiusmod tempor ','165','enim ad minim veniam, qui','non proident, su',-28,17),(326,'Excepteur sint occaecat cupidatat non proident, sunt in culpa ','166','in voluptate v','ma',-50,27),(327,'consectetur adipiscing elit, sed do e','167','aute irure dolor in ','sunt in culpa',-104,15),(328,'Ut en','168','quis nostrud exercitation ullamco labori','Duis a',-77,18),(329,'adipiscing elit, s','169','do eiusmod','exercitation ',65,25),(330,'reprehenderit in voluptate velit esse cillum dolore eu fugia','170','velit esse cillum dolore eu','dolor sit amet,',75,2),(331,'eu fugiat nulla pariatur. ','171','exercitation','Excepteur sin',-43,9),(332,'exercitation ullamco laboris','172','ea commodo consequat. Dui','et dolor',107,25),(333,'e','173','exercitation ullamco laboris nisi ','veniam, quis',-44,6),(334,'si','174','do eiusmod tempor incididunt ut labore e','ullamc',107,42),(335,'ut labore et dolore magna aliqua. Ut enim ad','175','consequat. Duis aute irure do','ut aliquip ex ',15,2),(336,'eiusmod tempor inci','176','ut labore et','d',57,20),(337,'laboris nisi ut aliquip ex ea commodo consequat. Duis aute irure dolor in r','177','sed do eiusm','aliqua. Ut',43,23),(338,'et dolore','178','sed do eiusmod tem','in voluptate vel',20,12),(339,'aliqua. Ut enim ad minim veniam, quis ','179','consequat. Duis aute irure dolor in repr','nisi ',-44,25),(340,'sit amet, consectetur adipiscing elit, sed do ','180','id est laborum.Lorem ipsum dolor s','deseru',-28,22),(341,'ullamco laboris nisi ut aliquip ex ea commodo conse','181','deseru','anim id est labor',92,2),(342,'elit, sed do eiusmo','182','est laborum.Lor','Duis aute',82,34),(343,'in voluptate velit esse cillum dolore eu fugiat nulla pariatur. E','183','exercitation ullamco labo','eli',-86,36),(344,'adipiscing elit, sed do eiusmod tempor incididunt ut labore et','184','quis nostrud exercitati','Ut enim ad ',113,5),(345,'laborum.Lorem ipsum dolor sit amet, consectetur adipi','185','ad minim veniam, q','eu',24,17),(347,'sit amet, cons','187','tempor incididunt ut ','sint occa',65,16),(348,'labore et dolore magna aliqua. Ut enim ad minim veniam, quis ','188','nisi ut a','cupidatat non p',98,29),(350,'s','190','pariatur. Excepteur sint occ','eu fugi',24,23),(351,'cillum dolore eu fugiat ','191','exercitation ullamc','velit esse cillum ',-92,7),(352,'sit amet, consectetur adipisci','192','fugiat nulla pariatur. Excepteur sint o','veniam, quis nost',-57,12),(353,'pariatur. Excepteur sint occaecat cupidat','193','nostrud exercita','eli',13,26),(354,'voluptate velit esse cillum dolore eu fugiat nulla pariatur. Excepteur sint ','194','te','consectetur adipi',-74,5),(355,'consectetur adipiscing elit, sed do eiusmod tempor incididunt ut labo','195','aliquip ex ea commodo','a',-64,16),(356,'adipiscing elit, sed do eiusmod tempor incididunt ut labore et dolore magna aliq','196','laborum.Lorem ipsum dolor si','aute irure ',-107,31),(357,'Excepteur sint occaecat cupidatat non proident, sunt in','197','exer','deser',-38,10),(358,'aliqua. Ut enim ad minim veniam, quis nostrud exercitatio','198','elit, sed do eiusmod tempor incidid','in volupt',19,13),(360,'mollit anim id est laborum.Lorem ipsum dol','200','sunt in culpa qui officia deserunt ','elit, sed d',-28,2),(361,'elit, sed do eiusmod tempor incididunt ut labore et','201','deserun','Excepteur',122,4),(362,'in reprehenderit in voluptate velit esse cillum','202','culpa qui officia','exercitati',88,16),(363,'qui officia deserunt mollit anim id est laborum.Lorem ipsum dolor sit amet,','203','qui officia deserunt molli','do eiusmod temp',123,14),(364,'eu fugiat nulla pariatur. Excepteur sint occaecat cupidatat no','204','el','elit, sed',37,2),(365,'ut labore et ','205','in voluptate velit esse cillum dol','adipiscing elit,',115,30),(366,'exercitatio','206','ullamco laboris nisi ut aliquip ex ea','in culpa qui o',120,1),(367,'laboris nisi ut aliq','207','sint occaecat cupidatat non proiden','reprehenderi',-36,9),(368,'pariatu','208','culpa qui officia deserunt mollit','cupidatat ',-112,23),(369,'Excepteur sin','209','dolore eu fugiat nu','aute irure dolor ',-83,10),(370,'fugiat nulla pariatur. Excepteur sint occaecat cupidatat non proident,','210','occaecat cupidatat non proid','sed do ei',-45,23),(403,'3','12341','3','3',1,1),(404,'3','351as','3','3',1,1);
/*!40000 ALTER TABLE `cliente` ENABLE KEYS */;
UNLOCK TABLES;

--
-- Table structure for table `funcionario`
--

DROP TABLE IF EXISTS `funcionario`;
/*!40101 SET @saved_cs_client     = @@character_set_client */;
/*!40101 SET character_set_client = utf8 */;
CREATE TABLE `funcionario` (
  `codigo` int(11) NOT NULL AUTO_INCREMENT,
  `nome` varchar(60) NOT NULL,
  `funcao` varchar(30) NOT NULL,
  `administrador` tinyint(1) DEFAULT NULL,
  `senhahash` varchar(1024) NOT NULL,
  `salt` varchar(64) NOT NULL,
  `usuario` varchar(20) NOT NULL,
  PRIMARY KEY (`codigo`),
  UNIQUE KEY `usuario2` (`usuario`),
  UNIQUE KEY `usuario` (`usuario`)
) ENGINE=InnoDB DEFAULT CHARSET=utf8mb4;
/*!40101 SET character_set_client = @saved_cs_client */;

--
-- Dumping data for table `funcionario`
--

LOCK TABLES `funcionario` WRITE;
/*!40000 ALTER TABLE `funcionario` DISABLE KEYS */;
/*!40000 ALTER TABLE `funcionario` ENABLE KEYS */;
UNLOCK TABLES;

--
-- Table structure for table `produto`
--

DROP TABLE IF EXISTS `produto`;
/*!40101 SET @saved_cs_client     = @@character_set_client */;
/*!40101 SET character_set_client = utf8 */;
CREATE TABLE `produto` (
  `codigo` int(11) NOT NULL AUTO_INCREMENT,
  `ativo` tinyint(1) DEFAULT NULL,
  `preco` decimal(10,3) NOT NULL,
  `quantidade` int(11) NOT NULL,
  `nome` varchar(100) NOT NULL,
  PRIMARY KEY (`codigo`)
) ENGINE=InnoDB AUTO_INCREMENT=1103 DEFAULT CHARSET=utf8mb4;
/*!40101 SET character_set_client = @saved_cs_client */;

--
-- Dumping data for table `produto`
--

LOCK TABLES `produto` WRITE;
/*!40000 ALTER TABLE `produto` DISABLE KEYS */;
INSERT INTO `produto` VALUES (1,-50,4489450.195,1,'ullamco '),(2,-86,8935831.882,2,'sunt in culpa qui officia deserunt mollit anim id est laborum.Lorem ipsum dolor sit ame'),(3,-63,5612287.407,3,'sint occaecat cupidatat '),(4,-27,1284252.739,4,'laborum.Lorem ipsum dolor sit amet, consectetur adipiscing elit, sed do ei'),(5,1,22222.000,5,'proident, sunt in culpa qui officia deserunt mollit anim id est'),(6,115,2446319.794,6,'dolor '),(7,97,7143028.155,7,'Excepteur sint occaecat cupidatat non proident, sunt in culpa qui officia deserunt molli'),(8,-101,928182.409,8,'nulla pariatur. Excepteur sint occaecat cupid'),(9,58,8218227.152,9,'veniam, quis nostrud exercitation ullamco laboris nisi ut aliquip e'),(10,0,5997469.176,10,'ex ea commodo conse'),(11,-57,8246643.704,11,'sunt in culpa qui officia deserunt mollit anim id est laborum.'),(12,65,1223540.958,12,'aliqua. Ut enim ad minim veniam, quis nostrud exercitation ullamco laboris '),(13,-83,6025631.211,13,'laboris nisi ut aliquip ex ea commodo '),(14,-48,1034681.560,14,'ullamco laboris nisi ut aliquip ex ea commodo consequat. Duis aute irure dolor in reprehende'),(15,-75,7203389.588,15,'consectetur a'),(16,-10,3593063.111,16,'mollit anim id est laborum.Lorem ipsum dolor sit amet, consectetur adipiscing elit, sed do eiusmo'),(17,116,5415379.701,17,'elit, sed do eiusmod tempor incididunt ut labore et dolore magna aliqua. Ut enim ad minim veniam, qu'),(18,76,9705458.492,18,'nisi ut aliquip ex ea commodo consequat. Duis aute irure dolor in'),(19,-105,6969529.262,19,'qui officia deserunt mollit anim id est '),(20,72,1461800.746,20,'anim id e'),(21,117,4646026.172,21,'nostr'),(22,55,2339724.646,22,'quis nostrud exercitation ullamco la'),(23,-85,6886855.417,23,'incididunt ut labore et dolore magna al'),(24,-34,6263867.000,24,'in voluptate velit esse cillum dolore '),(25,-79,6720800.804,25,'ut'),(26,125,6467650.598,26,'commodo consequat. Duis aute i'),(27,49,7647595.130,27,'ipsum dolor sit amet, consectetur adipisci'),(28,99,9322847.650,28,'fugia'),(29,49,3582282.737,29,'eiusmod tempor incididunt ut labore et dolore magna aliqua. Ut en'),(30,7,1394661.591,30,'deserun'),(31,-92,1280078.449,31,'consequat. Duis aute irure dolor in reprehenderit in voluptate velit esse cillu'),(32,49,6248083.140,32,'commodo consequat. Du'),(33,74,6828493.268,33,'ullamco laboris nisi ut aliquip ex ea commodo consequat. Duis aute irure dolor in re'),(34,-9,8375903.743,34,'nulla pariatur. Excepteur sint occaecat cupidatat non proident, sunt i'),(35,49,9443629.410,35,'aute irure dolor in reprehenderit in voluptate velit esse cillum dolore eu fugiat nulla pariatur'),(36,-90,7784561.533,36,'adip'),(37,18,3175950.329,37,'in culpa qui officia deserunt mollit anim id est laborum.Lorem ipsum dolor sit am'),(38,48,9192606.367,38,'anim id est laborum.Lorem ipsum dolor sit amet, consectetur adipiscing elit, sed do ei'),(39,42,3737815.240,39,'lab'),(40,-37,4935766.593,40,'ullamco laboris nisi ut aliquip ex ea commodo conse'),(41,76,9744708.669,41,'laborum.Lorem ipsum dolor sit amet, consectetur adipisci'),(42,41,6338851.466,42,'ve'),(43,-72,5425963.377,43,'do eiusmod tempor incididunt ut labore et dolore magna aliqua. Ut enim ad minim veniam,'),(44,34,289540.198,44,'deserunt mollit anim id est laborum.Lorem ipsum dolor'),(45,16,6892351.740,45,'sunt in culpa qui offi'),(46,88,581187.161,46,'non proident, sunt in culpa qui officia deserunt mollit anim id est laborum.Lorem ipsum dolor'),(47,67,3799349.737,47,'officia deserunt mollit a'),(48,79,302740.515,48,'ut labore et dolore magna aliqua. Ut enim ad minim veniam, quis nostrud exer'),(49,45,803982.207,49,'laboris nisi'),(50,-46,6950926.842,50,'ullamco laboris nisi ut aliquip ex ea commodo consequat. Duis aute irure dolor'),(51,64,189002.778,51,'ad minim veniam, quis nostrud exercitation ullamco laboris nisi ut aliquip ex ea com'),(52,3,671626.724,52,'Ut enim ad minim veniam, quis nostrud exercitation ullamco'),(53,-94,9597379.635,53,'eu fugiat nulla pariatur. Excepteur sint occaecat cupidatat non proident, sunt in culpa q'),(54,-61,7459408.314,54,'Excepteur sint occaecat cupidatat non proident, sunt in c'),(55,20,1657515.994,55,'quis nostrud exercitation ullamco la'),(56,3,4505114.410,56,'nostrud exercitation ullamco laboris nisi ut aliquip ex ea commodo co'),(57,-49,2289692.985,57,'incididunt ut labore et dolore magna aliqua. Ut enim ad minim venia'),(58,-48,8273090.797,58,'ex e'),(59,63,5933535.938,59,'magna aliqua. Ut enim ad minim veniam, quis nostrud exercitation ullamco laboris nisi ut'),(60,30,8844949.133,60,'esse cillum'),(61,98,775944.640,61,'consect'),(62,87,4625085.990,62,'ullamco laboris nisi ut aliquip ex ea commodo cons'),(63,-73,8915109.170,63,'ull'),(64,-55,2001774.545,64,'consequat. Duis aute irure dolor in reprehenderit '),(65,38,8890509.450,65,'incididunt ut labore et dolore magna'),(66,39,8343336.806,66,'nostrud exercitation ullamco laboris nisi ut aliquip ex ea commodo consequat. '),(67,-96,2762148.584,67,'nisi ut aliquip ex ea commodo consequat. Duis '),(68,76,2404124.840,68,'adipiscing elit, sed do eiusmod tempor in'),(69,41,6779893.364,69,'pariatur. Excepteur'),(70,-5,9107515.637,70,'nisi ut aliquip ex ea commodo consequat. Duis aute irure'),(71,40,6388888.615,71,'in voluptate velit esse cillum dolore eu fugiat nulla pariatur. Excepteur s'),(72,121,9237311.369,72,'occaecat cupidatat non proident, sunt in culpa qui officia deserunt mollit anim id est laborum.L'),(73,-70,2046406.717,73,'laboris nisi ut aliquip ex ea commodo consequat. Duis aut'),(74,-77,1065089.839,74,'incididunt ut labore et do'),(75,59,9189182.811,75,'ut labore et do'),(76,-109,8473678.477,76,'in culpa qui officia deserunt mollit anim id est laborum.Lo'),(77,36,4484242.350,77,'magna aliqua. Ut enim ad minim veniam, quis nostrud'),(78,74,4493859.615,78,'id est laborum.Lorem ipsum dolor sit amet, c'),(79,-46,1684238.903,79,'ut labore et dolore magna aliqua. Ut eni'),(80,-97,2200956.175,80,'non proident, sunt in culpa qui officia deserun'),(81,119,8497635.610,81,'laboris nisi ut aliquip ex e'),(82,-100,7139223.817,82,'deserunt mollit anim id est laborum.Lorem ipsum dolor sit amet, consectet'),(83,-49,5046331.795,83,'velit esse cillum dolore eu fugiat nulla pariatur. Excepteur sint occaecat cupidatat non proide'),(84,-83,9021720.600,84,'mollit anim id est laborum.Lorem ipsum'),(85,52,5459102.191,85,'irure dolor in reprehenderit in voluptate velit esse cillum dolore eu fugiat nulla par'),(86,-100,9619056.590,86,'eli'),(87,-82,2163990.290,87,'incididunt ut labore et dolore magna aliqua. Ut enim ad minim veniam, quis nostrud exercitation ull'),(88,-47,3147866.776,88,'adipiscing elit, sed do eiu'),(89,-105,8047341.731,89,'magna aliqua'),(90,56,2910469.750,90,'irure dolor in reprehenderit in voluptate velit esse cillum dolore eu fugiat nulla pariatur. E'),(91,62,1084115.545,91,'sed do eiusmod tempor incididunt ut labore et dolore magna a'),(92,-105,6417343.534,92,'dolor sit amet, consectetur adipiscing e'),(93,-70,4930648.881,93,'non proident, sunt in culpa qui officia deserunt mollit anim id e'),(94,95,6037897.802,94,'eu fugiat nulla pariatur. Excepteur sint occaecat cupidatat non proid'),(95,67,2772734.381,95,'ut labore et dolore magna aliqua. Ut enim ad minim veniam, quis nostrud exercitation ull'),(96,-50,2427261.576,96,'dolor in reprehenderit in voluptat'),(97,-41,8683286.920,97,'in culpa qui officia deserunt mollit anim id est laborum.Lorem ipsum'),(98,-99,7391602.403,98,'sit amet, consectetur adipiscing elit, sed '),(99,64,7626090.619,99,'incididunt ut labore et dolore magna aliqua. Ut e'),(100,-56,4263193.750,100,'fugiat nulla pariatur. Excepteur sint occaecat cupidatat non proident, sunt in culpa qui officia'),(101,1,123.200,123,'testeprodutoaaaa'),(102,1,123.200,123,'testeproduto'),(103,-30,3808238.225,1,'esse cillum dolore eu fugiat nulla pariatur. Excepteur sint occaecat cupidatat no'),(104,36,621815.188,2,'laboris nisi ut aliquip ex ea commo'),(105,118,477014.552,3,'occaecat cupidatat non proident, sunt in culpa qui officia deserunt mollit anim id est laborum.Lorem'),(106,-65,1099495.871,4,'eu fugiat nulla pariatur. Excepteur sint occaecat cupidatat non proident, su'),(107,75,6644494.200,5,'et dolore magna aliqua. Ut enim ad minim veniam, quis n'),(108,36,961463.256,6,'irure dolor in rep'),(109,60,7821311.900,7,'voluptate velit esse cillum d'),(110,127,9155963.879,8,'Excepteur sint occaecat cupidatat non proident, sunt in '),(111,-104,1358488.873,9,'tempor incididunt ut labore'),(112,58,6976998.546,10,'ad minim veniam, quis nostrud exercitation ullamco laboris nisi ut aliquip ex ea comm'),(113,28,6569106.160,11,'anim id est laborum.Lore'),(114,-20,26983.170,12,'minim veniam, quis nostrud exercitation ullamco laboris nisi ut aliquip ex ea commodo conse'),(115,38,1779285.142,13,'qui officia deserunt mollit anim id est laborum.Lorem ipsum dolor sit amet, c'),(116,5,2556018.706,14,'aute irure dolor in reprehenderit in voluptate velit esse cillum'),(117,22,9177782.186,15,'velit esse cillum dolore eu fugiat nulla pariatur. Excepteur sint occaecat cupida'),(118,-105,8343580.316,16,'aliqua. Ut enim ad minim veniam, quis nostrud exercitation ullamco laboris nisi ut aliqui'),(119,112,2247566.585,17,'non proident, sunt in culpa qui officia deser'),(120,-5,8619950.497,18,'veniam, quis nostrud exercitation ullamco laboris nisi ut aliqui'),(121,127,5825723.390,19,'ipsum dolor sit amet, consectetur adipiscing elit, s'),(122,-69,5237148.837,20,'nisi ut aliquip ex ea commodo consequat. Duis aute irure dolor in reprehenderit in voluptate veli'),(123,119,6492181.896,21,'sit amet, consectetur adipiscing elit, sed do eiusmod tempor incididunt'),(124,70,4707129.788,22,'Duis '),(125,-102,4069068.372,23,'ea commodo consequat. Duis aute irure dolor in reprehenderit in voluptate ve'),(126,-7,7725417.540,24,'incididunt ut la'),(127,-127,9945162.488,25,'dolor in reprehenderit in voluptate velit esse cillum dolore eu fugi'),(128,29,5428233.298,26,'Duis aute irure dolor in reprehenderit in voluptate velit ess'),(129,-85,6023873.327,27,'exercitation ullamco labori'),(130,-61,416768.288,28,'non proident, sunt in culpa '),(131,19,6342148.174,29,'cupidatat non proident, sunt in culpa qui officia deserunt mollit anim id est laborum.Lorem ipsu'),(132,36,6344086.668,30,'ullamco laboris nisi ut aliquip ex ea commodo consequat. Duis aute ir'),(133,110,9932915.110,31,'non proident, sunt '),(134,23,7326438.389,32,'amet, consectetur adipiscing elit, sed do eiusmod tempor incididunt '),(135,105,1076811.847,33,'nulla pariatur. Excepteur sint occaecat cupi'),(136,49,7206363.946,34,'aliqua. Ut enim ad minim veniam, quis nostrud exercitation ullamco laboris ni'),(137,111,5453428.462,35,'consequat. Duis aute irure dolor in reprehenderit in voluptate velit ess'),(138,103,754940.810,36,'ipsum dolor sit amet, consectetur adipis'),(139,-45,9641970.306,37,'amet, cons'),(140,-30,6169527.760,38,'ut labore et dolore magna aliqua. Ut enim ad minim ve'),(141,119,8531130.328,39,'magn'),(142,29,6145356.498,40,'magna aliqua. Ut enim ad minim veniam, quis nostrud exercitation ullamco la'),(143,-9,739389.669,41,'esse cillum dolore eu fugiat nulla pariatur. Excepteur sint occae'),(144,-88,3333909.409,42,'incididunt ut labore et dolore magna aliqua. Ut enim ad minim veniam, quis n'),(145,68,4309126.435,43,'anim '),(146,16,8965353.238,44,'adipiscing elit, sed do eiusmod tempor incididunt ut labore et dolore magna aliqua.'),(147,4,6260972.335,45,'ut labore et dolore magna aliqua. Ut enim ad minim veniam, quis '),(148,10,9340771.280,46,'laboris nisi ut aliquip ex ea commodo consequat. Duis aut'),(149,98,3253252.416,47,'culpa qui officia deserunt mollit anim id est laborum.Lorem ipsum dolor'),(150,-77,7274322.702,48,'non proident, sunt in culpa qui officia deserunt mollit anim id est '),(151,102,7666352.745,49,'adipiscing elit, sed do eiusmod tempor incididunt ut labore et d'),(152,-12,7454414.943,50,'ullamco laboris nisi ut aliquip ex ea commodo consequat. Duis aute iru'),(153,-83,3247619.518,51,'u'),(154,-55,2526685.875,52,'cillum dolore eu fugiat nulla pariatur. Excepteur sint occaecat cupidatat non proident, su'),(155,107,3479489.609,53,'sint occaecat cupidatat non proident, sunt in culpa qui '),(156,63,96983.650,54,'nulla pariatur. Excepteur sint occaecat cupidatat '),(157,39,6608785.525,55,'dolor in reprehenderit in voluptate velit esse cillum dolore eu fugiat nul'),(158,71,89235.113,56,'aute irure dolor in reprehenderit in voluptate velit esse cillum dolore eu fugiat nulla pa'),(159,-24,1217522.224,57,'nulla pariatur. Excepteur sint'),(160,67,1830090.542,58,'quis nostrud exe'),(161,-34,7161010.572,59,'Duis aute irure dolor in reprehenderit in voluptate velit esse cillum dolore eu fugiat nu'),(162,-37,9141547.969,60,'nulla pariatur. Excepteur sint occaeca'),(163,-38,9409909.587,61,'anim id est laborum.Lorem ipsum dolor sit ame'),(164,-8,5704169.736,62,'amet, consectetur adipiscing elit, sed do eiusmo'),(165,-103,6179179.819,63,'adipiscing elit, sed do eiusmod tempor incididunt ut labore et dolore magna aliqua. Ut enim ad mini'),(166,31,1281626.441,64,'amet, consectetur adipiscing elit, sed do eiusmod tempor incididunt ut lab'),(167,49,9170161.651,65,'qui officia de'),(168,24,3340729.232,66,'Ut enim ad minim veniam, quis nostrud exercitation ullamco laboris nisi ut aliquip ex e'),(169,-65,3204666.289,67,'Excepteur sint occaecat cupidatat non proident, sunt in culpa qui off'),(170,55,5939786.495,68,'incididunt '),(171,-56,7594826.580,69,'Ut en'),(172,-7,7412281.840,70,'velit esse cillum dolore eu '),(173,-40,5630822.856,71,'quis nostrud exercitation ullamco laboris nisi ut aliquip ex ea commodo c'),(174,-28,4247164.310,72,'do eiusmod tempor incididunt ut labore et dolore magna aliqua. Ut enim ad mi'),(175,6,6977520.302,73,'consequat. Duis aute irure dolor in reprehe'),(176,-44,8896294.530,74,'culpa qui officia d'),(177,65,290915.286,75,'est laborum.Lorem ipsum dolo'),(178,-110,7414866.838,76,'sit amet, consectetur'),(179,-114,9176048.793,77,'sint occaecat cupidatat non proident, sunt in culpa qui officia deserunt mollit anim id'),(180,-112,7878476.507,78,'borum.Lorem ipsum dolor sit am'),(181,-47,7907873.389,79,'adipiscing elit, sed do eiusmod tempor incididunt ut labore et dolore magna aliqua. Ut eni'),(182,-56,27530.741,80,'in reprehenderit i'),(183,-49,5538037.663,81,'irure dolor in reprehenderit in voluptate velit esse cillum dolore eu fugiat nulla pariatur. Excep'),(184,91,2261210.998,82,'anim id est laborum.Lorem ipsum dolor sit amet, cons'),(185,119,2621565.542,83,'ea commodo consequat. Duis aute iru'),(186,-108,7482420.232,84,'sunt in culpa qui officia deserunt mollit anim id est laborum.Lorem ipsum dolor sit am'),(187,25,1498884.650,85,'voluptate velit esse '),(188,-60,1707823.330,86,'sunt in culpa qui officia deserunt mollit anim id est la'),(189,84,428847.867,87,'sed do eiusmod tem'),(190,117,2621495.990,88,'ullamco laboris nisi ut aliquip ex ea commodo consequat. Duis aute '),(191,-71,5582774.230,89,'veniam, quis nostru'),(192,2,6954310.357,90,'esse cillum dolore eu fugiat nulla p'),(193,-104,2381000.965,91,'adipiscing elit, sed do eiusmod tempor incidi'),(194,-36,2387955.580,92,'sunt in culpa qui off'),(195,103,4174376.530,93,'adipiscing elit, sed do eiusmod tempor incidid'),(196,91,6397553.881,94,'Ut enim ad minim veniam, quis nostrud exercitation ullamco laboris nisi ut aliquip ex ea commodo'),(197,-90,7003453.755,95,'in culpa qui officia deserunt mollit anim id est laborum.Lorem ipsum'),(198,-46,7037711.283,96,'eu fugiat nulla pariatur. Excepteur sint occaecat cupidatat non proident, sunt in culpa '),(199,51,2540649.291,97,'sunt in culpa qui officia deserunt mollit anim id est laborum.Lorem ipsum dolor'),(200,122,991988.176,98,'incididunt ut labore et dolore magna aliqua. Ut enim '),(201,53,6447966.492,99,'eiusmod tempor incididunt ut labore et dolore magna aliqua. Ut enim ad minim veniam, quis nostrud'),(202,-51,3466110.165,100,'anim id est laborum.Lorem ips'),(203,12,5467801.555,101,'occaecat cupidatat non proident, sunt in culpa qui officia d'),(204,-58,5043157.455,102,'sint occaecat cupidatat non proident, sunt in culpa qui officia deserunt mollit anim id est '),(205,-59,8266244.457,103,'commodo consequat. Duis aute irure dolor in reprehender'),(206,96,9955842.225,104,'ut labore et dolore magna aliqua. Ut enim ad minim veniam, q'),(207,-45,6180485.522,105,'id est laborum.Lorem ipsum dolor sit amet, conse'),(208,-74,8783078.637,106,'laboris nisi ut aliquip ex ea commodo consequat. Duis aute '),(209,50,8907951.100,107,'veniam, quis nostrud exercitation ullamco laboris nisi ut aliquip ex ea comm'),(210,13,1966717.845,108,'deserunt mollit anim id est laborum.Lorem ipsum dolor sit amet, consectetur adipiscing eli'),(211,20,3415007.291,109,'deserunt mollit anim id est laborum.Lorem ipsum dolor sit amet, consectetur adipiscing elit,'),(212,-116,9674467.692,110,'esse cillum dolore eu fugiat nulla pariatur. Exc'),(213,-106,1691236.141,111,'m.Lorem ipsum dolor sit amet, consectetur adipiscing elit,'),(214,103,294329.666,112,'adipiscing elit, sed do eiusmod tempor incididunt ut labore et dolo'),(215,-15,4455836.925,113,'sint occ'),(216,10,3462504.347,114,'anim id est laborum.Lorem ipsum dolor sit a'),(217,-126,5259413.411,115,'ipsum dolor sit amet, consectetur adipiscing elit, sed do eiusmod tempor incididunt ut '),(218,-112,2313342.892,116,'in voluptate velit es'),(219,38,7288842.614,117,'Excepteur sint occaecat cupidatat non proident, sunt in culpa qui officia deserunt mollit ani'),(220,-94,5037065.946,118,'deserunt mollit anim id est laborum.Lorem ipsum dolor sit amet, consectetur adipiscing elit, s'),(221,65,3706715.135,119,'est laborum.Lorem ipsum'),(222,24,352198.186,120,'officia deserunt mollit anim id est laborum.Lorem ipsum dolor sit amet, consectetur adipis'),(223,-17,792998.693,121,'quis nostrud exercitation ullamco laboris nisi ut aliquip ex ea commodo consequat. Duis aute'),(224,7,9366778.597,122,'pariatur. Excepteur sint occaecat cupidatat non proident, sunt in culpa '),(225,9,5505941.250,123,'aliquip ex ea commodo consequat. Duis aute iru'),(226,20,5247852.860,124,'qui officia deserunt mol'),(227,-84,5946109.439,125,'nulla pariatur. Excepteur sint occaecat cupidatat non proident, sunt in culpa qui offi'),(228,-91,7019170.578,126,'ut l'),(229,64,72041.752,127,'elit, sed do eiusmod tempor i'),(230,17,7498968.209,128,'consequat. Duis aute irure dolor in '),(231,-111,8564599.496,129,'dolor sit amet, consectetur adipiscing elit, sed do ei'),(232,107,9207913.883,130,'Ut enim ad minim veniam, '),(233,-2,1812741.495,131,'in voluptate '),(234,60,8339947.643,132,'adipiscing elit, sed do eiusmod tempor incididunt ut labore et dolore magna a'),(235,49,181233.905,133,'non proident, sunt in culpa qui officia deserunt mollit anim i'),(236,81,7746390.103,134,'ad minim veniam, '),(237,-34,6508326.472,135,'deserunt mollit anim id est laborum.Lorem ipsum dolor sit am'),(238,93,1630868.622,136,'esse cillum dolore eu f'),(239,6,5680557.185,137,'sed do eiusmod tempor incididunt ut labore et dolore magna aliqua. Ut enim ad min'),(240,-82,3793348.860,138,'sunt in culpa qui officia deserunt mollit anim id est laborum.Lorem ipsum dolor'),(241,22,2079698.904,139,'Excepteur sint occaecat cu'),(242,58,8303498.572,140,'labori'),(243,46,6495989.531,141,'nulla pariatur. Excepteur sint occaecat cupidatat non proident, sunt in culpa q'),(244,21,626518.365,142,'veniam, qui'),(245,-93,9592462.268,143,'in voluptate velit esse cillum dolore eu fugiat nulla pariatur. Excepteur sint occaeca'),(246,-88,4793208.200,144,'sit amet, consectetur adipiscing elit, sed do eiusmod tempor incididunt ut labore et dolore ma'),(247,75,6105224.000,145,'in reprehenderit in voluptate velit esse c'),(248,23,3868004.252,146,'reprehenderit in voluptate velit esse cillum dolore eu fugiat nulla pariatur. Excepteu'),(249,87,3644559.326,147,'cupidatat non proident, sunt in culpa qui officia deserunt m'),(250,69,7461915.465,148,'ipsum dolor sit'),(251,1,9665353.601,149,'qui officia deserunt mollit anim id est laborum.Lorem ipsum dolor sit ame'),(252,98,3323791.597,150,'ullam'),(253,-40,8129006.640,151,'Excepteur sint occaecat cupidatat non proident, sunt in culpa qui '),(254,-77,6487867.721,152,'cillum dolore eu fugiat nulla pariatur. Excepteur sint occaecat cupidatat non proident, sunt in culp'),(255,33,3673906.430,153,'anim id est laborum.Lorem ipsum d'),(256,89,3820593.550,154,'esse cillum dolore eu fugiat nulla pariatur. Excepteur sint occaecat cupidatat non proident, '),(257,26,1378640.678,155,'enim ad minim veniam, quis nostrud exercitation ullamco laboris nisi ut aliquip ex ea'),(258,84,5542646.120,156,'quis nostrud exercitation ullamco laboris nisi ut ali'),(259,-54,1137759.844,157,'in voluptate velit esse cillum dolore eu fugi'),(260,-121,4776818.408,158,'cupidatat non proident, sunt in culpa'),(261,-73,7607077.459,159,'Excepteur sint occaecat cupidatat non proident, sunt in culpa '),(262,36,1241540.473,160,'Ut enim ad minim veniam, quis nostrud exercitat'),(263,29,6833974.803,161,'veniam, quis nostrud exercitation ullamco laboris ni'),(264,50,5599810.610,162,'sit amet, consectetur adipiscing elit, sed do eiusmod'),(265,-58,1673768.494,163,'Duis aute irure dolor in reprehenderit in voluptate velit esse cillum d'),(266,71,7756338.413,164,'esse cillum dolore eu fugiat nulla pariatur. Excepteur sint occaecat cupidatat non proident'),(267,41,9653723.795,165,'commodo consequat. Duis aute irure dolor in reprehenderit in voluptate velit esse c'),(268,-4,3946628.370,166,'et'),(269,68,4929432.170,167,'ut aliquip ex ea commodo consequat. Duis aute irure dolor in reprehenderit in vol'),(270,-36,4004504.333,168,'sint occaecat cupidatat non proident, sun'),(271,126,875180.765,169,'quis nostrud exercitation ullamco laboris nisi ut aliquip ex ea commodo consequat. Duis aute irur'),(272,-40,8227094.490,170,'aute irure dolor in reprehenderit in voluptate velit esse cillum dolore eu fugiat nulla pariatur. Ex'),(273,59,8243006.563,171,'anim id est laborum.Lorem ipsum dolor sit amet, consec'),(274,14,829026.126,172,'sed do eiusmod tempor incididunt ut labore et dolore magna aliqua. Ut enim ad min'),(275,27,9500014.235,173,'velit esse cillum dolore eu fugiat nulla pariatur'),(276,-54,2991083.980,174,'cupidat'),(277,108,7368502.180,175,'deserunt mollit anim id est laboru'),(278,30,3881288.462,176,'in voluptate vel'),(279,-71,6840784.888,177,'Duis aute irure dolor in reprehenderit in voluptate velit esse cillum dolore eu'),(280,28,3771099.117,178,'exercitation ullamco labori'),(281,-81,7269039.201,179,'pariatur. Excepteur sint occaecat cupidatat non proident, sunt in culpa qui officia deserunt mo'),(282,96,306163.924,180,'nulla paria'),(283,46,537244.632,181,'veniam, quis nostrud'),(284,-26,6009134.354,182,'dolore eu fugiat nulla pariatur. Excepteur sint occaecat cupidatat non proident, sunt in '),(285,31,8659245.315,183,'ex ea commodo consequat. Duis aute irure dolor in repr'),(286,-126,7563825.514,184,'velit esse cillum dolore eu fugiat nulla pariatur. Excepteur sint occaecat cupidatat non proident'),(287,-7,3625514.920,185,'qui officia deserunt moll'),(288,61,4565087.527,186,'deserunt m'),(289,-2,8232918.168,187,'eiusmod tempor incididunt ut labore et dolore magna aliqua. Ut enim a'),(290,20,5035152.371,188,'Duis aute irure dolor in reprehenderit in voluptate velit esse cillum dolore eu f'),(291,24,2546976.662,189,'orum.Lorem ipsum dolor sit amet, consectetur adipiscing elit,'),(292,-39,6383187.550,190,'anim id est laborum.Lorem ipsum dolor sit amet, consectetur adipiscing elit, sed do eiusmod tem'),(293,125,6281239.267,191,'sunt in culpa qui officia deserunt mollit anim id est laborum.Lorem ipsum dolor sit amet, con'),(294,-35,644236.480,192,'dolore magna'),(295,-20,1768390.480,193,'quis nostrud exercitation ullamco laboris nisi ut aliquip ex ea commodo consequat. Duis a'),(296,1,8801942.592,194,'id est laborum.Lorem'),(297,-30,2742195.934,195,'minim veniam, quis nost'),(298,-96,8258452.817,196,'elit, sed do eiusmod tempor incididunt ut labore et dolor'),(299,-109,4540105.637,197,'q'),(300,-75,1070100.961,198,'pariatur. Excepteur sint occaecat cupidatat non proident, sunt in culpa '),(301,-127,7312521.659,199,'Ut enim ad minim '),(302,87,7728600.743,200,'non proident, sunt in culpa qui officia deserunt mollit anim id est labo'),(303,-66,4137812.435,201,'velit esse cillum dolore eu f'),(304,-62,2432512.262,202,'ut aliquip ex ea commodo consequat. Duis aute irure dolor in reprehenderit in voluptate ve'),(305,-59,6851316.144,203,'aute irure dolor in reprehenderit in voluptate velit esse cillum dolore eu fugiat nulla pariatur. E'),(306,-68,9212217.130,204,'sit amet, consectetur adipiscing elit, sed do eius'),(307,35,7451535.000,205,'eu fugiat nulla pariatur. Exce'),(308,-60,8951110.690,206,'esse cillum dolore eu fugiat nulla pariatur. Excepteur sint occ'),(309,-93,5755263.790,207,'reprehenderit in voluptate velit esse cillum dolore eu fugiat nulla pariatur. Excepteur sint occaeca'),(310,11,954653.371,208,'incididunt ut labore et dolore magna aliqua. Ut enim ad minim veniam, quis nostru'),(311,-109,83360.695,209,'orum.Lorem ipsum dolor sit amet,'),(312,-55,4521541.445,210,'dolore m'),(313,-81,2728440.518,211,'non proident, sunt in culpa qui officia deserunt mollit anim id '),(314,73,4525822.592,212,'sunt in culpa qui officia deserunt mollit anim id est lab'),(315,97,6116808.972,213,'Ut enim ad minim veniam, quis nostrud exercitation ullamco laboris n'),(316,-4,2548228.575,214,'velit esse cillum dolore eu fugiat nulla pariatur. Excepteur sint occaecat cupidatat non proident'),(317,90,1938446.856,215,'laborum.Lorem ipsum dolor si'),(318,52,1135546.311,216,'sed do eiusmod tempor incididunt ut labore et dolore magna aliqua. Ut enim ad mi'),(319,46,5693125.775,217,'ullamco laboris nisi ut aliquip ex ea commodo consequat. '),(320,-42,881411.708,218,'Duis aute irure dolor in reprehenderit in voluptate velit esse cillum do'),(321,116,3071714.261,219,'nulla pariatur. Excepteur sint occaecat cup'),(322,112,5055505.901,220,'exercitation ullamco laboris nisi ut aliquip ex ea commodo consequat. Duis aute irure dolor in repr'),(323,-100,3584613.983,221,'dolor in'),(324,-38,8049451.498,222,'ipsum dol'),(325,82,4495272.718,223,'aliqua. Ut enim ad minim veniam, quis '),(326,52,6308387.952,224,'consequat. D'),(327,61,3547414.144,225,'cillum dolore eu fugiat nulla pari'),(328,-12,6907494.700,226,'ullamco laboris nisi ut aliquip ex ea commodo consequat. Duis aute iru'),(329,11,6414354.132,227,'Duis aute irure dolor in reprehenderit in'),(330,-68,1060768.972,228,'a'),(331,-75,7664742.597,229,'est laborum.Lorem ipsum dolor sit amet, c'),(332,82,7657352.493,230,'irure dolor in reprehenderit in voluptate velit esse cillum dolore eu f'),(333,27,7493133.636,231,'in reprehenderit in voluptate velit esse cillum dolore eu fugiat nulla pariatur. Excepteur sin'),(334,11,8960476.630,232,'ex ea commodo consequat. Duis a'),(335,116,799052.215,233,'exercitation ullamco laboris nisi ut aliquip '),(336,92,5079867.654,234,'qui officia deserunt mollit '),(337,-64,3381679.821,235,'sed do eiusmod tempor incididunt ut labore et dolore m'),(338,96,6845042.302,236,'amet, consectetur adipiscing elit, sed do eiusmod tempor '),(339,-128,6144312.398,237,'dolor sit amet,'),(340,72,785412.353,238,'ex ea commo'),(341,40,9561543.166,239,'nis'),(342,45,5637739.751,240,'Excepteur sint occaecat '),(343,-9,4537526.661,241,'deserunt moll'),(344,-97,5574708.688,242,'exercitation ullamco labo'),(345,-84,3074620.104,243,'sit amet, '),(346,71,5132549.860,244,'tempor incididunt u'),(347,-38,3325751.576,245,'m.Lorem ipsum dolor sit amet, consecte'),(348,-81,6573723.490,246,'sint occaecat cupidatat non proident, sunt in culpa qui officia deserunt mollit anim id est la'),(349,-114,8318499.466,247,'Excepteur sint occae'),(350,-119,1009056.448,248,'mollit anim id est laborum.Lorem ipsum dolor s'),(351,-39,8208625.766,249,'nulla pariatur. Exce'),(352,-104,9844676.769,250,'Excepteur sint '),(353,-121,5053021.356,251,'in reprehenderit in voluptate velit esse cillum dolore eu fugiat nulla pariatur. Excepteur '),(354,38,1541138.953,252,'aliqua. Ut enim ad minim veniam, quis nostrud exercitation ullamco laboris nisi ut aliquip e'),(355,23,6448255.867,253,'sunt in culpa qui officia deserunt mollit anim id est laborum.Lorem ipsum'),(356,-105,9580423.914,254,'in culpa qui officia deserunt mo'),(357,-35,2038332.878,255,'Duis aute irure dolor in reprehenderit in voluptate velit esse cillum dolore eu fugi'),(358,31,2766775.610,256,'magna aliqua. Ut enim ad minim veniam, quis nostrud ex'),(359,-46,2363196.563,257,'occaecat cupidatat non proident, s'),(360,86,6881115.591,258,'elit, sed do eiusmod tempor incididunt ut labore et dolore magna aliqua. Ut enim ad mini'),(361,-36,5878390.570,259,'quis nostrud exercitation ullamco laboris nisi ut aliquip ex ea commodo consequat. Duis aute iru'),(362,15,536317.165,260,'tempor incididunt ut labore et dolore magna'),(363,-70,6150123.996,261,'ut aliquip ex ea commodo consequat. Duis aute irure dolor in reprehenderit in voluptat'),(364,-111,3327533.870,262,'et dolore magna aliqua. Ut enim ad minim veniam, quis nostrud exercitation ullamco'),(365,20,1334177.498,263,'commodo consequat. Duis aute irure dolor in repr'),(366,26,3987861.228,264,'nulla pariat'),(367,-116,7198099.687,265,'Duis aute irure dolor in reprehenderit in voluptate velit esse cillum dolore eu fugiat nulla par'),(368,49,161920.710,266,'do eiusmod tempor incididunt ut labore et dolore magna aliqua. Ut enim ad minim veniam, quis no'),(369,-87,9849586.820,267,'sit amet, c'),(370,121,6214533.401,268,'sint occaecat cupidatat non proident, sunt in culpa '),(371,125,412585.841,269,'nisi ut aliquip ex ea commodo consequat. Duis aute irure dolor in reprehenderit'),(372,-23,2639606.313,270,'in culpa qui officia deserunt mollit anim id est laborum.Lorem i'),(373,70,6645767.561,271,'enim ad minim veniam, quis nostrud exercitat'),(374,-87,5761792.937,272,'irure dolor in reprehenderit in volupt'),(375,90,3229368.123,273,'dolore eu fugiat nulla pariatur. Excepteur sint occaecat cupidatat non proident, sunt in culpa qu'),(376,-41,17419.501,274,'ullamco laboris nisi ut aliquip ex ea commodo consequat. Duis a'),(377,-117,1426248.312,275,'reprehenderit in voluptate velit esse cillum dolore eu fugiat null'),(378,73,4164199.146,276,'non proident, sunt in culpa qui'),(379,-36,6396447.243,277,'commodo consequat. Duis aute irure dolor in reprehenderit in voluptate velit esse'),(380,98,5410862.482,278,'adipiscing elit, sed do eiusmod tempor incididunt ut labore et dolo'),(381,-28,2528360.697,279,'cupidatat non proident, sunt in culpa qui officia deserunt mollit '),(382,-124,5010411.179,280,'proident, sunt in culpa qui officia deserunt molli'),(383,55,2092.392,281,'aliqua. Ut enim ad minim veniam, quis nostrud exercitation ullamco labo'),(384,71,1312664.777,282,'ullamco laboris nisi ut aliquip ex ea commodo consequat. Duis aute irure d'),(385,101,1883617.722,283,'aliqua. U'),(386,-4,4490823.390,284,'adipiscing elit, sed do eiusmod tempor incididunt ut lab'),(387,104,9241046.644,285,'enim ad minim veniam, qui'),(388,-101,7571268.788,286,'aute irure dolor in reprehenderit in voluptate velit esse cillum dolore eu fugiat nulla pariatur'),(389,-36,7131138.185,287,'dolor sit amet, consect'),(390,122,481613.774,288,'aliqua. Ut enim ad minim ven'),(391,91,993405.158,289,'enim ad minim veniam, quis nostrud exercitatio'),(392,7,9948016.394,290,'laboris nisi ut aliquip ex ea commodo consequat. Duis aute irure dolor'),(393,-40,4978703.350,291,'Excepteur sint occaecat cupidatat non proident, sunt '),(394,74,867989.249,292,'magna aliqua. Ut enim ad minim veniam, quis nostrud exercitation ullamco labo'),(395,-28,1240774.599,293,'est laborum.Lorem ipsum dolor'),(396,-116,1594259.744,294,'Ut enim ad minim veniam, quis nostrud exercit'),(397,-3,4833541.285,295,'velit esse cillum dolore eu fugiat nulla pariatur. Excepteur sint occaecat cupidatat non'),(398,-87,3892892.694,296,'ut labore et dolore magna aliqua. Ut enim ad minim veniam, quis nostrud exercitation'),(399,18,5804515.773,297,'laboris nis'),(400,-36,3720920.878,298,'Ut enim ad minim veniam, quis nostrud exercitation ullamco labo'),(401,-103,5831612.887,299,'cupidatat non pro'),(402,-72,6188853.400,300,'ipsum dolor sit amet, consectetur adipiscing elit, sed d'),(403,117,8847570.690,301,'ex ea commodo consequat. Duis aute irure dolor in reprehenderit in voluptat'),(404,-23,8898602.713,302,'esse cillum dolore eu fugiat nulla pariatur. Excepteur sin'),(405,-10,1775559.452,303,'consequat. Duis aute irure dolor in reprehenderit in voluptate'),(406,30,3132385.600,304,'irure dolor in reprehenderit in voluptate velit esse cillum'),(407,-39,8364575.921,305,'mollit anim id est laborum.Lorem'),(408,-67,3570316.873,306,'exercitation ullamco laboris nisi ut aliquip ex ea commodo consequ'),(409,-71,3837143.117,307,'sint occaecat cupidatat non '),(410,111,2043166.588,308,'Duis aute irure dolor in reprehenderit in voluptate velit esse cillum dolore eu fugiat nu'),(411,5,8668511.405,309,'minim veniam, quis nostrud exercitation ullamco laboris nisi ut aliquip ex '),(412,-127,9944115.803,310,'labore et dolore magna aliqua. Ut enim ad minim veniam, quis nost'),(413,19,7973073.882,311,'anim id est laborum.Lorem ipsum dolor sit'),(414,115,294222.177,312,'mollit anim id est laborum.Lorem ipsum dolor sit amet, consectetur adipis'),(415,-24,2183718.251,313,'officia deserunt mollit anim id est laborum.Lorem ipsum dolor sit amet, co'),(416,-123,141104.846,314,'elit, sed '),(417,78,4220615.811,315,'ut labore et'),(418,-60,6832773.746,316,'no'),(419,-123,7035845.211,317,'ex ea c'),(420,29,2705786.731,318,'quis nostrud exercitation ullamco laboris ni'),(421,33,5851929.270,319,'consequat. Duis aute irure dolor in reprehenderit in voluptate velit esse cillum dolore eu fu'),(422,-91,9131601.496,320,'sunt in culpa qui officia deserunt mollit anim id est labor'),(423,43,694476.691,321,'non proident, sunt in culpa qui officia deserunt mollit anim id est laborum.Lorem'),(424,-79,7959629.178,322,'velit esse cillum dolore eu fugia'),(425,38,3838200.295,323,'consectetur adipiscing elit, sed do eiusmod tempor incididunt ut labore'),(426,-93,5863902.519,324,'dolore eu fugiat nulla pariatur. Excepteur sint o'),(427,30,822493.270,325,'labore et dolore magna aliqua. Ut enim ad minim veniam, quis nostr'),(428,127,533033.554,326,'exercitation ullamco laboris nisi ut aliquip ex ea com'),(429,-63,3364503.985,327,'elit, sed do eiusmod tempor incididunt ut labore et dolore magna aliqua. Ut enim ad minim veni'),(430,41,4255180.521,328,'ullamco laboris nisi ut aliquip ex ea commo'),(431,86,2410305.840,329,'deserunt mollit anim id est laborum.Lorem ipsum dolor'),(432,5,5302154.368,330,'commodo consequat. Duis aute irure dolor in reprehender'),(433,-97,4995877.801,331,'sit amet, consectetur adipiscing elit, sed do'),(434,100,6217433.850,332,'aliquip ex ea commodo consequat.'),(435,24,9959257.121,333,'ut labore et do'),(436,82,4160673.587,334,'pariatur.'),(437,95,370101.965,335,'laboris nisi ut aliquip ex ea commodo consequat. Duis aute irure dolor in repre'),(438,77,8085994.555,336,'incididunt ut labore et dolore magna aliqua. Ut enim a'),(439,49,7006845.750,337,'dolor in reprehender'),(440,103,2066806.673,338,'proid'),(441,50,6422443.616,339,'ea commodo consequat. Duis aute irure dolor in reprehenderit in voluptate velit esse ci'),(442,-114,9598774.985,340,'aute irure dolor in reprehenderit in voluptate velit esse cillum dolore eu fugi'),(443,-110,4580677.390,341,'magna aliqua. Ut enim ad'),(444,89,9835384.811,342,'elit, sed do eiusmod tempor incididunt ut labore et dolore magna aliqua. Ut enim ad mini'),(445,-64,9665588.675,343,'velit'),(446,-101,1191256.718,344,'ullamco laboris nis'),(447,-8,9496043.734,345,'sunt in culpa qui officia de'),(448,-94,625497.730,346,'in'),(449,-45,3080831.345,347,'irure dolor in reprehenderit in voluptate velit esse cillum dolore e'),(450,-53,7706812.395,348,'cupidatat non proident, sunt in culpa qui officia deserunt '),(451,-58,1884682.845,349,'adipiscing elit, sed'),(452,-55,6156251.501,350,'nisi ut aliquip ex ea commodo consequat. Duis aute ir'),(453,-38,8945251.254,351,'magna aliqua. Ut enim ad minim veniam, quis nostrud exercitation ullamco laboris nisi ut aliquip'),(454,33,7188029.641,352,'dolore eu fugiat nulla pariatur. Excepteur sint oc'),(455,84,5415176.647,353,'Duis aute iru'),(456,7,5735835.969,354,'ipsum dolor sit amet, consectetur adipiscing elit, sed do eiusmod tempor incididunt ut labore'),(457,24,6238363.230,355,'ipsum dolor sit amet, c'),(458,-34,6936832.576,356,'proiden'),(459,93,9636879.523,357,'ut labore et dolore magna'),(460,-108,6300221.650,358,'in voluptate velit esse cillum dolore eu fugiat nulla pariatur. Excepteur sint occaecat cup'),(461,83,7048966.677,359,'sed do eiusmod tempor incididunt ut labore et dolore magna'),(462,61,4893935.362,360,'qui officia deserunt mollit '),(463,-88,392305.331,361,'tempor incididunt ut labore et dolore magna aliqua. Ut enim ad minim veniam, quis nostrud exercitat'),(464,105,9134063.534,362,'consectetur adipisci'),(465,-20,2140311.422,363,'incididunt ut labore et dolore'),(466,110,2445167.525,364,'exercitation ullamco labor'),(467,-46,4783534.250,365,'nisi ut aliquip ex ea comm'),(468,-5,9813071.172,366,'aliquip ex ea commod'),(469,-29,7125321.255,367,'commodo consequat. Duis aute irure dolor in reprehenderit in voluptat'),(470,90,7835644.873,368,'pariatur. Excepteur sint occaecat cupidatat non proident, sunt in culpa qui officia'),(471,110,2576605.941,369,'commodo consequat. Duis aute irure dolor in reprehenderit in voluptate velit esse cillum dolore eu '),(472,37,2408564.760,370,'sunt in culpa qui off'),(473,-102,1742566.442,371,'dolore eu fugiat nulla pariatur. Excepteur sint occaecat cupidatat non proident, sun'),(474,25,5753748.466,372,'dolor in reprehenderit in voluptate ve'),(475,-4,6857999.210,373,'exercitation ullamco laboris nisi ut aliquip '),(476,55,9093762.652,374,'ex ea commodo consequat. Duis aute irure dolor in reprehenderit in voluptate velit esse cillum '),(477,-70,791394.181,375,'adipiscing elit, sed do eiusmod tempor incididunt ut labore'),(478,-3,4595088.300,376,'laboris nisi ut aliquip ex ea commodo consequat. Duis aute irure dolor in reprehenderit in volup'),(479,-80,6236499.533,377,'Duis aute irure dolor in reprehenderit in voluptate velit esse cillum dolore eu fu'),(480,91,8169517.237,378,'ea commodo consequat. Duis aute irure dolor in repr'),(481,-62,5257954.692,379,'Ut enim ad minim veniam, q'),(482,48,5160594.330,380,'dolor sit amet, consectetur adipiscing elit, sed do eiusmod tempor incididunt ut labor'),(483,109,6773533.700,381,'ex ea commodo con'),(484,-86,84815.739,382,'qui officia deserunt mollit anim id es'),(485,-88,1013537.100,383,'sint occaecat cupidatat non proident, sunt in culpa qui officia deser'),(486,98,2779955.465,384,'Dui'),(487,86,9330476.805,385,'dolore eu fugiat nulla pariatur. Excepteur s'),(488,53,4383749.243,386,'irure dolor i'),(489,-48,3757124.906,387,'aliqua. Ut enim ad minim veniam, quis nostrud exercitation ullamco laboris nisi ut al'),(490,74,4247706.686,388,'minim ve'),(491,35,2191187.435,389,'velit esse cillum dolore'),(492,102,4503601.996,390,'sint occaeca'),(493,12,7263499.280,391,'fugiat '),(494,-22,4649156.789,392,'enim ad minim veniam, quis nostrud exercitation ull'),(495,3,7044888.309,393,'qui officia deserunt mollit anim id est laborum.Lorem ipsum dolor sit ame'),(496,-38,34917.770,394,'sunt in culpa qui officia deserunt mollit anim id est laborum'),(497,96,5738734.767,395,'sunt in culpa'),(498,-48,740672.211,396,'id est laborum.'),(499,101,934611.400,397,'ut labore et dolore magna aliqua. Ut enim ad minim veniam, quis nostrud exerc'),(500,-41,2209214.313,398,'reprehenderit in voluptate velit esse cillum dolore eu fugiat nulla pari'),(501,78,4521886.326,399,'quis nostrud exercitation ullamco laboris nisi ut aliquip ex ea commodo consequat. D'),(502,94,3605609.781,400,'laborum.Lorem ipsum dolor sit amet, consectetur adipiscing elit, sed do eius'),(503,-20,7170042.200,401,'ex ea commodo consequat. Duis aute irure dolor'),(504,45,1997605.387,402,'culpa qui '),(505,76,9445007.590,403,'amet, consectetur '),(506,-110,5874734.400,404,'qui officia deserunt mollit anim id est laborum.Lorem ips'),(507,-59,3894353.747,405,'aute irure dolor in reprehenderit in v'),(508,-79,6996863.626,406,'adipiscing elit, sed do eiu'),(509,-3,7905978.187,407,'tempor incididunt ut labore et dolore magna aliqua. Ut enim ad mini'),(510,100,7887828.330,408,'eiusmod tempor incididunt ut labore et dolo'),(511,98,1750275.466,409,'adipiscing elit, sed do eiusmod tempor incididunt ut labore et dolore magna aliqua. Ut enim ad m'),(512,-57,3179967.774,410,'cillum dolore eu fugiat nulla pariatu'),(513,18,1747537.230,411,'sit amet, consectetur adipiscing e'),(514,89,3259903.520,412,'nulla pariatur. Excepteur sint occaecat cupidatat non proident, '),(515,-74,8522405.660,413,'quis nostrud exercitation ullamco labo'),(516,-97,7246474.900,414,'Ut enim ad m'),(517,9,7091521.905,415,'anim id est laborum.Lorem ipsum dolor sit amet, consectetur adi'),(518,-62,848441.732,416,'elit, sed do eiusmod tempor in'),(519,30,2695736.502,417,'magna aliqua. Ut enim ad minim veniam, quis no'),(520,104,593066.261,418,'esse cillum dolore eu fugiat nulla pariatur. Excepteur sin'),(521,-102,1664559.950,419,'esse cillum dolore eu fugiat nulla pariatur. Excepteur sint '),(522,-88,6013161.120,420,'dolor in reprehenderit in voluptate '),(523,-38,3363493.448,421,'veniam, quis nostrud exercitation ullamco laboris nisi ut aliquip ex ea commodo consequ'),(524,104,4424468.955,422,'ex ea commodo consequat. Duis aute irure dolor in reprehenderit in voluptate velit esse cillum dolo'),(525,-90,9278192.628,423,'nulla pariatur. E'),(526,-62,6201883.473,424,'sint occaecat cupidatat non proident, sunt in culpa qui officia deserunt mollit anim id est la'),(527,63,6982972.936,425,'laborum.Lorem ipsum dolor sit amet, consectetur adipiscing elit, sed do eiusmod tempor incididu'),(528,-82,9046061.430,426,'elit, sed do eiusmod tempor incididunt ut labore et dolore magna aliqua. Ut eni'),(529,-73,994753.629,427,'ipsum dolor sit amet, consectetur adipiscing elit,'),(530,-30,1638611.776,428,'nisi ut aliqui'),(531,-44,3102765.249,429,'adipiscing elit, sed do eiusmod tempor incididunt ut'),(532,-51,7447434.812,430,'laboris nisi ut aliquip ex ea commodo consequat. Duis aute irure dolor in reprehenderit in voluptate'),(533,-81,6216017.620,431,'deserunt mollit anim id est laborum.Lorem ipsum dolor sit'),(534,26,1555184.883,432,'sint occaecat cupidatat non proident, sunt in culpa qui officia deserunt mollit anim id est lab'),(535,-39,9698442.774,433,'deserunt mollit anim id est laborum.Lorem ipsum'),(536,15,1644913.765,434,'adi'),(537,-111,6163926.147,435,'velit esse cillum dolo'),(538,117,5786889.500,436,'veniam, quis nostrud exerc'),(539,63,2330256.539,437,'ullamco laboris nisi ut aliquip ex ea commo'),(540,110,9363707.823,438,'ullamco laboris nisi ut aliquip'),(541,46,9765077.991,439,'aliquip ex ea commodo consequat. Duis aute irure dolor in reprehenderit in volupt'),(542,-40,4404900.290,440,'pariatur. Excepteur sint occaecat cupidatat non proident, sunt in culpa qui officia deserunt'),(543,-89,493481.123,441,'aliqua. Ut enim ad minim '),(544,-51,2188305.509,442,'orum.Lorem ipsum dolor sit amet, consectetur adipiscing elit, sed do eiusmod tempor incididunt ut la'),(545,78,4179793.765,443,'aliqua. Ut enim ad minim veniam, quis nostrud exercitation ullamco laboris nisi ut a'),(546,-59,8613002.820,444,'consequat. Duis aute irure dolor in reprehenderit in voluptate velit esse cillum dolo'),(547,-9,4630731.585,445,'nisi ut aliquip ex ea commodo consequat. Duis aute irure dolor in reprehenderit in vol'),(548,-67,4693599.905,446,'qui officia deserunt mollit anim id est laborum.Lorem i'),(549,-98,1603436.510,447,'in reprehenderit in voluptate velit esse cillum dolore eu fugiat nulla pariatur. Excepteur sint occ'),(550,119,1589849.892,448,'anim id est labor'),(551,-126,1021210.880,449,'sint occaecat cupidatat non proident, sunt in cu'),(552,-122,6907981.510,450,'est '),(553,-36,1576392.339,451,'dolor'),(554,-62,977162.985,452,'cupidatat non proident, sunt in culpa qui officia deserunt mollit anim id est laborum.Lorem ip'),(555,-27,1703170.548,453,'dolor sit amet, consectetur adipiscing elit, sed do eiusmod tempor in'),(556,-72,1091305.663,454,'et dolore mag'),(557,78,6028322.688,455,'ut labore et dolore magna aliqua. Ut enim ad minim veniam, quis nostru'),(558,-41,5933509.290,456,'id est laborum.Lorem ipsum dolor sit amet, consecte'),(559,118,7615354.871,457,'culpa qui officia deserunt mollit anim id est laborum.Lorem ipsum dolor sit amet, consec'),(560,-35,3791709.262,458,'sint occaecat cupidatat non proident, sunt'),(561,109,8403472.223,459,'ut aliquip ex ea commodo consequ'),(562,-67,2196073.430,460,'amet, consec'),(563,55,4997391.677,461,'occaecat cupidatat non proident, sunt in culpa qui'),(564,112,7751286.239,462,'velit esse cillum dolore eu fugiat nulla pariatur. Excepteur '),(565,-83,313100.994,463,'eu fugiat nulla pariatur. Except'),(566,23,2491515.160,464,'consequat. Duis aute irure dolor in reprehenderit in voluptate velit esse cillum dolore eu fugiat nu'),(567,-122,4847853.569,465,'sit amet, consectetur adipiscing elit, sed do eiusmod tempor incididun'),(568,-74,6955630.332,466,'adipiscing elit, sed do eiusmod tempor incididunt ut labore et dolore mag'),(569,60,9677561.440,467,'Ut enim ad minim veniam, quis nostrud exercitati'),(570,58,6452529.457,468,'consectetur adipiscing elit, sed do eiusmod tempor incidid'),(571,-55,9826005.972,469,'amet, consectetur adipiscing elit, sed do eiusmod tempor incididunt ut labore et dolore mag'),(572,15,5179173.105,470,'sit amet, consectetur adipiscing elit, sed do eiusmod tempor '),(573,-28,4787751.324,471,'nisi ut aliquip ex ea commodo consequat. Duis aute irure dolor in reprehenderit in volup'),(574,-29,1438884.612,472,'adipiscin'),(575,-115,1666635.816,473,'incididunt ut labore et dolore magna aliqua. Ut enim ad mi'),(576,67,1198721.675,474,'dolore eu fugiat nulla pariatur. Excepteur sint occaecat cupidatat non proident'),(577,27,4260216.825,475,'officia deserun'),(578,-16,1309046.576,476,'mollit anim id est laborum.Lorem ipsum dolor sit amet, consectetur adipiscing elit, sed do eiusm'),(579,4,9068086.206,477,'incididunt ut labore et dolore magna aliqu'),(580,65,6582023.988,478,'elit, sed do eiusmod tempor incididunt ut labore e'),(581,-37,4703055.785,479,'irure dolor in reprehenderit in voluptate velit esse cillum dolore eu fu'),(582,-46,5188200.796,480,'sit amet, consectetur adipiscing elit, sed do eiusmod tempor incididunt ut labore et dolore magna '),(583,103,2566855.760,481,'quis nostrud exercitation ullamco laboris nisi ut '),(584,85,7975653.531,482,'veniam, quis nostrud exercitation ullamco laboris nisi ut aliquip ex ea commod'),(585,24,5865307.863,483,'adipiscing elit, sed do eiusmod'),(586,75,9046680.470,484,'nulla pariatur. Excepteur sint occaecat cup'),(587,117,426671.321,485,'in culpa qui officia deserunt mollit anim id es'),(588,25,205014.474,486,'amet, consectetur adipiscing elit, se'),(589,24,8018834.571,487,'esse cillum dolore eu fugiat nulla pariatur. Excepteur sint occaecat cupidat'),(590,89,3824157.858,488,'magna aliqua. Ut enim ad minim veniam, quis nostrud ex'),(591,-89,1688350.192,489,'minim veniam, quis nostrud exercitation ullamco laboris '),(592,-123,8565314.870,490,'in voluptate velit esse cillum dolore eu fugiat nulla pariatur. Excepteur sint occaec'),(593,-56,2821002.380,491,'exercitation ullamco'),(594,-68,9763027.218,492,'ut aliquip ex ea commodo consequat. Duis aute irure dolor in reprehenderit in voluptate velit ess'),(595,116,7735373.936,493,'Duis aute irure dolor in reprehenderit in voluptate velit esse cillum dolore eu fugi'),(596,66,4451422.704,494,'anim id est laborum.Lorem ipsum dolor sit amet, consectetur adipiscing elit, sed do eiusmod'),(597,-48,7524127.280,495,'dolore eu fu'),(598,70,5371485.288,496,'eu fugiat nulla pariatur. Excepteur sint occa'),(599,73,7859045.699,497,'aliqua. Ut enim ad minim veniam, quis nostrud exercitation ullamco laboris nisi ut aliquip ex ea'),(600,76,3190819.188,498,'amet, consectetur adipiscing elit, sed do eiusmod tempor incididunt ut labore et dolore'),(601,78,2323450.870,499,'magna aliqua. U'),(602,21,4313843.690,500,'mollit anim id est laborum.Lorem ipsum dolor sit ame'),(603,126,3030115.982,501,'anim id est laborum.Lorem ipsum dolor sit amet, consectetur adipiscing elit, sed do'),(604,79,3570008.900,502,'dolor sit amet, consectetur ad'),(605,61,2152280.880,503,'sed do eiusmod tempor'),(606,3,5782433.697,504,'deserunt mollit anim id est laborum.Lorem ipsum dolor sit amet, consectetur adipiscing'),(607,-2,3418461.362,505,'cupidatat non proident'),(608,127,6262787.684,506,'Duis aute irur'),(609,-122,1217995.109,507,'nisi ut aliquip ex ea commodo consequat. Duis aute irure dolor in repre'),(610,-122,5270565.561,508,'proident, sunt in culpa qui officia deserunt mollit anim id est laborum.Lorem ipsum dolor'),(611,5,2010206.409,509,'nostrud exercitation ullamco laboris nisi ut aliquip ex ea'),(612,76,1078699.259,510,'eu fugiat nulla pariatur. Excepteur sint occaecat cupidatat non proident, sunt'),(613,87,996524.239,511,'Duis aute irure dolor in reprehenderit in voluptate velit esse cillum dolore'),(614,-112,7836605.480,512,'proident, sunt in culpa qui officia deserunt mollit anim id est laborum.Lorem ipsum dolor'),(615,-40,9157453.473,513,'sed do eiusmod tempor incididunt ut'),(616,56,7771247.274,514,'adipiscing elit, sed do eiusmod tempor incididunt ut labore et dolore magna aliqua. Ut enim a'),(617,31,8830079.145,515,'nulla pariatur. Excepteur sint occaecat cup'),(618,-9,5091439.350,516,'elit, sed do ei'),(619,-86,1108638.391,517,'nulla pariatur. Excepteur sint occaecat cupidatat non proident, sunt in culpa'),(620,24,915711.997,518,'nostrud exercitation ullamco laboris nisi ut aliq'),(621,95,4361638.679,519,'exercitation ullamco laboris nisi ut aliquip ex ea commodo consequa'),(622,90,8390121.990,520,'deserunt mollit anim id est laborum.Lorem ipsum dolo'),(623,-42,1899743.638,521,'ad minim veniam, quis nostrud exercitation ullamco laboris nisi ut aliqu'),(624,-30,9142494.686,522,'exercitation ullamco laboris nisi ut aliquip ex ea commodo consequat.'),(625,115,8041799.758,523,'et dolore magna aliqua. Ut enim ad minim veniam, quis nostrud exercitation ullamco labori'),(626,2,2666822.865,524,'ea commo'),(627,31,9674757.526,525,'et do'),(628,-7,2569027.760,526,'aute irure dolor in reprehenderit'),(629,-51,9204934.410,527,'pariatur. Excepteur sint occaecat cupidatat non proide'),(630,120,9592674.748,528,'cillum dolore eu fugiat nulla pariatur. Excepteur sint occaecat cupidatat non proident, sunt in culp'),(631,-21,127798.990,529,'in voluptate velit esse cillum do'),(632,-35,8605775.806,530,'consectetur adipiscing elit, sed do eiusmod tempor incididunt ut labore et dolore '),(633,102,8671467.462,531,'non proident, sunt in cu'),(634,-5,2299666.604,532,'l'),(635,41,5743081.246,533,'cillum dolore eu f'),(636,76,6132411.343,534,'esse cillum dolore eu fugiat nulla pariatur. Excepteur sint occaecat cupidatat no'),(637,54,1524851.929,535,'consequat. Duis aute irure '),(638,-9,1810232.774,536,'nulla pariatu'),(639,-78,6619996.167,537,'consec'),(640,-113,6280664.183,538,'mollit anim id est laborum.Lorem ipsum dolor sit amet, consectetur'),(641,76,2262265.822,539,'est laborum.Lorem ipsum dolor sit amet'),(642,-88,3020002.275,540,'consequat. Duis aute irure dolor in reprehenderit in voluptate veli'),(643,-78,8520323.880,541,'non proident, sunt in culpa qui officia deserunt mollit a'),(644,127,6370916.465,542,'et dolore magna aliqua. Ut enim ad '),(645,-127,5648015.554,543,'adipiscing elit, sed do eiusmod tempor incididunt ut labore et dolore magna aliqua. Ut e'),(646,77,4047743.481,544,'sunt in culpa qui officia deserunt mollit anim id est laborum.Lorem ipsum dolor sit amet, conse'),(647,114,5318051.818,545,'laborum.Lorem ipsum dolor sit amet, consectetur adipiscing e'),(648,64,2799534.427,546,'laboris nisi ut aliquip ex ea commodo consequat. Duis aute i'),(649,-44,9622515.650,547,'tempor incididunt ut labore et dolore magna aliqua. Ut enim ad minim veniam, quis'),(650,-119,907720.939,548,'sint occaecat cupidatat non proident, sunt in culpa qui officia deserunt mollit a'),(651,-123,5068311.732,549,'Lorem ipsum dolor sit amet, consectetur adipiscing eli'),(652,45,1451081.206,550,'dolore magna aliqua. Ut enim ad minim veniam, quis nostrud exercitation ul'),(653,-114,9945704.184,551,'laboris nisi ut aliquip ex ea commodo consequat.'),(654,47,1660364.584,552,'consequat. Duis aute irure dolor in reprehenderit'),(655,-6,2583054.927,553,'incididunt ut la'),(656,43,7320521.969,554,'sit am'),(657,19,1883808.606,555,'in voluptate velit esse cillum dolore eu fugiat nulla pariatur. Excepteur sint occaecat cupid'),(658,-46,2810769.498,556,'Duis aute irure dolor in reprehenderit in voluptate velit '),(659,-105,2693749.939,557,'quis nostrud exercitation ullamco laboris nisi ut aliquip ex ea commodo consequat. Dui'),(660,-76,2000809.171,558,'Excepteur sint occaecat cupidatat non proident, sunt in culpa qui officia deserunt m'),(661,-84,278267.137,559,'ex ea commodo consequat. Duis aute irure d'),(662,-70,1073373.239,560,'anim id est laborum.Lorem ipsum d'),(663,-87,625491.909,561,'anim id est laborum.Lorem ipsum dolor sit amet, consectetur adipiscing el'),(664,8,1264907.340,562,'ea commodo consequat. Duis aute irure dolor in reprehe'),(665,60,2454665.690,563,'sit amet, consectetur adipiscin'),(666,-112,6496319.653,564,'cillum dolore eu fugiat nulla pariatur. Excepteur sint occaecat cupidatat non pr'),(667,98,2276444.999,565,'dolor in reprehenderit in voluptate velit esse cillum dolore eu fugiat nulla pariatur. Excepteur '),(668,-89,9611160.245,566,'in voluptate velit esse cillum dolore eu fugiat nulla pariatur. Exce'),(669,-120,6421077.541,567,'labore et dolore magna aliqua. Ut enim ad m'),(670,85,7100039.108,568,'irure dolor in reprehenderit in volup'),(671,-70,3209011.139,569,'et dolore magna aliqua. Ut eni'),(672,-124,3028873.866,570,'Duis aute irure dolor in re'),(673,48,1046145.550,571,'consectetur adipiscing elit, sed do eiusmod tempor incididunt ut labor'),(674,-114,9860314.135,572,'nisi ut aliquip ex ea commodo consequat. Duis aute irure dolor in reprehenderit in'),(675,-118,1175816.434,573,'adipiscing elit, sed do eiusmod tempor incididunt ut labore et dolore magna aliqua. Ut enim '),(676,-83,777072.469,574,'exercitation ullamco laboris nisi ut aliquip ex ea commodo consequat. Duis aute irure dolor '),(677,97,2868188.193,575,'ad minim veniam, qu'),(678,88,253413.219,576,'cupidatat non proident, sunt in culpa qui officia deserunt mollit anim i'),(679,-29,729711.394,577,'id est laborum.Lorem ipsum dolor sit amet, consec'),(680,-34,6273051.265,578,'cupidatat non proident, sunt in culpa qui officia deserunt mollit anim id est laborum.Lorem ipsum do'),(681,-81,1932208.221,579,'Ut enim ad minim veniam, quis nostrud exercitation ullamco laboris nisi ut al'),(682,-108,346233.792,580,'et dolore magna aliqua. Ut enim ad min'),(683,-81,7451253.365,581,'consectetur adipiscing elit, sed do eiusmod tem'),(684,-4,2596300.142,582,'occaecat cupidatat non proident, sunt in culpa qui offi'),(685,-71,3739988.109,583,'aliqua. Ut enim ad minim veniam, quis nostrud exercitat'),(686,55,9192089.427,584,'Excepteur'),(687,2,3462114.624,585,'cillum dolore eu fugiat nulla pariatur. Excepteu'),(688,100,184373.317,586,'sint occaecat cupidatat'),(689,66,6781417.554,587,'ullamco laboris nisi '),(690,-47,5186766.722,588,'in voluptate velit esse cillum dolore eu fu'),(691,-92,9915017.560,589,'proident, sunt in culpa qui officia deserunt mollit ani'),(692,59,305571.388,590,'reprehenderit in voluptate velit esse cillum dolore eu fugiat nulla pariatur. Excepteur sin'),(693,-2,2038651.127,591,'occaecat cupidatat non proident, sunt in culpa qui officia dese'),(694,116,7121668.890,592,'.Lorem ipsum dolor sit amet, consectetur adipiscing elit,'),(695,96,8140008.450,593,'aliquip ex ea commodo '),(696,110,4333185.308,594,'Except'),(697,121,7757942.327,595,'in culpa qui officia deserunt m'),(698,-85,3482505.520,596,'voluptate velit ess'),(699,-53,1007176.980,597,'non proident, sunt in cu'),(700,15,3930321.390,598,'ea commodo consequat. Duis aute irure dolor in reprehenderit in voluptate velit esse cillum dolore e'),(701,45,6200314.900,599,'s'),(702,-111,592778.328,600,'dolo'),(703,99,4104747.906,601,'sunt in culpa qui officia deserunt mollit'),(704,-35,3414629.567,602,'laboris nisi ut aliquip ex ea commodo consequat. Duis aute irure dolor in reprehe'),(705,-93,9138609.158,603,'cillum dolo'),(706,97,2469641.801,604,'aliqua. '),(707,-38,1640170.851,605,'adipiscing elit, sed do'),(708,68,1959026.924,606,'ut labore et dolore magna aliqua. Ut enim '),(709,88,1785472.470,607,'deserunt mollit'),(710,3,4693145.920,608,'cons'),(711,-81,1005572.147,609,'incididunt ut labore et dolore magna aliqua. Ut enim ad minim veniam, quis nostrud exercitati'),(712,-49,8266824.894,610,'proident, sunt in culpa qui officia deserunt mollit anim id est laborum.L'),(713,-26,5429101.630,611,'sint occaecat '),(714,-33,2604044.449,612,'veniam'),(715,55,9006393.929,613,'sunt in culpa qui officia deserunt mollit anim id est laborum.Lorem ipsum d'),(716,-59,4025514.689,614,'ut labore et dolore m'),(717,109,3229160.256,615,'nulla pariatur. Excepteur sint occaecat cupidatat non proident, sunt in culpa qui offici'),(718,97,125352.440,616,'qui officia deserunt mollit'),(719,47,475958.970,617,'esse cillum dolore eu fugiat nulla pariatur. Excepteur sint occaecat cu'),(720,100,9099354.207,618,'magna aliqua. Ut enim ad minim veniam, quis nostrud exercitation ullamco laboris nisi ut '),(721,-126,886226.935,619,'adipiscing elit, sed do eiusmod tempor incididun'),(722,-15,9302002.560,620,'ex ea commodo consequat. Duis aute irure dolor in reprehenderit in voluptate velit ess'),(723,-125,9875306.817,621,'ipsum dolor sit amet, consectetur adipiscing elit, sed do e'),(724,-21,2092325.305,622,'ullamco laboris nisi ut aliq'),(725,102,9840066.834,623,'ullamco laboris nisi ut aliquip ex ea commodo consequat. Duis aute irure dolor in reprehenderi'),(726,30,5093574.776,624,'in voluptate velit esse cillum dolore eu fugiat nulla pariatur. Excepteur sint occae'),(727,100,9336958.450,625,'qui officia deserunt mollit an'),(728,-71,4844140.183,626,'Excepteur sint occaecat cupidatat non proident, sunt in cul'),(729,-39,9464506.268,627,'Ut enim ad minim veniam, quis nostrud exercitation ullamco la'),(730,-93,3328278.803,628,'sint occaecat cupidatat'),(731,-128,3127374.600,629,'amet, consectetur adipiscing elit, sed do eiusmod tempor incididunt ut labore et d'),(732,-66,575510.672,630,'nisi ut aliquip ex ea commodo consequat. Dui'),(733,11,1692803.221,631,'in voluptate velit esse cillum dolore eu fugiat nulla pariatur. Excepteu'),(734,-79,8291693.190,632,'ex ea com'),(735,40,1692958.863,633,'aliquip ex ea commodo consequat. Duis aute irure dolor in reprehenderit '),(736,48,8956740.114,634,'sint occaecat cupidatat non proiden'),(737,99,5504154.391,635,'adipiscing elit, sed do eiusmod tempor incididunt ut labore et dolore magna aliqua. Ut '),(738,-102,6910034.868,636,'ex ea commodo consequat. Duis aute irure dolor in reprehenderit in voluptate velit esse cillum do'),(739,51,6180249.721,637,'d'),(740,-40,235991.667,638,'nulla pariatur. Excepteur sint occae'),(741,-27,4700153.603,639,'mollit anim id est laborum.Lorem ipsum dolor sit amet, consectetur adipiscing elit, sed d'),(742,15,8591872.596,640,'velit esse cillum dolore eu fugiat nul'),(743,-84,1787221.786,641,'borum.Lorem ipsum dolor sit amet,'),(744,-113,6849656.596,642,'sit amet, consectetur adip'),(745,-112,3963865.790,643,'anim id est laborum.Lorem ipsum dolor sit amet, consectetur adipisci'),(746,-79,8680570.839,644,'tempor incididunt ut labore et dolore magna aliqua. Ut enim ad minim veniam, qui'),(747,-96,558372.634,645,'dolore magna aliqua. Ut enim ad minim veniam, quis nostrud exercitation ullamco lab'),(748,-94,8484889.933,646,'.Lorem ipsum dolor sit a'),(749,-17,9982145.479,647,'velit esse cillum dolore eu fugiat nulla pariatur. Excepteur sint occaecat cupidatat n'),(750,-65,2276768.829,648,'mollit anim id est laborum.Lorem ipsum dolor sit amet, consectetur adipiscing elit, sed do eiusm'),(751,-99,8674027.180,649,'quis nostrud exercitation ullamco laboris nisi ut aliquip ex ea commodo co'),(752,84,3430260.480,650,'pariatur. Excepteur sint occaecat cupid'),(753,85,4675632.152,651,'tempor incididunt ut'),(754,-117,7519710.757,652,'Excepteur sint occaecat cupidatat non proident, sunt in culpa qui officia deserunt molli'),(755,126,2140367.860,653,'in reprehenderit in voluptate velit'),(756,-114,9979.732,654,'laboris nisi ut aliquip ex ea commodo consequat. Duis au'),(757,92,666449.940,655,'dolore eu fugiat n'),(758,27,9840251.234,656,'aute irure dolor in reprehenderit in voluptate velit esse cillum dolore eu fugiat nulla pariatur.'),(759,86,7641206.853,657,'sed do eiusmod tempor incididunt ut labore et dolore magna'),(760,67,944435.377,658,'ut labore et dolore magna'),(761,-56,7960166.633,659,'ut l'),(762,-119,3258059.212,660,'consequat. Duis aute irure '),(763,109,1589267.674,661,'elit, sed do eiusmod'),(764,3,6327717.553,662,'aliqu'),(765,78,9459617.756,663,'nulla pariatur. Excepteur sint occaecat cupidatat non proident, sunt in culpa qui officia deserun'),(766,3,1500575.110,664,'consequat. Duis aute irure dolor in reprehenderit in '),(767,-43,1881274.522,665,'ut labo'),(768,-35,7493057.458,666,'co'),(769,-118,8990299.375,667,'dol'),(770,114,1050242.660,668,'in voluptate velit esse cillum dolore eu fugiat nulla pariatur. '),(771,-128,128878.789,669,'in voluptate velit esse cillum dolore eu fugiat nulla pariatur. Excepteur s'),(772,101,1000006.308,670,'cul'),(773,-62,2721273.229,671,'moll'),(774,104,3626665.570,672,'laborum.Lorem ipsum dolor sit amet, co'),(775,26,1161384.581,673,'incididunt ut labore et dolore magna'),(776,117,5191976.324,674,'Excepteur sint occaecat cupidatat non proide'),(777,-73,5526095.132,675,'mollit anim id est laborum.Lorem ipsum dolor'),(778,83,5997637.222,676,'sint occa'),(779,6,5175214.890,677,'sunt in culpa qui officia deserunt '),(780,39,8827209.609,678,'nisi ut aliquip ex ea commodo consequat. Du'),(781,85,1353477.809,679,'Duis aute irure dolor in reprehenderit in volu'),(782,-13,7272249.683,680,'esse cillum dolore eu fugiat nulla pariatur. Excepteur sint occaeca'),(783,78,2181682.947,681,'consectetur adipiscing elit, sed do eiusmod tempor incididunt ut labore et d'),(784,55,3987131.251,682,'aliqua. Ut enim ad minim v'),(785,-100,8069221.573,683,'Excepteur sint occaecat cupidatat non proident, sunt in culpa qui'),(786,98,5313995.955,684,'deserunt mollit anim id est laborum.'),(787,-91,9365203.855,685,'ullamco laboris nisi ut aliquip ex ea commodo consequat. Duis aute irure dolor in r'),(788,-28,2338586.725,686,'ut aliquip ex ea commodo consequat'),(789,-41,5585006.947,687,'magna aliqua. Ut enim ad minim veniam, quis nostrud exercitation ullamco labo'),(790,90,4944259.477,688,'ipsum dolor sit amet, consectetur adipiscing elit, sed do eiusmod tempor incididu'),(791,-112,7938713.414,689,'Ut enim ad minim veniam, '),(792,102,2614992.111,690,'dolore eu fugiat nulla pariatur. Excepteur sint occaecat cupidatat non proident, sunt i'),(793,66,3095426.898,691,'mollit anim id est laborum.Lo'),(794,-127,6977731.122,692,'ex ea commodo consequat. Duis aute irure dolor in reprehenderit in voluptate '),(795,-49,5245537.700,693,'id est laborum.Lorem ipsum dolor sit amet, consectetur adipiscing elit, sed do eiusmod tempor'),(796,-16,7348692.366,694,'mollit anim id est laborum.Lorem ipsum dolor sit amet, consectetur adipiscing elit, sed do eiu'),(797,-57,9685422.408,695,'elit, sed do eiusmod tempor incididunt ut labore et dolore magn'),(798,-49,2601037.283,696,'incididunt ut labore et dolore magna aliqua. Ut enim ad minim veniam'),(799,-78,724871.689,697,'eu fu'),(800,66,2114504.568,698,'dolore eu fug'),(801,-91,8822872.809,699,'laboris nisi ut al'),(802,127,6402569.647,700,'occaecat cupidatat non proident, sunt in culpa qui officia deserunt mollit an'),(803,-55,6292749.300,701,'officia deserunt mollit anim id est laborum.Lorem ipsum dolor sit amet, consectetur adipiscing e'),(804,-62,1232966.532,702,'magna aliqua. Ut enim ad minim veniam, quis nostrud exercitation ul'),(805,-57,3786350.901,703,'nisi ut aliquip ex ea commodo consequat. Duis aute irure dolor in rep'),(806,79,682534.560,704,'non proident, sunt in culpa qui officia deseru'),(807,72,5396923.344,705,'id est laborum.Lorem ipsum dolor sit amet, consectetur adipiscing elit, sed do eiusmod'),(808,101,9650252.833,706,'aute irure dolor in'),(809,-3,8960307.630,707,'qui officia deserunt mollit anim id es'),(810,111,6183597.921,708,'sunt in culpa qui officia de'),(811,-35,3031292.516,709,'ex ea '),(812,126,2898056.124,710,'nostrud exercitation ullamco laboris nisi ut aliqui'),(813,32,3317471.924,711,'ut aliquip ex ea co'),(814,-97,718821.479,712,'culpa qui officia deserunt mollit ani'),(815,58,6236031.473,713,'dolore eu fugiat nulla pariatur. Excepteur sint occaecat cupidatat non proident, sunt in c'),(816,56,1197546.829,714,'nulla pariatur. Excepteur '),(817,94,3052970.459,715,'aliquip ex ea commodo consequat. Duis aute irure dolor in reprehender'),(818,88,8438713.216,716,'Excepteur sint occaecat cupidatat n'),(819,-110,799617.632,717,'Duis aute irur'),(820,3,2182152.480,718,'minim ve'),(821,36,2082319.177,719,'nostrud '),(822,-68,2744897.110,720,'consequat. Duis aute irure dolor in reprehenderit in voluptate velit ess'),(823,-124,2098695.340,721,'incididunt ut labore et dolore magna aliqua. Ut '),(824,-7,868691.691,722,'ex ea commodo '),(825,-96,2405393.688,723,'proident, sunt in culpa qui officia deserunt mollit anim'),(826,-97,4665786.370,724,'orum.Lorem ipsum d'),(827,46,3184948.371,725,'consequat. Duis aute irure dolor in reprehenderit in voluptate velit esse cill'),(828,34,8617901.938,726,'ut labore et dolore magna ali'),(829,40,2704048.435,727,'cillum dolore eu fugiat nulla pariatur. Excepteu'),(830,-67,3368868.963,728,'proident, sunt in culpa qui officia deserunt mollit anim id est laborum.Lorem ipsum dolor sit ame'),(831,-14,622450.950,729,'nulla pariatur. Excepteur sint occaecat cupidat'),(832,-116,2325658.597,730,'in culpa qui officia deserunt mollit anim id est laborum.Lorem ipsum'),(833,-84,8109132.988,731,'ea commodo consequat. Duis aute irure dolor in reprehender'),(834,110,4373786.967,732,'cupidatat non proi'),(835,-85,2305622.859,733,'velit esse cillum dolore eu fugiat nulla pariatur. Ex'),(836,30,5125208.609,734,'incididunt ut labore et dolo'),(837,35,8063897.530,735,'labore et dolore magna aliqua. Ut enim ad minim veniam, quis nostrud exercitation ullamco labor'),(838,-48,4897289.290,736,'sunt in culpa qui officia deserunt mollit anim id est laborum.Lo'),(839,5,3002149.115,737,'sit amet, consectetur adipiscing elit, sed do eius'),(840,-57,3827961.964,738,'Duis aute irure dolor in r'),(841,30,2439756.000,739,'aute irure dolor in reprehenderit in voluptate velit esse cillum dolore eu fugiat nulla pa'),(842,-118,1021508.530,740,'do'),(843,48,3965623.835,741,'Duis aute irure dolor in reprehenderit in voluptate velit esse ci'),(844,92,1273533.663,742,'fugiat nulla pariatur. Exce'),(845,71,9435198.466,743,'mollit anim id est laborum.Lorem ipsum dolor sit amet, consectetur adipiscing elit, sed do eiusmod'),(846,27,2415509.280,744,'occaecat cupidatat non proident, sunt in culpa qui officia deserunt molli'),(847,-65,6292073.422,745,'sunt in culpa qui officia deserunt mollit anim id est laborum.Lorem ipsum dolor sit amet, consec'),(848,-20,3005490.700,746,'incidi'),(849,-106,6811275.440,747,'do eiusmod tempor incididunt ut labore et dolore magna aliqua. Ut enim ad minim veniam, quis nostr'),(850,-7,2010421.422,748,'consectetur adipiscing elit, sed do eiusmod tempor incididunt ut labore et dolore mag'),(851,70,2239088.119,749,'ipsum dolor sit amet, consectetur adipiscing elit, sed do'),(852,-21,3263012.600,750,'laboris nisi ut aliquip ex ea comm'),(853,-77,1283296.760,751,'mollit anim id est laborum.Lor'),(854,-101,8152590.354,752,'deser'),(855,-89,316091.380,753,'sint occaecat cupidata'),(856,64,424619.669,754,'nulla pariatur. Excepteur sint occaecat cupidatat non'),(857,-44,8587505.124,755,'aute irure dolor in repr'),(858,46,8628536.786,756,'p'),(859,30,4263298.645,757,'tempor incididunt ut labore et dolore m'),(860,-69,3721035.540,758,'dolore eu fugiat nulla pariatur. Excepteur sint occaecat cupidatat non proident, sunt in cu'),(861,62,9156882.759,759,'consectetur adipiscing el'),(862,70,829432.938,760,'l'),(863,51,1082543.982,761,'qui officia deserunt mollit anim id est labo'),(864,-42,2431893.820,762,'non proident, sunt in culpa qui officia deserunt mollit anim id est laborum.Lo'),(865,-31,5348694.599,763,'ut aliquip ex ea commodo consequat. Duis aute irure dolor in reprehender'),(866,-88,1930112.568,764,'deserunt mollit anim id est laborum.Lorem ips'),(867,-94,1926857.281,765,'in reprehenderit in voluptate velit esse cillu'),(868,42,3795669.609,766,'incididunt ut labore et dolore magna aliqua. Ut enim ad minim ve'),(869,43,5738770.937,767,'mollit anim id est labo'),(870,82,1995460.709,768,'nulla pariatur. Excepteur sint occaecat cupidatat non proident, sunt in culpa qui of'),(871,-76,2102449.210,769,'qui officia deserunt mollit anim id est laborum.Lorem ipsum dolor sit amet, consectetur adip'),(872,-18,3613131.567,770,'dolore eu fugiat nulla pariatur. Excepteur sint occaecat cupidatat non pr'),(873,75,8698068.551,771,'ullamco laboris nisi ut aliquip ex ea commodo consequat. Duis aute irure dolor in r'),(874,-96,1561381.738,772,'incididunt ut labore et dolore magn'),(875,-60,2735470.131,773,'in voluptate velit esse cillum d'),(876,104,2849563.877,774,'eu fugiat nulla pariatur. Excepteur sint occaecat cupida'),(877,-26,954281.710,775,'magna aliqua. Ut enim ad minim veniam, quis nostrud exercitation ullamco laboris nisi ut aliquip e'),(878,-85,1603264.333,776,'cupidatat non proident, sunt in culpa qui officia deserunt mollit anim id est laborum.Lorem i'),(879,-80,9199146.637,777,'occaecat cupidatat non proident, sunt in culpa qui officia deserunt molli'),(880,95,7496780.354,778,'non proident, s'),(881,86,366776.800,779,'quis nostrud exercitation ullamco laboris nisi ut al'),(882,24,6505385.300,780,'incididunt ut labore et dolore ma'),(883,-59,7420938.126,781,'sed do eiusmod tempor incididunt ut labore et dolore magna aliqua. Ut enim '),(884,19,7317759.297,782,'cillum dolore eu fugiat nulla pariatur. Excepteur sint occ'),(885,46,5052902.935,783,'molli'),(886,-65,1252344.553,784,'aute irure dolor in reprehenderit in voluptate velit esse cillum dolore eu fugiat nulla paria'),(887,-110,3274343.849,785,'quis nostrud exercitation ullamco laboris nisi ut aliquip ex ea commodo cons'),(888,71,858891.406,786,'ea commodo consequat. Duis aute irure dolor in reprehenderit in volupt'),(889,-112,1237058.558,787,'ad minim veniam, quis nostrud exercitation ullamco laboris nisi ut aliquip ex ea commodo c'),(890,27,9619391.966,788,'aliqua. Ut enim ad minim veniam, quis n'),(891,119,6829666.363,789,'anim id est laborum'),(892,36,9990088.248,790,'nulla pariatur. Excepteur sint occaecat cup'),(893,-30,8784057.361,791,'mollit anim id est laborum.Lorem ipsum dolor sit amet, consectetur adipiscing elit, sed do ei'),(894,123,5652145.161,792,'do eiusmod tempor incididunt ut labore et dolore magna aliqua. U'),(895,-124,9060112.170,793,'consequat. Duis aute irure dolor in reprehend'),(896,-57,2153092.835,794,'Duis aute irure dolor in reprehenderit in voluptate velit esse cillum dolore eu fugiat '),(897,-36,8952260.304,795,'deserunt mollit'),(898,5,1676254.457,796,'eu fugiat nulla pariatur. '),(899,48,5285241.957,797,'ipsum dolor sit amet, consectetur adipiscing elit, sed do eiusmod tempor incididunt ut labore '),(900,-49,4113602.822,798,'ut labore et dolore magna aliqua. Ut enim ad minim veniam, quis nostrud exercitation ullamco l'),(901,36,2180314.320,799,'et dolore mag'),(902,-101,911284.682,800,'in voluptate velit esse cillum dolore eu fugiat nulla pariatur. Excepteur sint occaecat cupidat'),(903,-51,6138218.848,801,'nulla pariatur. Excepteur sint occaecat cupidatat non proi'),(904,-60,8192435.570,802,'officia deserunt mollit anim id est laborum.Lorem ipsum dolor sit amet, consectetur adipiscing eli'),(905,9,2018674.196,803,'non proident, sunt in culpa qui officia deserunt mollit anim id est laboru'),(906,10,5396484.304,804,'deserunt mollit anim id est laborum.Lorem ipsu'),(907,-36,1965252.400,805,'quis nostrud exercitation ullamco laboris nisi ut aliquip ex ea commodo consequat. Duis aute i'),(908,85,3282745.659,806,'ipsum dolor sit amet, consectetur adipiscing elit, sed do eiusmod tempor i'),(909,-118,3041496.740,807,'in culpa qui officia deserunt mollit anim id est laborum.Lorem ip'),(910,-22,2253970.887,808,'in'),(911,32,1447694.820,809,'velit esse cillum dolore eu fugiat nulla pariatur. Excepteur sint occaecat cupidatat non proident,'),(912,-94,5251055.938,810,'ut labore et dolore magna aliqua. Ut enim ad minim veniam, quis nostr'),(913,66,7728003.561,811,'Ut enim ad minim veniam, qui'),(914,117,5670652.697,812,'eu fugiat nulla pariatur. Excepteur sint occaecat cupidatat non proident, sunt in culpa qui '),(915,36,5865831.752,813,'cupidatat non proident, sunt in culpa qui officia'),(916,81,8094749.908,814,'in voluptate velit esse cillum dolore eu fugiat nulla pariatur. Excepteur sint occaecat cupida'),(917,113,7980727.749,815,'adipiscing elit, sed do eiusmod tempor incidi'),(918,69,3696266.300,816,'ad minim veniam, quis nostrud exercitation ullamco labo'),(919,77,128487.100,817,'amet, consectetur adipiscing elit, sed'),(920,-109,1232032.521,818,'dolore eu fugiat nulla'),(921,-100,7840560.234,819,'ex ea commodo consequat. Duis aute irure dolor in reprehenderi'),(922,37,8822193.776,820,'qui officia deserunt mollit anim id est laborum.Lor'),(923,29,3647992.101,821,'consectetur adipiscing elit, sed do eiusmod tempor incididunt ut labore et dolo'),(924,-85,3994994.426,822,'qui officia deserunt mollit anim id est laborum.Lorem ipsum'),(925,87,2848476.287,823,'Excepteur sint occaecat cupidatat non proident, sunt in culpa qui officia deserunt mollit anim'),(926,56,8084001.974,824,'velit esse cillum dolore eu fugiat nulla pariatur. Excepteur '),(927,32,3863478.470,825,'tempor incididunt ut labor'),(928,-48,4463915.542,826,'exercitation ullamco laboris nisi ut aliquip ex ea commodo consequat. Duis aute irure dol'),(929,-70,9768175.604,827,'nisi ut aliquip ex ea commodo consequat. Duis aute irure dolor in reprehenderit in volup'),(930,-96,1348509.566,828,'culpa qui officia deserunt mollit '),(931,13,3068142.215,829,'la'),(932,-44,1621854.892,830,'elit, sed do eiusmod tempor incididunt ut labore et dolore magna aliqua. Ut enim ad minim ve'),(933,66,5493327.434,831,'ullamco laboris nisi ut aliqu'),(934,121,7700757.294,832,'nisi ut aliquip ex ea commodo consequat. Duis'),(935,-69,2883111.783,833,'Excepteur sint occaecat '),(936,-81,2041857.695,834,'velit esse cillum dolore eu fugiat nulla pa'),(937,87,1982072.129,835,'borum.Lorem ipsum dolor sit amet, consectetur adip'),(938,85,7103710.978,836,'eu fugiat nulla pariatur. Excepteur sint occaecat cupidatat non proident, sunt in culpa qui offi'),(939,-71,7790772.290,837,'nisi ut aliquip ex ea commod'),(940,62,1282773.491,838,'in culpa qui officia deserunt mollit anim id est laborum.Lorem ipsum dolor sit amet,'),(941,106,2148198.981,839,'in voluptate velit esse '),(942,67,3398510.884,840,'esse cillum dolore eu fugiat nulla pariatur. Ex'),(943,-102,9486347.940,841,'cupidatat non proident, sunt in culpa qui officia deserunt mol'),(944,89,6420331.994,842,'aute irure dolor in reprehenderit in voluptate velit esse cillum dolore'),(945,-36,544832.471,843,'dolore magna aliqua. Ut enim a'),(946,-38,1349185.261,844,'adipiscing'),(947,94,2164579.315,845,'anim id est laborum.Lor'),(948,-91,6953154.353,846,'quis nostrud exercitation ullamco laboris nisi ut aliquip ex ea commodo consequat. Duis aute i'),(949,124,9248351.652,847,'commodo consequat. Duis aute irure dolor in repr'),(950,95,3885142.680,848,'aute irure do'),(951,-3,7308564.932,849,'sit '),(952,-96,3192914.748,850,'aliqua. Ut e'),(953,-101,9026887.354,851,'enim ad minim veniam, quis nostrud exercitation ullamco laboris nisi ut aliquip'),(954,-14,498619.105,852,'dolor sit amet, consectetur adipiscing elit, sed do eiusmod tempor incididunt u'),(955,-48,7013952.146,853,'cupidatat non proident, sunt in culpa qui officia deserunt moll'),(956,-21,2386828.827,854,'ex ea commodo consequat'),(957,-93,5192622.743,855,'mollit anim '),(958,-61,6422176.930,856,'Excepteur sint occaecat cupidatat non proident, sunt in c'),(959,102,1631550.510,857,'velit esse cillum dolore eu fugiat nulla pariatur. Excepteur sint occa'),(960,38,5660635.382,858,'irure dolor in reprehenderit in voluptate velit esse cillum dolore eu fugiat nulla '),(961,117,6616791.497,859,'in reprehenderit in voluptate velit'),(962,-11,7721929.734,860,'Duis aute irure dolor in reprehenderit in volupta'),(963,-40,9655968.194,861,'ut labore et dolore m'),(964,-114,2561705.147,862,'id est laborum.Lorem ip'),(965,4,1451843.708,863,'aliquip ex ea commodo consequat. Duis aute irure dolor in '),(966,-73,5742739.675,864,'elit, sed do eiusm'),(967,41,1782608.864,865,'Lorem ipsum dolor sit amet, consectetur adipi'),(968,82,2893912.314,866,'cillum dolore eu fugiat nulla'),(969,35,8970885.653,867,'in reprehenderit in voluptate velit esse cillum dolore eu fugiat nulla pariatur. Excepteur sint occa'),(970,83,6848008.564,868,'officia deserunt mollit anim id est labo'),(971,-32,3198754.667,869,'pariatur. Excepteur sint occaecat cupidatat non p'),(972,82,7756418.883,870,'consequat. Duis aute iru'),(973,-1,9508537.570,871,'dolore eu fugiat nulla par'),(974,110,9493889.864,872,'veniam, quis nostrud exercitation ullamco laboris nisi ut aliquip ex ea commodo consequat.'),(975,13,7109306.709,873,'Excepteur sint occaecat cupidatat non proi'),(976,68,7534113.620,874,'reprehenderit in voluptate velit esse cillum dolore eu fugiat nulla pariat'),(977,95,3271756.696,875,'eu fugiat '),(978,101,219057.589,876,'et'),(979,-125,1710255.528,877,'sed do eiusmod tempor incididunt ut labore et do'),(980,31,5063591.953,878,'deserun'),(981,34,9379529.572,879,'ad minim veniam, quis nostrud exerc'),(982,44,5939076.999,880,'laboris nisi ut aliquip ex ea commodo conseq'),(983,-8,3143332.444,881,'sed do eiusmod tempor incididunt ut labore et dolore magna aliqua. Ut enim ad minim v'),(984,24,7559269.669,882,'deseru'),(985,96,3076254.510,883,'magna aliq'),(986,68,299642.347,884,'minim veniam, qu'),(987,-10,9067156.104,885,'ut labore et dolore magna aliqua. Ut enim ad minim veniam, quis no'),(988,-68,3092569.806,886,'sunt in culpa qui officia deserunt mollit anim id est laborum.Lorem ipsum dolor s'),(989,-49,6928203.791,887,'sint occaecat cupidatat non proident, sun'),(990,101,3025676.780,888,'voluptate velit esse cillum dolore eu fugiat nulla pariatur. Excepteur sint occaecat cupida'),(991,-75,4381374.940,889,'ad minim veniam, quis nostrud exercita'),(992,-111,2654532.356,890,'consequat. Duis aute irure dolor in reprehenderit in volup'),(993,-122,9832635.412,891,'sunt in cul'),(994,50,9931549.295,892,'ullamco laboris nisi ut aliquip ex ea commodo consequat. Duis aute irure dolor '),(995,18,201937.709,893,'enim ad minim veniam, quis nostrud exercitation ullamco '),(996,-83,9999277.650,894,'veniam, quis nostrud exercitation ullamco labor'),(997,-13,815714.714,895,'qui officia deserunt mollit anim'),(998,-2,7229131.387,896,'sunt in culpa qui officia deserunt mollit anim id est laborum.Lorem i'),(999,104,4612881.611,897,'sint occaecat cupidatat non proident, '),(1000,17,681438.953,898,'amet, consectetur adipiscing elit, sed do eiusmod tempor incididunt ut labore et dolore magna aliqu'),(1001,-21,6432743.682,899,'quis nostrud exercitation ullamco laboris nisi u'),(1002,117,2150882.609,900,'deserunt mollit anim id est lab'),(1003,-23,4061697.639,901,'magna '),(1004,84,2803074.387,902,'elit, sed d'),(1005,23,5770514.751,903,'nisi ut aliquip ex ea commodo consequat. Duis aute irure dolor in'),(1006,65,5829422.279,904,'adipiscing elit, sed do eiusmod tempor incididunt ut labore et dolore magna aliq'),(1007,-46,4914050.625,905,'ut labore et dolore magna aliq'),(1008,97,3031071.985,906,'adipiscing elit, sed do eiusmod tempor incididunt ut labo'),(1009,13,3838963.419,907,'in repr'),(1010,-41,7446717.793,908,'consectetur a'),(1011,-26,7875620.445,909,'fugiat nulla pariatur. Excepteur sint occaecat cupidatat non proident'),(1012,-53,7210302.141,910,'enim ad minim veniam, quis nostrud exercitation ullam'),(1013,-86,6873187.607,911,'quis nostrud exercitation ullamco laboris nisi ut aliquip'),(1014,70,7457201.660,912,'in voluptate velit esse cillum dolore eu fugiat nulla paria'),(1015,-2,3304304.824,913,'non p'),(1016,110,9374750.860,914,'Duis aute irure dolor in reprehenderit i'),(1017,-87,4687005.778,915,'mollit anim id est laborum.Lorem ipsum dolor sit amet, consectetur adipisc'),(1018,-78,4241054.125,916,'anim id est laborum.Lorem ipsum dolor sit amet, consectetur adipiscing elit, sed do eiusmod tempo'),(1019,-86,2298656.630,917,'sit amet, consectetur'),(1020,117,1861426.958,918,'et dolore m'),(1021,-105,9758601.140,919,'Duis aute irure dolor in reprehenderit in voluptate velit esse cillum dolore eu fugiat '),(1022,56,2866067.687,920,'tempor incididunt ut labore et dolore magna aliqua. Ut enim ad minim veniam, quis nostrud exerci'),(1023,95,8625992.450,921,'quis nostrud exercitat'),(1024,-39,2491855.303,922,'do eiusmod tempor '),(1025,-92,7814405.934,923,'id est laboru'),(1026,76,7207681.786,924,'incididunt ut labore et dolore magna aliqua. Ut enim ad minim veniam, quis nostrud exer'),(1027,123,6657169.637,925,'adipiscing elit, sed do eiusmod tempor incididunt ut labore et dolore magna aliqua. Ut enim ad '),(1028,3,9053496.441,926,'reprehenderit in voluptate velit esse cillum dolore eu fugiat nulla par'),(1029,-26,4030017.916,927,'nulla pariatur. Excepteur sint occaecat cupidatat non proiden'),(1030,54,944111.356,928,'cillum dolore eu fugiat nulla pariatur. Excepteur sint occaecat cupidatat non '),(1031,17,4459989.355,929,'co'),(1032,-71,2457939.938,930,'nulla pariatur. Excepteur sint occaecat cupidatat non proident, sunt in culpa '),(1033,88,4900975.383,931,'in voluptate velit esse cillum dolore eu fugiat nulla pariatur. Excepteur sint oc'),(1034,-48,7822937.562,932,'magna aliqua. Ut enim ad minim veniam, quis nostrud exercitation ullamco laboris nisi ut aliquip '),(1035,37,2868034.397,933,'ut labore et dolore magna aliqua. Ut enim ad minim '),(1036,12,5561863.699,934,'ullamco laboris nisi ut aliquip ex ea commo'),(1037,-66,1759830.107,935,'ut labore et dolore magna aliqua. Ut enim ad m'),(1038,-79,3971991.492,936,'laboris nisi ut aliquip ex ea commodo consequat. Duis aute irure dolor in reprehenderit in volup'),(1039,76,6829350.800,937,'sint occaecat cupidatat non proident,'),(1040,43,6517283.560,938,'irure dolor in reprehenderit in voluptate velit esse cillum dolore eu fugiat nulla pariatur. '),(1041,-13,4831235.229,939,'minim veniam, qui'),(1042,46,2254300.296,940,'ullamco labori'),(1043,91,5635872.646,941,'aute irure dolor in reprehenderit in voluptate velit esse cillum dolore eu fugiat nulla pariat'),(1044,127,2194904.128,942,'magna aliqua. Ut enim ad minim veniam, quis nostrud exercitation ullamc'),(1045,-39,9719231.630,943,'sint occ'),(1046,14,1066439.544,944,'in voluptate velit esse '),(1047,-59,2070083.588,945,'ipsum dolor sit a'),(1048,-110,6442566.917,946,'sunt in culpa qui officia d'),(1049,-1,3000205.604,947,'et d'),(1050,-128,3343060.755,948,'aute irure dolor in reprehenderit in voluptate v'),(1051,-55,5253765.798,949,'consequat. Duis aute irure dolor in reprehe'),(1052,-15,9162726.710,950,'e'),(1053,-59,2934126.539,951,'aliquip ex'),(1054,40,9617249.870,952,'ullamco laboris nisi ut aliquip ex ea commodo consequat. Duis au'),(1055,-26,8562609.463,953,'dolor sit amet, consectetur a'),(1056,59,9100336.959,954,'volupta'),(1057,111,1582766.809,955,'incididu'),(1058,-108,6025263.264,956,'exercitation ullamco laboris nisi ut aliquip ex ea commodo consequat. Duis aute irure dolo'),(1059,73,7741074.288,957,'nulla pariatur. Excepteur sint occaeca'),(1060,39,6225621.502,958,'nostrud exercitation ullamc'),(1061,-32,8307265.651,959,'sed do eiusmod tempor incididunt ut labore et dolore magna aliqua. Ut enim ad minim'),(1062,-120,1332432.859,960,'ullamco laboris nisi ut aliquip ex ea commodo consequat. Duis a'),(1063,30,8019373.754,961,'deserunt mollit anim id est laborum.Lorem ipsum dolor sit amet, consec'),(1064,17,8294500.691,962,'Ut enim ad minim veniam, quis nos'),(1065,124,2773110.501,963,'aliqua. Ut enim ad minim veniam, quis nostrud exercitation ullamco laboris n'),(1066,67,9060509.414,964,'sunt in culpa qui off'),(1067,-39,5147615.580,965,'ut labore et do'),(1068,-89,1910304.341,966,'ad minim'),(1069,112,376553.150,967,'Excepteur sint occaecat cupidatat no'),(1070,-99,2250355.688,968,'Ut enim'),(1071,-80,8713595.360,969,'labo'),(1072,105,6751036.868,970,'officia deserunt mollit anim id est laborum.Lorem ipsum dolor sit amet, consectetu'),(1073,11,174647.332,971,'eiusmod tempor incididunt ut labore et dolore magna al'),(1074,-9,401026.280,972,'sed do eiusmod tempor incididunt ut labore et dolore magna aliqua. Ut enim ad minim veniam'),(1075,40,6636693.184,973,'adipiscing elit, sed do eiusmod tempor'),(1076,2,4841700.280,974,'sint occaecat cupidatat non proident, sunt in culpa qui officia de'),(1077,-97,6797164.605,975,'in vo'),(1078,-100,4759335.603,976,'Excepteur sint occaecat cupidatat non proident, sunt in culpa q'),(1079,-97,4411026.754,977,'anim id est laborum.Lorem'),(1080,96,6335672.889,978,'proident, sunt in culpa qui officia deserunt mollit anim id est laborum.Lorem ipsum dolor s'),(1081,10,3882051.916,979,'Ut enim ad minim veniam, quis nostrud ex'),(1082,122,8933917.947,980,'magna '),(1083,114,8430187.590,981,'adipiscing elit, sed do eiusmod tempor incididunt ut labore et dolore magna aliqua. Ut enim ad'),(1084,-54,2435364.409,982,'adipiscing elit, sed do eiusmod tempor incididunt ut lab'),(1085,16,8840099.263,983,'Excepteur sint occaecat cupidatat non proident, sunt in culpa qui o'),(1086,62,4284306.491,984,'officia deserunt mollit anim id est la'),(1087,-70,8831083.560,985,'Excepteur sint occaecat cupidatat non proident, sunt in culpa qui officia de'),(1088,8,2262280.273,986,'et dolore magna aliqua. Ut enim ad minim ven'),(1089,-96,2345964.743,987,'cupidatat non proident, sunt in culpa qui officia'),(1090,34,1667277.738,988,'qui officia deserunt mollit anim id est laborum.Lorem ipsum'),(1091,113,7857074.297,989,'in culpa'),(1092,-93,7830341.918,990,'c'),(1093,-75,2092436.876,991,'velit esse cillum '),(1094,68,3856780.590,992,'magna aliqua. Ut enim ad minim veniam, quis nostrud exerci'),(1095,71,6215669.300,993,'aliqua. Ut enim ad minim veniam, quis nostrud exercitation ullamco'),(1096,-94,3153261.160,994,'mollit anim i'),(1097,37,8847196.826,995,'nostrud exercitation ullamco laboris nisi ut ali'),(1098,24,2706335.333,996,'ullamco laboris nisi ut aliquip ex ea commodo consequat. Duis aute irure dolor in re'),(1099,116,3592487.788,997,'cul'),(1100,-49,5014547.417,998,'non pr'),(1101,90,4624598.418,999,'aliquip ex ea commodo consequat. Duis aute irure dolor in reprehenderit in voluptate velit esse '),(1102,20,6278524.227,1000,'nostrud exercitation ullamco ');
/*!40000 ALTER TABLE `produto` ENABLE KEYS */;
UNLOCK TABLES;

--
-- Table structure for table `vend_prod`
--

DROP TABLE IF EXISTS `vend_prod`;
/*!40101 SET @saved_cs_client     = @@character_set_client */;
/*!40101 SET character_set_client = utf8 */;
CREATE TABLE `vend_prod` (
  `preco_unitario` decimal(10,2) NOT NULL,
  `quantidade` int(11) NOT NULL,
  `cod_venda` int(11) NOT NULL,
  `cod_produto` int(11) NOT NULL,
  KEY `cod_venda` (`cod_venda`),
  KEY `cod_produto` (`cod_produto`),
  CONSTRAINT `vend_prod_ibfk_1` FOREIGN KEY (`cod_venda`) REFERENCES `vendas` (`codigo`),
  CONSTRAINT `vend_prod_ibfk_2` FOREIGN KEY (`cod_produto`) REFERENCES `produto` (`codigo`)
) ENGINE=InnoDB DEFAULT CHARSET=utf8mb4;
/*!40101 SET character_set_client = @saved_cs_client */;

--
-- Dumping data for table `vend_prod`
--

LOCK TABLES `vend_prod` WRITE;
/*!40000 ALTER TABLE `vend_prod` DISABLE KEYS */;
/*!40000 ALTER TABLE `vend_prod` ENABLE KEYS */;
UNLOCK TABLES;

--
-- Table structure for table `vendas`
--

DROP TABLE IF EXISTS `vendas`;
/*!40101 SET @saved_cs_client     = @@character_set_client */;
/*!40101 SET character_set_client = utf8 */;
CREATE TABLE `vendas` (
  `codigo` int(11) NOT NULL AUTO_INCREMENT,
  `cod_cliente` int(11) NOT NULL,
  `cod_caixa` int(11) NOT NULL,
  `data_venda` date NOT NULL,
  `forma_de_pagamento` varchar(40) NOT NULL,
  PRIMARY KEY (`codigo`),
  KEY `cod_cliente` (`cod_cliente`),
  KEY `cod_caixa` (`cod_caixa`),
  CONSTRAINT `vendas_ibfk_1` FOREIGN KEY (`cod_cliente`) REFERENCES `cliente` (`codigo`),
  CONSTRAINT `vendas_ibfk_2` FOREIGN KEY (`cod_caixa`) REFERENCES `caixa` (`codigo`)
) ENGINE=InnoDB AUTO_INCREMENT=101 DEFAULT CHARSET=utf8mb4;
/*!40101 SET character_set_client = @saved_cs_client */;

--
-- Dumping data for table `vendas`
--

LOCK TABLES `vendas` WRITE;
/*!40000 ALTER TABLE `vendas` DISABLE KEYS */;
INSERT INTO `vendas` VALUES (1,24,80,'2009-08-21','sint occaecat cupidatat non pr'),(2,54,82,'1985-11-22','cupidatat non proi'),(3,71,16,'1992-03-01','id est laborum.L'),(4,90,8,'1981-08-19','dolor sit amet, consectetur a'),(5,49,15,'1998-03-08','dolore eu fugiat nulla pariatur. Excepte'),(6,25,91,'2018-03-19','magna ali'),(7,11,95,'1981-04-21','in reprehenderit in volu'),(8,12,75,'2017-07-04','tempor incididunt ut labor'),(9,93,3,'1996-05-14','pari'),(10,96,27,'1984-02-08','Ut enim ad minim veniam, '),(11,90,39,'2007-07-17','deserunt mollit anim'),(12,17,26,'1983-06-17','in voluptate velit esse cillum dol'),(13,82,44,'1980-09-10','deserunt mollit anim'),(14,68,63,'1998-02-16','Ut enim ad minim veniam, quis nostrud ex'),(15,93,91,'1984-07-07','elit, sed do eiusmod tempor '),(16,48,43,'1990-01-04','nulla pariatur. E'),(17,75,96,'2008-10-14','Excepteur sint occaecat cupi'),(18,89,72,'2017-08-12','in v'),(19,57,96,'1989-09-10','enim ad minim veniam, qu'),(20,73,70,'2014-11-19','dolor in repre'),(21,62,100,'1991-05-17','ex ea com'),(22,37,53,'2006-06-13','sint occaecat cupidatat non'),(23,81,55,'2019-10-06','ut aliquip ex ea commodo co'),(24,25,62,'2003-02-16','exercitation ullamco laboris nisi '),(25,42,32,'2004-05-21','occaecat cupidatat non proident, su'),(26,45,54,'2004-09-26','ve'),(27,65,17,'1988-10-13','nulla pariatur. E'),(28,23,61,'2010-04-01','irure dolor in reprehenderit in '),(29,77,20,'1987-12-20','cupidatat non proid'),(30,61,100,'1991-05-08','cup'),(31,65,84,'2018-01-03','de'),(32,43,80,'1989-12-20','in voluptate velit esse cillum dolore '),(33,94,21,'2005-01-27','quis nostrud exercitation ull'),(34,76,65,'2015-09-29','in reprehenderit in voluptate velit '),(35,3,89,'2011-07-15','ex ea commodo consequat. Duis aute '),(36,27,88,'2018-08-22','nostrud exe'),(37,70,85,'2014-11-05','mollit '),(38,46,28,'2017-03-24','sed do'),(39,42,27,'2005-01-21','sed do eiusmod tempo'),(40,80,29,'1988-01-11','sit am'),(41,24,43,'2019-01-11','adipiscing elit, sed do'),(42,93,90,'1990-12-23','aute irure dolor in reprehen'),(43,23,31,'1989-07-20','sed do eiusm'),(44,39,92,'1984-04-20','et do'),(45,51,95,'2004-06-03','velit esse cillum dolore eu fugia'),(46,87,44,'1998-12-30','laboris nisi ut aliquip ex ea c'),(47,58,79,'2000-02-23','incididunt ut labore et dolore '),(48,53,20,'2018-07-23','nisi ut aliquip ex ea commodo conse'),(49,8,86,'1981-12-23','rum.Lorem ipsum dolor sit amet'),(50,2,93,'1992-08-17','ut labore et dolore magn'),(51,15,20,'1989-10-07','exercitation ullamco laboris nis'),(52,46,10,'2013-07-02','laborum.Lorem ipsum dol'),(53,14,5,'2006-09-03','ex ea '),(54,19,4,'1988-08-15','culpa qui officia deserunt mollit anim'),(55,100,5,'2009-07-06','rum.Lorem ipsum dolor sit amet'),(56,2,7,'1994-04-24','qui officia '),(57,59,57,'2000-08-08','Duis aute irure dolor in reprehenderit'),(58,54,48,'1986-04-28','vel'),(59,28,17,'1989-12-27','in voluptat'),(60,58,32,'1986-01-13','id est laborum.Lorem ipsum dolor si'),(61,56,28,'2019-07-30','sint occae'),(62,94,80,'2012-08-30','adipiscing'),(63,65,77,'1983-04-28','officia deserun'),(64,76,16,'2001-03-15','an'),(65,28,7,'2010-02-04','ipsum dolor sit amet'),(66,5,9,'1997-03-29','in culpa qui offici'),(67,29,48,'1987-10-27','tempor incididunt ut labore et do'),(68,41,5,'1998-12-11','dolor in reprehenderit in volupt'),(69,82,43,'1989-01-28','eu'),(70,78,31,'1987-03-14','dolor '),(71,14,31,'1984-02-06','quis nostrud exercitat'),(72,21,12,'2012-10-30','anim id est laborum.Lorem ipsum dolor'),(73,53,5,'2019-08-13','aliquip ex ea commodo consequat. Du'),(74,26,99,'2013-07-12','sit amet, consectetur adipi'),(75,53,69,'1998-01-16','sint occaecat cupidatat'),(76,87,65,'1980-01-18','dolore eu fugiat nulla'),(77,1,94,'1998-03-09','exercitation ullamco laboris nisi '),(78,43,72,'2014-03-08','ut labore et dolore magna aliqua'),(79,30,20,'1992-10-13','dolore eu fugia'),(80,8,64,'2019-01-01','velit esse cillum dolore'),(81,68,72,'2012-01-29','proident, sunt in'),(82,76,62,'2015-12-08','sit amet, consecte'),(83,23,75,'1998-01-04','incididunt'),(84,78,97,'1988-09-10','ut labore et dol'),(85,47,41,'1996-07-04','dolore eu fugiat nulla pariatur. Except'),(86,99,52,'1983-08-19','adipiscing elit, '),(87,34,93,'2003-09-21','nisi ut aliquip ex ea commodo consequat'),(88,40,71,'1988-10-30','est laborum.Lorem ipsum dolor si'),(89,96,98,'2014-04-08','sint occae'),(90,96,62,'1997-09-03','d'),(91,69,78,'2015-05-04','deserunt mollit'),(92,7,7,'2004-05-30','occaecat cupidatat n'),(93,21,43,'1984-09-22','dolore magna '),(94,58,82,'1990-01-01','dolore magn'),(95,49,60,'2013-07-12','veniam, quis nostrud exercitation u'),(96,1,21,'1989-04-08','Excepteur sint occaecat cupidata'),(97,83,82,'2003-11-19','Duis aute irure dol'),(98,44,52,'2015-04-02','magna al'),(99,23,80,'1985-08-12','ut labor'),(100,35,31,'2006-09-04','velit esse cillum dolore eu ');
/*!40000 ALTER TABLE `vendas` ENABLE KEYS */;
UNLOCK TABLES;

--
-- Dumping routines for database 'cantagalo'
--
/*!40103 SET TIME_ZONE=@OLD_TIME_ZONE */;

/*!40101 SET SQL_MODE=@OLD_SQL_MODE */;
/*!40014 SET FOREIGN_KEY_CHECKS=@OLD_FOREIGN_KEY_CHECKS */;
/*!40014 SET UNIQUE_CHECKS=@OLD_UNIQUE_CHECKS */;
/*!40101 SET CHARACTER_SET_CLIENT=@OLD_CHARACTER_SET_CLIENT */;
/*!40101 SET CHARACTER_SET_RESULTS=@OLD_CHARACTER_SET_RESULTS */;
/*!40101 SET COLLATION_CONNECTION=@OLD_COLLATION_CONNECTION */;
/*!40111 SET SQL_NOTES=@OLD_SQL_NOTES */;

-- Dump completed on 2019-09-13 17:37:53
