-- MySQL dump 10.16  Distrib 10.2.25-MariaDB, for Linux (x86_64)
--
-- Host: localhost    Database: cantagalo
-- ------------------------------------------------------
-- Server version	10.2.25-MariaDB

/*!40101 SET @OLD_CHARACTER_SET_CLIENT=@@CHARACTER_SET_CLIENT */;
/*!40101 SET @OLD_CHARACTER_SET_RESULTS=@@CHARACTER_SET_RESULTS */;
/*!40101 SET @OLD_COLLATION_CONNECTION=@@COLLATION_CONNECTION */;
/*!40101 SET NAMES utf8 */;
/*!40103 SET @OLD_TIME_ZONE=@@TIME_ZONE */;
/*!40103 SET TIME_ZONE='+00:00' */;
/*!40014 SET @OLD_UNIQUE_CHECKS=@@UNIQUE_CHECKS, UNIQUE_CHECKS=0 */;
/*!40014 SET @OLD_FOREIGN_KEY_CHECKS=@@FOREIGN_KEY_CHECKS, FOREIGN_KEY_CHECKS=0 */;
/*!40101 SET @OLD_SQL_MODE=@@SQL_MODE, SQL_MODE='NO_AUTO_VALUE_ON_ZERO' */;
/*!40111 SET @OLD_SQL_NOTES=@@SQL_NOTES, SQL_NOTES=0 */;

--
-- Table structure for table `caixa`
--

DROP TABLE IF EXISTS `caixa`;
/*!40101 SET @saved_cs_client     = @@character_set_client */;
/*!40101 SET character_set_client = utf8 */;
CREATE TABLE `caixa` (
  `codigo` int(11) NOT NULL AUTO_INCREMENT,
  `data` date NOT NULL,
  `preco_total` decimal(10,2) NOT NULL,
  `saida` decimal(10,2) DEFAULT NULL,
  `codigo_cliente` int(11) NOT NULL,
  PRIMARY KEY (`codigo`),
  KEY `codigo_cliente` (`codigo_cliente`),
  CONSTRAINT `caixa_ibfk_1` FOREIGN KEY (`codigo_cliente`) REFERENCES `cliente` (`codigo`)
) ENGINE=InnoDB AUTO_INCREMENT=201 DEFAULT CHARSET=utf8mb4;
/*!40101 SET character_set_client = @saved_cs_client */;

--
-- Dumping data for table `caixa`
--

LOCK TABLES `caixa` WRITE;
/*!40000 ALTER TABLE `caixa` DISABLE KEYS */;
INSERT INTO `caixa` VALUES (1,'1995-10-17',34080468.61,1.00,79),(2,'1987-04-17',92895536.90,2.00,4),(3,'1995-04-28',21064270.87,3.00,34),(4,'2008-09-28',29534156.98,4.00,89),(5,'2018-08-09',22983248.57,5.00,25),(6,'1990-11-09',59318888.95,6.00,80),(7,'1989-09-09',37763648.91,7.00,84),(8,'2012-08-10',84283632.73,8.00,9),(9,'2002-08-02',16119564.71,9.00,100),(10,'1981-03-25',86268216.82,10.00,87),(11,'2017-07-23',9658432.14,11.00,94),(12,'2019-11-06',72465408.31,12.00,95),(13,'2017-02-06',8942348.85,13.00,86),(14,'1984-03-29',12508291.15,14.00,13),(15,'2017-12-07',71020720.25,15.00,40),(16,'1993-07-28',26058214.17,16.00,88),(17,'2013-02-11',15301973.90,17.00,27),(18,'1997-09-20',53434760.91,18.00,73),(19,'1997-06-23',60834192.96,19.00,22),(20,'2009-05-16',90270168.17,20.00,14),(21,'1980-09-29',73151424.68,21.00,81),(22,'1996-09-23',74162648.64,22.00,19),(23,'1991-03-22',22412264.51,23.00,20),(24,'2013-06-20',74599744.25,24.00,25),(25,'2011-09-20',40769808.44,25.00,55),(26,'2013-07-21',93841344.37,26.00,20),(27,'2014-03-19',21490104.54,27.00,68),(28,'2014-08-03',36870308.42,28.00,35),(29,'2011-11-30',67564776.29,29.00,36),(30,'2005-04-03',42878704.91,30.00,35),(31,'1990-03-19',67290696.96,31.00,93),(32,'1994-01-21',93063576.21,32.00,9),(33,'2007-12-09',18924684.97,33.00,35),(34,'2000-03-19',62823528.57,34.00,84),(35,'2000-12-17',18037784.50,35.00,6),(36,'1985-08-28',77906136.47,36.00,85),(37,'2011-04-09',58126648.12,37.00,10),(38,'1989-10-24',59846888.16,38.00,4),(39,'2017-07-14',27485908.81,39.00,87),(40,'2012-07-07',16417265.92,40.00,95),(41,'2001-11-29',39966316.76,41.00,96),(42,'1982-10-16',97079328.29,42.00,32),(43,'1981-03-15',42260944.72,43.00,28),(44,'1992-04-13',5004990.89,44.00,68),(45,'1994-12-28',50560988.64,45.00,79),(46,'1991-07-29',38502248.85,46.00,15),(47,'2018-04-11',91151648.17,47.00,81),(48,'1990-01-22',42201404.50,48.00,34),(49,'1990-11-02',35687280.94,49.00,6),(50,'2011-09-20',37658232.44,50.00,15),(51,'2010-10-02',16965670.50,51.00,66),(52,'1981-12-28',93757064.59,52.00,79),(53,'1980-12-02',96050080.94,53.00,56),(54,'1982-03-24',98136616.97,54.00,44),(55,'2016-08-30',89161136.77,55.00,29),(56,'1989-03-05',24568158.53,56.00,60),(57,'1981-07-20',92039496.20,57.00,44),(58,'1984-05-03',19606668.83,58.00,56),(59,'2001-05-28',1187527.20,59.00,33),(60,'2015-08-19',80789224.58,60.00,55),(61,'1985-08-30',92817744.35,61.00,62),(62,'1999-12-24',83112600.85,62.00,47),(63,'2011-12-25',317156.17,63.00,17),(64,'2018-03-25',59487920.30,64.00,36),(65,'1994-10-01',24988038.00,65.00,94),(66,'1983-09-10',22410614.45,66.00,74),(67,'2006-08-11',19721300.99,67.00,39),(68,'2011-02-11',60327272.85,68.00,93),(69,'2004-02-27',24632704.95,69.00,35),(70,'2001-10-22',74319936.98,70.00,47),(71,'1996-03-30',82642696.44,71.00,30),(72,'1984-11-09',74014896.47,72.00,61),(73,'1982-05-26',73167936.63,73.00,18),(74,'1993-03-31',375920.32,74.00,48),(75,'2018-05-26',26738744.16,75.00,60),(76,'1991-03-07',25637382.10,76.00,91),(77,'1987-03-26',2247715.84,77.00,70),(78,'2009-12-02',24514956.11,78.00,5),(79,'1999-03-09',53017348.69,79.00,94),(80,'1993-05-08',57502068.17,80.00,92),(81,'1993-11-02',85859592.74,81.00,82),(82,'2005-02-01',37087060.87,82.00,69),(83,'1995-10-13',38260156.78,83.00,81),(84,'2019-06-18',5737316.65,84.00,26),(85,'2014-05-10',98790176.48,85.00,62),(86,'2009-04-02',74183736.51,86.00,22),(87,'1987-05-06',62425388.90,87.00,63),(88,'1995-08-11',97656280.35,88.00,33),(89,'1994-09-20',9798402.29,89.00,62),(90,'1994-10-28',93084792.29,90.00,73),(91,'1985-08-18',93245336.91,91.00,41),(92,'1982-11-06',72768056.50,92.00,29),(93,'2019-03-17',95119688.39,93.00,83),(94,'1983-03-05',29569500.35,94.00,96),(95,'1981-03-27',39081032.83,95.00,40),(96,'2001-10-13',9324074.94,96.00,62),(97,'2003-11-01',3334272.79,97.00,96),(98,'1995-11-30',40903540.47,98.00,22),(99,'2003-04-18',28069520.10,99.00,8),(100,'2016-04-20',20416438.92,100.00,96),(101,'1980-02-16',73175536.72,1.00,22),(102,'1999-10-01',21920812.11,2.00,49),(103,'2003-02-22',91740904.72,3.00,47),(104,'1990-07-03',45662104.97,4.00,50),(105,'2003-03-19',77023712.80,5.00,56),(106,'1989-03-27',46761300.65,6.00,35),(107,'2013-12-28',26172482.55,7.00,86),(108,'1999-05-07',81660432.29,8.00,25),(109,'2000-05-04',81259664.44,9.00,15),(110,'2019-03-19',93915216.13,10.00,41),(111,'2001-09-03',58093684.60,11.00,55),(112,'1985-04-16',61990268.00,12.00,1),(113,'1997-03-02',26567162.94,13.00,96),(114,'1994-11-04',63087516.17,14.00,92),(115,'1993-02-05',66305016.37,15.00,52),(116,'2013-10-28',32962066.44,16.00,55),(117,'2014-01-18',25732798.97,17.00,4),(118,'2003-09-09',12460470.32,18.00,51),(119,'1988-01-25',43293500.39,19.00,29),(120,'2008-05-12',41800340.40,20.00,83),(121,'1999-01-26',96107576.95,21.00,17),(122,'1984-03-28',62635440.65,22.00,74),(123,'1991-06-29',43914588.74,23.00,87),(124,'1993-03-29',67768128.30,24.00,28),(125,'1986-05-23',49989080.11,25.00,85),(126,'1995-06-15',58843952.54,26.00,23),(127,'2003-04-13',21531134.38,27.00,59),(128,'1986-01-28',26167864.29,28.00,79),(129,'1980-06-27',751954.90,29.00,39),(130,'1998-10-23',2405077.94,30.00,29),(131,'1987-12-07',5774939.95,31.00,69),(132,'1995-05-17',96674440.37,32.00,96),(133,'1991-06-09',14136463.57,33.00,40),(134,'2011-12-01',28519702.70,34.00,26),(135,'1989-07-28',67991136.58,35.00,48),(136,'2003-12-22',26381832.80,36.00,33),(137,'2008-06-19',71311984.34,37.00,81),(138,'2003-04-27',64230364.69,38.00,13),(139,'1993-07-13',27945132.79,39.00,13),(140,'2014-06-27',97495608.83,40.00,73),(141,'2007-03-21',13164294.50,41.00,10),(142,'2010-03-17',47738672.39,42.00,1),(143,'1996-03-07',78516272.32,43.00,13),(144,'2005-02-17',29779350.60,44.00,58),(145,'2006-12-08',3712463.55,45.00,56),(146,'2003-07-08',28260624.10,46.00,47),(147,'1994-10-02',43872124.68,47.00,49),(148,'1988-03-10',8663750.22,48.00,12),(149,'2012-07-30',84643384.53,49.00,72),(150,'1997-04-12',94213408.82,50.00,11),(151,'2009-07-31',41011524.50,51.00,17),(152,'1984-12-02',91353032.40,52.00,95),(153,'2019-05-05',92658768.46,53.00,40),(154,'1994-02-27',96765520.97,54.00,68),(155,'1991-06-21',84584424.32,55.00,61),(156,'2005-02-09',45314044.90,56.00,75),(157,'2003-03-19',76661656.10,57.00,95),(158,'1995-04-10',45645332.20,58.00,67),(159,'1984-02-01',60540676.57,59.00,62),(160,'2004-08-27',16209191.18,60.00,3),(161,'1984-11-04',82766456.18,61.00,1),(162,'1992-06-11',54591620.16,62.00,97),(163,'1995-12-18',95429912.90,63.00,72),(164,'2017-08-06',5635142.88,64.00,95),(165,'1995-04-26',71698512.70,65.00,21),(166,'1999-12-02',4942614.50,66.00,42),(167,'2006-12-14',65068692.66,67.00,98),(168,'1984-02-24',62955020.22,68.00,31),(169,'1990-12-14',95356248.85,69.00,2),(170,'1998-10-20',77598688.84,70.00,51),(171,'1997-03-29',18811054.46,71.00,46),(172,'2016-08-01',60062616.88,72.00,1),(173,'2002-12-10',87141104.86,73.00,1),(174,'2015-10-21',75956896.71,74.00,3),(175,'2019-01-29',43802936.44,75.00,8),(176,'1999-11-04',23092836.68,76.00,51),(177,'2018-09-12',14117271.31,77.00,37),(178,'1987-01-27',25403858.70,78.00,22),(179,'2015-05-26',57370424.25,79.00,48),(180,'1988-04-02',40893536.78,80.00,47),(181,'1989-05-11',98145464.86,81.00,94),(182,'1988-03-08',88566944.43,82.00,34),(183,'1984-02-02',95086440.57,83.00,58),(184,'1992-01-21',56499512.76,84.00,51),(185,'2001-03-27',37841940.62,85.00,100),(186,'2013-01-14',79761760.65,86.00,100),(187,'2011-04-12',57079928.91,87.00,85),(188,'1994-02-07',74900320.10,88.00,85),(189,'2010-04-20',53545864.45,89.00,88),(190,'2011-07-23',96937336.25,90.00,100),(191,'2012-04-10',85796216.20,91.00,41),(192,'1982-12-01',88069280.11,92.00,20),(193,'1996-06-17',33435482.57,93.00,21),(194,'2015-01-30',14908791.22,94.00,33),(195,'2019-04-10',74686616.83,95.00,16),(196,'1998-04-03',26521962.36,96.00,30),(197,'1999-03-18',80515240.73,97.00,21),(198,'2008-09-02',99780288.65,98.00,43),(199,'1983-07-02',49199952.40,99.00,53),(200,'2002-07-20',95597960.57,100.00,78);
/*!40000 ALTER TABLE `caixa` ENABLE KEYS */;
UNLOCK TABLES;

--
-- Table structure for table `cidade`
--

DROP TABLE IF EXISTS `cidade`;
/*!40101 SET @saved_cs_client     = @@character_set_client */;
/*!40101 SET character_set_client = utf8 */;
CREATE TABLE `cidade` (
  `nome` varchar(60) NOT NULL,
  `estado` varchar(2) NOT NULL,
  `codigo` int(11) NOT NULL AUTO_INCREMENT,
  PRIMARY KEY (`codigo`),
  UNIQUE KEY `estado` (`estado`)
) ENGINE=InnoDB AUTO_INCREMENT=46 DEFAULT CHARSET=utf8mb4;
/*!40101 SET character_set_client = @saved_cs_client */;

--
-- Dumping data for table `cidade`
--

LOCK TABLES `cidade` WRITE;
/*!40000 ALTER TABLE `cidade` DISABLE KEYS */;
INSERT INTO `cidade` VALUES ('anim id est laborum.Lorem ipsum dolor sit amet,','do',1),('exer','D',2),('fugiat nulla pariatur. Excepteur','se',3),('elit, se','ci',4),('tempor incididunt ut labore et dolore magna aliqua. Ut ','U',5),('commodo consequat. Duis aut','si',6),('in','e',7),('exercitation ullamco laboris nisi ut aliquip ex ea comm','a',8),('reprehender','co',9),('consequat. Duis aute irure dolor in reprehenderit in v','ul',10),('adipiscing elit, sed do eiusmod tempor in','ea',11),('non proident, sunt in culpa qui officia deserunt m','in',12),('veniam, quis nostrud e','n',13),('id est laborum.Lorem ipsum dolor sit amet, consectetur','i',14),('nulla pariatur. Excepteur sint o','al',15),('cupidatat non proident, sunt in culpa qui offic','ad',16),('irure dolor in r','oc',17),('Ut enim ad minim veniam, quis nostr','ut',18),('laborum.Lorem ip','la',20),('ullamco laboris nisi ','s',22),('esse ','ve',23),('proident, sunt in culpa qui officia deserunt mollit anim ','ir',24),('sunt in culpa qui officia deserunt mollit anim id es','L',25),('irure dolor in reprehenderit in voluptate velit e','am',26),('non proident, sunt in c','ma',27),('labore ','m',28),('qui officia deserunt ','cu',29),('adipis','el',30),('TEST','TE',31),('teste','sp',34),('a','aa',36),('aa','sa',42),('Bebedouro123','lk',45);
/*!40000 ALTER TABLE `cidade` ENABLE KEYS */;
UNLOCK TABLES;

--
-- Table structure for table `cliente`
--

DROP TABLE IF EXISTS `cliente`;
/*!40101 SET @saved_cs_client     = @@character_set_client */;
/*!40101 SET character_set_client = utf8 */;
CREATE TABLE `cliente` (
  `codigo` int(11) NOT NULL AUTO_INCREMENT,
  `nome` varchar(80) NOT NULL,
  `CPF` varchar(20) NOT NULL,
  `endereco` varchar(40) NOT NULL,
  `telefone` varchar(20) NOT NULL,
  `ativo` tinyint(1) NOT NULL,
  `id_cidade` int(11) NOT NULL,
  PRIMARY KEY (`codigo`),
  UNIQUE KEY `CPF` (`CPF`),
  KEY `id_cidade` (`id_cidade`),
  CONSTRAINT `cliente_ibfk_1` FOREIGN KEY (`id_cidade`) REFERENCES `cidade` (`codigo`)
) ENGINE=InnoDB AUTO_INCREMENT=401 DEFAULT CHARSET=utf8mb4;
/*!40101 SET character_set_client = @saved_cs_client */;

--
-- Dumping data for table `cliente`
--

LOCK TABLES `cliente` WRITE;
/*!40000 ALTER TABLE `cliente` DISABLE KEYS */;
INSERT INTO `cliente` VALUES (1,'laborum.Lorem ipsum dolor','exerc','consequat. D','sint occaecat',1,28),(2,'anim ','elit, sed do ei','eu fugiat ','proident, sunt in c',67,25),(3,'laboris nisi ut aliqui','ve','sint occaecat cupidatat non pro','culpa qui officia ',1,36),(4,'dolore magna aliqua.','minim','in','ullamco laboris ni',123,1),(5,'ullamco la','ut labor','laboris nisi ut aliquip ex ea commodo co','labor',-48,6),(6,'magna aliqua. Ut enim ad minim veniam, quis nos','anim','nisi ut aliquip ex ea commod','in',98,29),(7,'su','eu fugiat n','m','Excepteur sint ',-37,24),(8,'magna aliqua. Ut enim ad minim veniam, qui','incididunt ut labore','sit amet, ','adipis',6,14),(9,'eiusmod tempor incididunt ut labore et dolore magna aliqua. Ut enim a','do eiusmod tempor i','elit, sed do eiusmod tempor incididun','amet, cons',0,14),(10,'adipiscing elit, sed do eiusmod tempor incididunt ut labore et','velit esse cil','si','vel',-100,22),(11,'ea commodo consequat. Duis aute i','qui offi','nostrud ex','cillum dolore eu',-94,17),(12,'ut aliquip ex ea commodo consequat. Duis aute irure dolor in reprehe','sint occaecat c','ea commodo co','deseru',66,24),(13,'con','temp','tempor incididunt ut labore et dolo','ut labore ',8,11),(14,'dolor in reprehenderit in vol','tempor in','id est lab','sunt i',12,10),(15,'fugiat nulla pariatur. Excepteur sint occaecat cupidatat non proi','cupidat','ex ea commodo consequat.','do e',-128,26),(16,'deserunt mollit anim id est laborum.Lorem i','ut aliquip ex','ut labore et dolore ma','consequ',0,10),(17,'Ut enim ad minim veniam,','ex ea c','et dolore ma','a',-107,25),(18,'Duis aute irure dolor in reprehenderit in voluptate velit esse cillum dolore eu ','exerci','anim id est laborum.Lorem ipsum do','irure dolor',-35,8),(19,'in culpa qui officia deserunt mollit anim id est laborum.Lorem','commodo consequat. ','in voluptate velit esse cillum dolo','cupidata',-66,24),(20,'Ut enim ad minim veniam, quis nos','exercitation u','anim id est laborum.Lorem ipsum','Lorem ip',99,3),(21,'eu fugiat nulla pariatur. Excepteur','tempor','veniam, quis nostrud exercitat','a',-33,17),(22,'in reprehenderit in voluptate velit esse cillum dolore eu fugiat nulla','laboris nis','ex ','minim v',-127,26),(23,'dolor sit amet, consectetur adipiscing elit, sed do eiusm','nisi u','Ut enim ad minim veniam, quis nostrud','e',8,16),(24,'quis nostrud exercitation ullamco','deserunt mollit ','magna aliqua. Ut enim ad mi','laboris nisi ut ali',47,30),(25,'exercitation ullamco laboris ','pariatur. Exc','dolor s','velit',104,9),(26,'occaecat','laborum.Lorem','adipiscing','consequat. ',-93,14),(27,'o','Duis aute irure d','Duis aute irure d','quis nostrud ',-41,25),(28,'occaecat cupidata','laboris nisi','cillum','amet, consecte',-113,23),(29,'irure dolor in reprehen','ex ea commodo conseq','r','anim id est laboru',-103,20),(30,'sint occaecat cupidatat non proident, sun','sunt in culp','Duis aute irure dol','deser',-42,12),(31,'adipiscing e','sint o','magna aliqua.','sed do eiusmod',-106,1),(32,'ipsum dolor sit ','el','consectetur adipisci','irure dolo',-32,15),(33,'magna aliqua. Ut enim ad minim veniam, quis nostrud exercitati','nul','consequat. Duis aute irure dolor in r','Excepteu',-22,8),(34,'anim ','veni','irure ','amet',-125,25),(35,'Duis aute irure dolor in reprehenderit in voluptate velit esse cillum dolor','nulla pariatur. ','qui officia deserunt molli','Excepteur sin',105,11),(36,'incididunt ut labore et do','sunt in culpa q','no','in voluptat',-39,22),(37,'anim id est laborum.Lorem ipsum dolor si','Duis ','fugiat nulla pari','ex ea commod',36,14),(38,'ullamco laboris nisi ut aliquip ex ea commodo conseq','Excepteur s','enim','aliquip ex ',98,1),(39,'fugiat nulla pariatur. Excepteur sint occaecat cupidatat no','esse cillum dolore ','ut labore et dolore magna aliqua','et dolore magna ',-40,13),(40,'consectetur adipiscing elit, sed do eiusmod tempor incididunt ut ','sunt i','ad minim veniam, quis nostru','nisi ut al',-63,11),(41,'aute irure dolor in re','et dolore m','non proident, sunt i','in volu',2,29),(42,'exercitation ullamco laboris nisi ut ','labore et','quis nost','do eiusmod tempor ',97,12),(43,'ex ea commodo consequat. Duis aute irure dolor in reprehenderit i','culpa qui of','non proident, sunt in','ame',64,14),(44,'non proident, sunt in culpa qui officia deserunt mo','ad minim veniam, q','anim id est laborum.Lorem ips','cu',-81,28),(45,'adipiscing elit, sed do eiusmod te','laborum','quis nostrud exercitation ullamco labo','in reprehender',59,5),(46,'molli','m','sunt in culpa qui','irure dolor in ',103,20),(47,'qui officia deserunt mollit anim id est laborum.Lorem ipsum','do eiusmod tempor ','in voluptate velit esse cillum dolore','ad',-103,30),(48,'in volupt','e','sint occaecat cupidat','elit, s',-67,7),(49,'exercitation ullamco laboris nisi ut aliquip ex ','eu fugiat','consequat. ','minim veniam, quis n',103,13),(50,'dolore magna aliqua. Ut enim ad minim veniam, quis nostrud exercitation ','sunt in culpa','culpa qui officia deserunt mollit an','occaecat cupid',-73,22),(51,'in voluptate velit esse cillum dolore eu fugiat nul','ea commodo ','ullamco laboris ','qui ',-113,30),(52,'cupidatat non proident, sunt in culpa qui officia deserunt mollit a','magna aliqua. Ut ','do','magna aliqua. Ut ',16,26),(53,'elit, sed do eiusmod tempor in','in voluptate ','Duis a','Excepteur sint ',109,13),(54,'ad minim veniam, quis nostrud exercitation ullamco laboris n','mol','nisi ut ali','tempor inc',26,11),(55,'cupidatat non proident, sunt in culpa qui officia deserunt m','dolor','culpa qui officia deserunt molli','ut labore et ',-108,15),(56,'exercitation ullamco laboris nisi ut aliquip ex ea commodo consequat. Duis aut','velit esse c','in voluptate velit esse cillum dol','veniam, ',-84,3),(57,'quis nostrud exercita','nulla pariatu','Excepteur sint o','qui offici',-25,1),(58,'pariatur. Excepteur sint occaecat cupidata','dolore','mo','eu fugia',58,23),(59,'in reprehenderit in voluptate velit esse cillum dolore eu fugiat null','incididunt ut la','nisi ut al','Excepteur sin',-28,30),(60,'ex ea commodo consequat. Duis aute irure dolor in reprehenderit in voluptate vel','magna al','Ut enim ad minim veni','et dolore',-23,6),(61,'rum.Lor','Excepteur sint','Excepteur sint occaecat ','ipsum dolor sit',-40,8),(62,'exercitation ullamco laboris nisi ut aliquip ex ea commodo consequat. ','in reprehender','et dolore magna aliqua. Ut enim ad min','ut lab',-87,9),(63,'dolor in reprehenderit in voluptate velit esse cill','incididunt u','adipiscing elit, s','sed do eius',53,9),(64,'consequat. Duis aute iru','velit esse cillu','mollit anim i','irure dolor in repre',82,4),(65,'nisi ut aliquip ex ea commodo con','nostrud ex','deserunt mollit a','ex ea commodo ',-64,23),(66,'quis nostrud','incididunt ut l','ut labore et dolore magna aliqua. Ut e','mo',83,4),(67,'sed do eiusmod tempor incididunt ut labore et dolore mag','ipsum dolor sit amet','elit, sed do eiusmod temp','ni',71,10),(68,'qui officia deserunt mollit anim id est laborum.Lorem ipsum dolor sit amet, cons','Excepteur sint occ','ullamco laboris nisi ut aliquip ex ea ','eiusmod ',98,10),(69,'tempor incididunt ut labore et dolore ma','ex ea commodo conse','n','qui officia ',-19,2),(70,'ali','in repr','aliquip ex ea commod','ut aliquip',-113,29),(71,'eiusmod tempor i','Duis aute ','ut aliquip ex ea commodo consequat. Duis','Duis aute irure',-45,13),(72,'do eiusmod tempor incididunt ut labore et dolore magna aliqua. Ut enim ad mi','sint occa','occaecat cupidatat non p','ullamco labori',47,23),(73,'exercitation ','quis nostr','Excepteur sint occaeca','dolore eu fug',1,8),(74,'in voluptate velit esse cillum dolore eu fugiat nulla paria','Duis aute irure ','elit, sed do eiusmod tempor incidid','ut aliquip ex ea c',-27,22),(75,'minim veniam, quis nostrud exercitation ullamco ','dolo','ut l','qui officia dese',104,12),(76,'ut labore et dolore magna a','nulla p','anim id est laboru','i',105,23),(77,'velit esse cillum dolore eu fugiat nulla pariatur. Excepteur sint occaecat ','anim id est laborum','ex ea commodo consequat. ','Excepteur',56,15),(78,'eu fugiat nulla pariatur. Excepteur sint occaecat cupidatat non ','eu fu','ipsum dolor sit amet, consectetu','tempor in',-14,9),(79,'anim id ','in ','labore et ','c',70,28),(80,'cupidatat non proident, sunt in cu','ip','dolore','in voluptate velit',-57,13),(81,'et dolore magna aliqua. Ut enim ad minim veniam, quis nostrud exercit','ad minim veniam,','nostrud exer','ea',-39,30),(82,'dolor in reprehenderit','Ut ','in volupta','exercitation ullam',56,12),(83,'non proident, su','incidid','i','ullamco',-43,22),(84,'minim veniam, quis nos','Duis aut','exercitati','ut labore et',62,14),(85,'cillum dolore eu fugiat nu','Excepte','esse cillum d','ullamco laboris ',65,28),(86,'irure dolor in reprehenderit in voluptate velit esse cillum ','tempor inci','velit esse ','culpa qui',-68,8),(87,'sunt in culpa qui officia deserunt mollit a','id est l','ad m','do ',39,23),(88,'in culpa qui officia deserunt mo','cillum dolore eu fu','sint occaecat cupi','non p',-127,26),(89,'aliqua. Ut enim ad minim veniam, quis nostrud exercitation ullamco ','ru','ut labore et dolore','do ',-123,18),(90,'sint occaecat cupidatat non proident, sunt in culpa qui officia deserunt mo','do','ipsum dolor si','pariatur. Excep',107,17),(91,'laborum.','sunt','Ut enim ad minim veniam, quis n','dolor in repreh',-125,26),(92,'ghmghmgh','enim ad minim v','mollit an','anim id est labo',1,8),(93,'Duis aute irure dolor in reprehen','qui officia ','sint ','minim ven',49,13),(94,'laboris nisi ut aliquip ex ea commodo consequat. Duis ','velit esse ci','laboris nisi ut aliquip e','ullamco labor',94,9),(95,'occaecat cupid','laboris','dolor i','Ut enim ad minim ',119,2),(96,'Duis aute ir','et dolo','et dolore magna aliqua. Ut enim ad mini','enim ad m',18,9),(97,'non proident, sunt in culpa qui o','exercitati','sed do e','qui offi',85,8),(98,'tempor inc','fugiat n','consectetur adipiscing eli','sint occaecat',42,3),(99,'cillum dolore eu fugiat nulla pariatur. Excepteur sint occaecat cupidatat non','labor','nulla pariatur. Excepteur si','ut aliquip',76,30),(100,'dolor in reprehenderit in voluptate velit esse cillum d','et dolore ','nulla par','borum.Lorem ips',120,17),(101,'mollit anim id est laborum.Lorem ipsum dolor sit amet, consectetur ad','velit esse cillum ','laborum.Lorem ipsum dolor sit','venia',-94,24),(103,'ullamco laboris nisi ut aliquip ex ea commodo conse','sunt in culpa qui o','sed do eius','mo',-100,3),(104,'id est laborum.Lorem ipsum dolor sit amet, consectetur adipiscing elit,','in voluptate ve','ut aliquip ex','occaecat cupidat',100,18),(105,'incididunt ut labore et do','ni','eu fugiat nulla pa','nulla pariatur.',-3,2),(106,'sit amet, consectetur adipiscing elit, sed do eiusmod tempor incididunt ut ','ipsum dolor sit a','sunt in culpa qui officia dese','adi',-101,24),(107,'.Lorem ipsum dolor sit amet, co','amet,','adipiscing el','quis nostrud exerc',35,12),(108,'adipiscing elit, sed do eiusmod tempor incididunt ut labore et dolore mag','laboris nisi ut ali','nisi ut aliqu','in',42,27),(109,'consectetur adipiscing elit, sed do eiusmod t','deserunt mollit an','in voluptate velit esse ci','nulla pariatur',111,42),(110,'dolore eu fugiat nulla pari','ut labore et dolor','borum.Lorem ipsum','et dolore ',95,6),(111,'Ut enim ad minim veniam,','ex ea commodo ','adipiscing elit, sed do eiusm','sit amet, consec',124,14),(112,'adipiscing elit, sed do eiusmod tempor incididunt ut labore et do','labo','cupidatat non','pariat',120,23),(113,'adipiscing eli','aliqua. Ut ','con','sunt i',24,6),(114,'eiusmod tempor incididunt ut labore et dolore mag','reprehender','Ut enim ad min','qui officia d',-50,5),(116,'aliquip ex ea commodo consequat. Duis aute irure dolor in reprehenderit ','ipsum dolor si','amet, consectetur adipiscing elit, sed','nisi ut aliquip ex e',-89,27),(117,'incididunt ut labore et dolore magna aliqua. Ut en','nostrud ','in volupta','s',25,12),(118,'irure dolor in re','laborum.Lorem ipsu','laboris nisi ut aliquip ex ea commodo ','aliquip ',78,4),(119,'Duis aute irure ','veniam, quis nostru','mo','nul',13,12),(120,'consectetur adipiscing elit, sed do','velit es','cupidatat non proident, sunt','consequat. Duis au',-120,42),(121,'ut aliquip ex ea commodo consequat. Duis aute irure dolor in ','Ut enim ad minim ','velit es','in',-111,2),(122,'ut labore et dolore magna aliqua. Ut enim ad minim v','nulla pariatur','anim id ','borum.Lorem ip',36,26),(123,'deserunt mollit anim id e','consectetur adipisci','tempor i','amet, c',64,4),(124,'ullamco laboris nisi ut aliquip ex ea commodo consequat. Duis aute irure dol','a','adipiscing e','Duis aute iru',-42,3),(126,'adipiscing elit, sed','quis nostrud exerci','occaecat cupidatat non proident,','aliqua. Ut enim',71,22),(127,'ex ea commodo consequat. Duis aute iru','deserunt m','adipiscing elit, sed ','id est la',62,26),(128,'ut labore et dolore magna aliqua. Ut enim ad minim veniam, quis nostrud exerc','exercitation','pariatur. Except','non proident,',53,17),(129,'veniam, qui','anim id est laborum.','Ut enim ad minim veniam, quis nostru','in voluptate ve',125,3),(130,'fugiat nulla pariatur. Excepteur sint occaecat cupidatat non ','borum.L','et dolore magna aliqua. Ut ','mollit anim i',-105,29),(132,'ut aliquip ex ea commodo consequat. Duis aute irure dolor in ','eiusmod tempor i','sunt in culpa qui officia dese','consequat. Duis aut',-52,8),(133,'eu fugiat nulla pariatur. Excepteur sint occaecat cupidatat ','ips','in voluptate velit e','in voluptate velit e',-105,10),(134,'eius','aliqua. Ut enim','anim id est laborum.Lorem ipsum dolor si','non proi',104,34),(135,'laborum.Lorem ipsum dolor sit amet, consectetur adipiscing el','nulla pariatur. Exc','incidi','Ut enim ad m',-73,11),(136,'laboris nisi ut aliquip e','ad m','dolore magna aliqua','es',92,1),(137,'amet, consectetur adipiscing elit, sed do eiusmod t','occaecat cupid','reprehenderit in voluptate velit esse','consectet',-118,28),(138,'Duis aute irure dolor ','deserun','tempor incididunt ut labore et do','adipiscing elit,',-56,17),(139,'elit, sed do eiusmod','ullamc','dolor in reprehenderit in volu','incididunt u',48,18),(140,'deserunt mollit anim id est laborum.Lorem ipsum dolor','aute irure dol','sit amet, c','id est labor',-45,17),(141,'tempor i','cupidatat non pro','elit, sed do ei','non pr',97,22),(142,'Lorem ipsum dolor sit amet, consectetur adipiscing elit, sed do eiusmod tempor ','Ut enim ','v','ul',-39,24),(143,'ut labore et dolo','veniam, quis nostr','ul','aborum.Lorem i',26,29),(144,'mol','D','nostrud exercit','sunt in culpa qui',-112,16),(145,'irure dolor in repre','Exc','sunt','proident, ',-93,13),(146,'velit esse cillum dolore eu fugiat nulla pariatur.','commodo con','labore et dolore ma','in voluptat',-4,13),(147,'aliquip ex ea commodo','v','exercitation ullamco laboris nisi ut al','dolor in reprehe',35,36),(148,'nostru','n','ut labore et dolore magna aliqua. ','consequat. Duis aute',-120,29),(149,'m.Lorem ipsum dolor sit amet, consectetur adipiscing elit, sed do','pariat','ut labore et dolore magna al','veniam, qu',-72,4),(151,'et dolore magna aliqua. Ut enim ad mi','consequat. Duis au','elit, sed do eiusmod','ex',80,11),(152,'elit, sed do eiusmod tempor incididunt','elit, sed','in voluptate velit esse cillum dol','non proid',125,31),(153,'aute irure dolor in reprehen','tempor incididunt ','nisi ut aliquip ex ea','aliquip ex ea co',-109,7),(154,'ullamco laboris nisi ut aliquip ex ea commodo consequat. Duis aute irure d','dolor in repr','sit amet, consectetur adipisci','aliqua. Ut enim',-111,10),(155,'cupidatat non proident, sunt in culpa qui officia deserunt mollit ani','in volupt','quis nostr','sint occaecat cupi',-67,17),(156,'adipiscing elit, sed do eiusmod tempor in','mollit anim id est ','laboris nisi ut','nostrud exerci',124,27),(157,'mag','aliquip ex ','eu fugiat nulla pariatur. E','quis nostru',-62,10),(158,'et dolore magna aliqua. Ut enim ad minim veniam, quis nostrud e','Excepteur si','quis nostrud exercitation ullamco labor','id est laborum.Lor',-127,14),(159,'Duis aute iru','sed do e','aute','dolore eu fugiat nu',35,9),(160,'in culpa qu','cupidatat non proi','borum.Lorem ipsum','um.Lorem ipsum dolor',118,29),(161,'occaecat cupidatat non proident, sunt in culp','1','Duis aute irure dolor in r','molli',36,2),(162,'m.Lorem i','2','ali','cupid',82,12),(163,'ipsum dolor sit amet, consectetur adipiscing elit, sed do eiusmod tempor incidi','3','in voluptate velit esse cil','conseq',12,4),(164,'elit, sed do eiusmod tempor incididunt ut labore et dolore magna aliqua. Ut e','4','adipiscing elit, sed do eiusmod t','id est la',78,36),(165,'eu ','5','sed do eiusmod tempor inc','minim veniam, quis n',94,1),(166,'Ut enim ad minim veniam, quis nostrud exercitation ullamco l','6','cons','nulla pariatur. Exce',-121,30),(167,'aliqua. Ut enim ad minim veniam, quis nostrud exercitation ullamco','7','sit amet, consectetur adipiscing e','minim veniam, qu',-86,7),(168,'esse cillum dolore eu fugiat ','8','sunt in ','in voluptate vel',-26,13),(169,'ex ea commodo consequat. Duis aute irure ','9','elit, sed do eiusmod tempor inc','velit esse cill',30,5),(170,'in voluptate velit esse cillum dolore eu fugiat nulla pariatur. ','10','elit, sed do eiusmod tempor incid','elit,',52,34),(171,'ad minim veniam, quis nostrud exe','11','incididunt ut l','nisi ut a',-117,15),(172,'nostrud exercitation ullamco laboris nisi ut ali','12','voluptate velit esse cil','cupidatat n',14,17),(173,'officia deserunt mollit anim id est laborum.L','13','Ut enim ad minim veniam','esse cillum dolore',14,14),(174,'adip','14','anim id est laborum.Lorem ipsum dolor s','ad min',8,25),(175,'rum.Lorem ipsum','15','laboris nisi ut aliquip ','aute irure ',-44,1),(176,'E','16','consectetur adipi','ullamco l',-54,13),(177,'ipsum dolor sit amet, co','17','non proident, sunt in culpa qui offic','ut l',-17,20),(178,'in voluptate velit esse cillum d','18','esse cillum dolore eu fugiat null','elit, s',95,20),(179,'esse cillum dolore eu fugia','19','consequat. Duis aute ir','u',-24,2),(180,'Excepteur sint occaecat','20','sit amet, consectetur adipisc','ullamco laboris',-26,30),(181,'irure dolor ','21','sint occaecat cupidatat','Ut enim ad mini',65,24),(182,'reprehe','22','nostrud exercitation ullamco laboris n','nisi ut al',116,12),(183,'in volupta','23','adipiscing elit, sed do eiusmod','voluptate velit',-6,1),(184,'al','24','dolor sit amet, consect','cupidatat n',-48,3),(185,'sit amet, consectetur adipiscing elit,','25','Duis aute irure dolor','velit esse cil',6,36),(186,'deseru','26','anim id est laborum.Lorem ipsum dolor si','su',1,6),(187,'cupidatat non proident, sunt i','27','do eiusmod tempor incididunt ut labor','non proident',-31,9),(188,'eu fugiat nulla pariatur. Excepteur sint occaecat cupidatat','28','quis nostrud exercitation ulla','sed do eiu',64,25),(189,'sint occaec','29','sint occaecat cupi','sint occaec',-9,34),(190,'non proident, sunt in','30','exercitation ull','sunt in c',43,2),(191,'aliqua. Ut enim ad minim veniam, quis nostrud exercitation ullamco ','31','ex ea com','con',32,4),(192,'labore et dolore magna aliqua. Ut eni','32','p','sunt in culpa qui o',-24,1),(193,'eu fugiat nulla pariatur. Excepteur sint occ','33','dolore magna aliqua. Ut enim ad min','in voluptate vel',31,20),(194,'sunt in culpa qui officia deserunt','34','adipi','Ut enim ',44,4),(195,'cillum dolore eu fugiat nulla pariatur. Excepteur sint occaecat cupidatat non ','35','dolore magna aliqua. Ut enim','anim id ',-51,5),(196,'do eiusmod tempor incididunt ut ','36','irure dol','dolor sit amet, con',-56,25),(197,'nostrud exercitation ullamco laboris','37','proident, sunt in cu','mollit anim',34,34),(198,'elit, sed d','38','laborum.Lore','officia ',38,18),(199,'qui officia deserunt mollit anim id est laborum','39','al','dolor in reprehen',3,12),(200,'veniam, quis nostr','40','incididunt ut labore et dolo','anim id ',52,6),(201,'velit esse cillum dolore eu fugiat nulla pariatur. Exc','41','fugiat nulla pariatur. E','consectetur adip',123,25),(202,'exercitation ullamco laboris nisi ut aliquip ex ea commodo consequ','42','labori','tempor incididun',8,24),(203,'laboris nisi ut aliquip ex ea commodo consequat. Duis aute ir','43','deserunt mollit anim id','qui officia dese',75,28),(204,'aliquip ex ea commodo consequat. Duis aute iru','44','ad minim veniam, quis ','ex e',-57,9),(205,'l','45','nisi ut aliquip ','quis nos',111,29),(206,'Lorem ipsum dolor sit amet, consectetur adipiscing elit, sed do eiusmod ','46','labore ','sint occaecat c',8,4),(207,'commodo conseq','47','velit esse ','et dolore',-76,3),(208,'velit esse cillum dolore eu fugiat nulla pariatur. Excepteur si','48','ut labore et dolore magna aliqua. Ut en','labor',-40,15),(209,'laboris nisi ut aliquip ex ea commodo consequat. Duis aute ir','49','adipiscing elit,','anim id est l',121,2),(210,'eu fugiat nulla pariatur. Excepteur sint occaecat cupidatat non proid','50','of','aliq',-62,12),(211,'Excepteur sint occaecat cupidatat non proident, sunt in culpa qui officia dese','51','velit esse cillum dolore eu fugiat nulla','nostrud exercitati',89,45),(212,'aute irure dolor in reprehenderit in voluptate velit esse cillum dolore eu ','52','occaecat cupidatat','in c',39,36),(213,'velit esse cillum dolore eu fugiat nulla pari','53','officia deserunt mollit anim id est lab','conseq',-5,5),(214,'m.Lorem ipsum dolor sit amet, consectetur adipiscing elit, sed do eiusmod t','54','anim id est laborum.Lore','um.Lor',65,31),(215,'aliqua. Ut enim ad minim veniam, quis nostrud exerci','55','in voluptate velit esse cillum d','in voluptate',103,10),(216,'pariatur. Excepteur sint occaecat cupidatat non p','56','sint occaecat cup','sint occ',21,16),(217,'voluptate velit esse cillum dolore eu fugiat nulla pariatur. ','57','exercitation ullamco','Duis ',-100,13),(218,'mollit a','58','exercita','nulla pariatur. Exc',-31,15),(219,'exercitation ullamco laboris nisi ut aliquip ex ea commodo consequ','59','in voluptate velit esse c','in voluptate ',10,18),(220,'pariatur. Excepteur sint occaecat cupidatat non proident, sun','60','culpa qui officia de','sint occaecat ',11,3),(221,'ullamco laboris nisi ut aliquip ex ea commodo consequat. Duis aute i','61','ex ea commo','Ut enim ad minim ven',50,30),(222,'sunt in culpa qui officia deserunt','62','pariatur. Excepteur sint occaecat cup','non proident, sunt ',8,9),(223,'quis nostrud exercitation ullamco laboris nisi ut al','63','dolor in reprehend','cillum',-19,12),(224,'velit esse cillum dolore eu fugia','64','ut aliquip ex ea commodo consequa','tempor i',-39,20),(225,'velit esse cillum dolore eu fugiat nulla pariatur. Excepteur sint occaecat cupid','65','minim veniam, qu','est laborum.Lorem i',23,25),(226,'nisi ut aliquip ex ea commodo consequat. D','66','est l','Ut enim ad minim ven',-60,6),(227,'sint occaecat cupidatat non proident, sunt in','67','cillum dolore','sin',57,29),(228,'ut labore e','68','sunt in cu','sed',-81,20),(229,'sit amet, consectetur adipiscing elit, sed do eiusmod tempor i','69','s','adipiscing eli',-65,7),(230,'tempor incididunt ut labore et dolore magna aliqua. Ut enim ','70','nostrud exercitation ullamco laboris n','quis nostrud exe',-43,31),(231,'consequat. Duis aute irure dolor in reprehender','71','magna aliqua. Ut enim ad mini','temp',103,15),(232,'aute irure dolor in reprehenderit in voluptate velit esse cillum dol','72','mollit anim id est l','id est',-1,10),(233,'ut labore et dolore magna aliqua. Ut enim ad min','73','eu fug','amet, con',-61,22),(234,'veniam, qui','74','ea commod','pariatur. Ex',60,2),(235,'ex ea commodo con','75','sint oc','incidid',20,30),(236,'dolor in reprehenderit in voluptate velit es','76','Duis aute irure dolor in rep','ut ',-96,17),(237,'incididunt ut labore et dolore magna aliqua. Ut enim ad minim veniam, q','77','magna aliqua. Ut enim ad minim ven','orum.',58,10),(238,'ullamco laboris nisi ut aliquip ex ea commodo consequat. Duis aute iru','78','elit, sed','ipsum dol',-89,5),(239,'non proident, sunt in culpa qui officia deserunt mollit anim id est labo','79','Excepteur sint occ','deserunt ',95,42),(240,'elit, sed do eiusmod tempor incididunt ut labore et dolore magna ','80','o','iru',-32,15),(241,'Ut enim ad minim veniam, quis nostrud exercitation ullamco laboris nisi ','81','sint occaecat cu','Duis aute ',-108,45),(242,'non proident, sunt in culpa qui officia ','82','ut aliquip ex ea commodo c','proide',-48,31),(243,'a','83','esse cillum dolore eu fug','officia deserunt mol',-32,8),(244,'esse c','84','tempor incididunt ut la','irure do',85,23),(245,'velit es','85','et dolore magna ','exercita',39,15),(246,'v','86','sit amet, consectetur adipis','elit, sed do eiusmo',23,22),(247,'et dolore magna aliqua. Ut enim ad minim veniam, quis nostrud exer','87','quis ','consequat. ',47,17),(248,'in voluptate velit esse cillum dolore eu fugia','88','ullamco ','aliquip ',-34,26),(249,'rep','89','labore et','labo',-13,14),(250,'amet, consectetur adipiscing elit, sed do eiusmod tempor incidi','90','nostrud exercitation ullamco l','ex ea comm',6,3),(251,'quis nostrud exercitation ulla','91','esse ','nis',-108,22),(252,'in voluptate velit esse cillum dolore eu fugiat nulla pariatur. ','92','in reprehe','sint occaecat cupida',-65,16),(253,'non proident, sunt in culpa qui officia deserunt mollit anim id est laborum.Lo','93','laborum.Lorem ipsum dolor sit','officia deserunt m',-113,12),(254,'cupidatat non proident, sunt in culpa qui officia deserunt mollit anim id ','94','in culpa qui officia deserunt','pariatur. Exc',-64,15),(255,'anim id est laborum.Lorem ipsum dolor sit amet,','95','id est laborum.Lorem ipsum dolo','velit esse',42,25),(256,'dolore magna aliq','96','ad minim veni','ipsum dolor sit',22,7),(257,'nisi ut aliquip ex ea commodo consequat. Duis aute irure dolor in reprehen','97','anim id est ','non pr',-15,23),(258,'ut labore et dolo','98','paria','cupidatat non pr',-54,14),(259,'laborum.Lorem ipsum dolor sit amet, consectetur adipiscing e','99','nisi ut aliquip ex ea commodo ','veniam, quis nostrud',124,12),(260,'ad minim veniam, quis nostrud exercitation ullam','100','dolo','enim a',-16,6),(261,'bo','101','et dolo','cons',57,6),(262,'ex ea commodo consequat. Duis aute irure dolor ','102','est laborum.Lorem ip','ad mi',-41,30),(263,'in voluptate velit','103','consectetur ','ad minim veniam, qui',114,45),(264,'tempor incididunt ut labore et dolore magna aliqua.','104','ullamco laboris n','sit amet, co',72,1),(265,'occaecat cupidatat non proident, sunt in culpa qui officia deserunt molli','105','quis nostrud exercitation ullamco ','ea',-122,9),(266,'ut labore et dolore magna ','106','ali','Excepteu',67,7),(267,'sit amet, con','107','incididunt ut labore et dolore','nisi ut aliqu',-72,4),(268,'sint occaeca','108','ad minim veniam, quis nost','s',-85,2),(269,'non proident, sunt in culpa qu','109','cillum dolore eu fugi','est laboru',-89,13),(270,'amet, consectetur adipiscing elit, sed do eiusmod tempor incidid','110','mollit anim id est lab','deserunt mollit ani',-27,36),(271,'quis nostrud exercitation ullamco laboris nisi ut aliquip ex e','111','minim veniam, quis nostrud ex','Except',-63,12),(272,'cupidatat non proident,','112','ullamco laboris nisi ut ','incididu',16,17),(273,'sunt in c','113','dolor sit amet, consectetur ad','nisi ut aliquip ex',-16,12),(274,'in reprehenderit in voluptate velit esse ','114','l','Ut enim ad minim ',-46,10),(275,'exercitation ullamco laboris nisi u','115','cillum dolore eu fugiat nulla par','in reprehenderit',-83,12),(276,'ut labore et dolore magna aliqua. Ut enim ad minim veniam, quis nostrud exe','116','consectetur a','ut labore et d',124,24),(277,'consequat. Duis aute irure do','117','con','in culpa qui o',90,18),(278,'consequat.','118','Excepteur ','tempor incididun',22,18),(279,'dolor in reprehenderit in voluptate ','119','do eiusmod tempor incididunt ut labor','anim id est laborum.',57,23),(280,'nostrud exercitation ullamco laboris nisi ut aliquip ex','120','nulla pariatur. Exc','fugiat nulla paria',100,24),(281,'laboris nisi ut aliquip ex ea commodo consequat. Duis aute irure dolor','121','quis nostrud','elit, sed do e',95,15),(282,'in reprehenderit in voluptate velit esse cillum dolore eu fugiat nulla pariatu','122','quis','nulla pariatur. Exce',57,29),(283,'u','123','Ut enim ad minim veniam, quis nostrud ex','Ut enim ad minim',63,1),(284,'reprehenderit in voluptate velit esse cillum dolore ','124','consectet','Duis aute',13,2),(285,'sunt in culpa qui officia deserunt mollit anim id est labo','125','qui','ex ea commo',76,30),(286,'incididunt ut labore et dolore magna aliqua. Ut enim ad mini','126','enim ad minim veniam, quis nostrud exer','in reprehenderit in',-128,18),(287,'in reprehenderit in voluptate velit esse cillum dolore eu fugiat nulla ','127','elit, sed do eiusmod tem','i',49,28),(288,'veniam, quis nostrud exercitation ullamco laboris nisi','128','elit, sed do eiusmod te','irure dolor i',28,16),(289,'deserunt mollit anim id est laborum.Lorem ipsum dolor sit','129','in culpa qui officia deserunt','incididunt u',-25,30),(290,'cillum dolore eu fugiat nulla pariatur. Excepteur sint','130','sint occae','Duis aute iru',99,20),(291,'adipiscing','131','exercitation u','laborum',-70,28),(292,'exercitation ullamco laboris nisi ut aliquip ex ea commodo consequat. Duis a','132','ea commodo consequat. Duis aute irure ','veniam, quis nos',-75,7),(293,'enim ad minim veniam, quis nostrud exercitation ullamco laboris','133','Ut enim','labore et ',-120,27),(294,'aute ','134','elit, sed do eiusmod tempor ','cup',-103,31),(295,'quis nostrud exercitation ullamco laboris nisi ut aliquip ','135','dolor in reprehenderit','laboris nisi ut a',-31,2),(296,'aliqua. Ut enim ad minim venia','136','esse cillum dolore eu fugi','elit, sed d',-16,2),(297,'proident, sunt in culpa qui officia deserunt mollit anim id est','137','ex ea commodo consequat. Du','exercitati',97,4),(298,'veniam, quis nostrud exercitation ullamco laboris nisi ut aliquip ex ea commodo ','138','sunt in culpa qui officia de','veniam',-5,7),(299,'cillum dolore eu fugiat nulla pa','139','Ut enim ad mi','sed do eiusm',70,16),(300,'laboris nisi ut aliquip ex ea commodo consequat. Duis aute i','140','enim ad minim veniam, quis nostrud','Duis aute iru',-43,3),(301,'enim ad','141','enim ad minim veniam, quis nostrud ','dol',-58,2),(302,'enim ad minim venia','142','Duis aute irure dolor ','quis nostrud exerc',62,7),(303,'laboris nisi ut aliquip ex ea commodo consequat. Duis aute irur','143','magna aliqua. Ut enim ad mi','qui officia deser',123,15),(304,'Excepteur sint occaecat cupidatat non proident, sunt in culpa qui o','144','sint','ullamco',123,20),(305,'pariatur. Excep','145','reprehende','incididunt',7,29),(306,'reprehenderit in voluptate velit esse cill','146','eu fugiat nulla pariatur. Excepteur si','magna aliqua',38,14),(307,'sunt in culpa qui off','147','ullamco laboris nisi ut aliquip e','veniam, q',38,18),(308,'consectetur adipiscing elit, sed do eius','148','adi','elit, sed do eiusmo',-12,23),(309,'eu fugiat nulla pariatur. Excepteur sint oc','149','anim id ','magna aliqua. Ut',74,30),(310,'ullamco laboris nisi ','150','quis nostrud exercitation ul','in voluptate velit',12,34),(311,'amet, consectetur adipisc','151','in culpa qui offic','deserunt mollit',-93,18),(312,'minim veniam, quis nostrud exercitation ullamco laboris nisi ut aliquip ex e','152','anim id est laborum','culpa qui officia d',-15,10),(313,'esse cillum dolore eu f','153','ex ea commodo consequat. Duis aute i','et d',-69,34),(314,'qui officia deserunt mollit anim id est laborum.Lor','154','sint occaecat c','laboris nisi',-32,25),(315,'Duis aute irure dolor in reprehenderit in voluptate velit es','155','ullamco laboris nisi ut ali','nulla ',96,2),(316,'ullamco laboris nisi ut aliquip ex ea co','156','dolor sit amet, ','dolore magna',-70,42),(317,'ut labore et dolore magn','157','Duis aute irure dolor in ','com',-25,10),(318,'nisi ut aliquip ex ea com','158','officia dese','anim id est laborum',79,15),(319,'sit amet, ','159','magn','velit esse cillu',-108,34),(320,'laboris nisi ut aliquip ex ea co','160','elit, sed do eiusmod tempor incididu','non proide',72,4),(321,'in voluptate velit esse cillum dolore eu fugiat','161','consectetur adipisc','ut',92,30),(322,'ut labore et dolore magna','162','enim ad minim veniam, quis nostrud exer','in voluptate velit ',-36,16),(323,'minim veniam, quis nostrud exercitation ullamco laboris nisi ut aliquip ','163','tempor incididunt ut labore et dolore ','consectetur adipisc',-7,1),(324,'Excepteur sint occaecat cupidatat non proident, su','164','laborum.Lorem ipsum dolo','officia deserunt mol',96,11),(325,'sed do eiusmod tempor ','165','enim ad minim veniam, qui','non proident, su',-28,17),(326,'Excepteur sint occaecat cupidatat non proident, sunt in culpa ','166','in voluptate v','ma',-50,27),(327,'consectetur adipiscing elit, sed do e','167','aute irure dolor in ','sunt in culpa',-104,15),(328,'Ut en','168','quis nostrud exercitation ullamco labori','Duis a',-77,18),(329,'adipiscing elit, s','169','do eiusmod','exercitation ',65,25),(330,'reprehenderit in voluptate velit esse cillum dolore eu fugia','170','velit esse cillum dolore eu','dolor sit amet,',75,2),(331,'eu fugiat nulla pariatur. ','171','exercitation','Excepteur sin',-43,9),(332,'exercitation ullamco laboris','172','ea commodo consequat. Dui','et dolor',107,25),(333,'e','173','exercitation ullamco laboris nisi ','veniam, quis',-44,6),(334,'si','174','do eiusmod tempor incididunt ut labore e','ullamc',107,42),(335,'ut labore et dolore magna aliqua. Ut enim ad','175','consequat. Duis aute irure do','ut aliquip ex ',15,2),(336,'eiusmod tempor inci','176','ut labore et','d',57,20),(337,'laboris nisi ut aliquip ex ea commodo consequat. Duis aute irure dolor in r','177','sed do eiusm','aliqua. Ut',43,23),(338,'et dolore','178','sed do eiusmod tem','in voluptate vel',20,12),(339,'aliqua. Ut enim ad minim veniam, quis ','179','consequat. Duis aute irure dolor in repr','nisi ',-44,25),(340,'sit amet, consectetur adipiscing elit, sed do ','180','id est laborum.Lorem ipsum dolor s','deseru',-28,22),(341,'ullamco laboris nisi ut aliquip ex ea commodo conse','181','deseru','anim id est labor',92,2),(342,'elit, sed do eiusmo','182','est laborum.Lor','Duis aute',82,34),(343,'in voluptate velit esse cillum dolore eu fugiat nulla pariatur. E','183','exercitation ullamco labo','eli',-86,36),(344,'adipiscing elit, sed do eiusmod tempor incididunt ut labore et','184','quis nostrud exercitati','Ut enim ad ',113,5),(345,'laborum.Lorem ipsum dolor sit amet, consectetur adipi','185','ad minim veniam, q','eu',24,17),(346,'eiusmod tempor ','186','elit, sed do eiusm','sint occ',-42,45),(347,'sit amet, cons','187','tempor incididunt ut ','sint occa',65,16),(348,'labore et dolore magna aliqua. Ut enim ad minim veniam, quis ','188','nisi ut a','cupidatat non p',98,29),(349,'in voluptate velit esse cillum dolore eu fugiat nulla pariatur. Excepte','189','enim ad minim ven','quis nostrud exe',-116,45),(350,'s','190','pariatur. Excepteur sint occ','eu fugi',24,23),(351,'cillum dolore eu fugiat ','191','exercitation ullamc','velit esse cillum ',-92,7),(352,'sit amet, consectetur adipisci','192','fugiat nulla pariatur. Excepteur sint o','veniam, quis nost',-57,12),(353,'pariatur. Excepteur sint occaecat cupidat','193','nostrud exercita','eli',13,26),(354,'voluptate velit esse cillum dolore eu fugiat nulla pariatur. Excepteur sint ','194','te','consectetur adipi',-74,5),(355,'consectetur adipiscing elit, sed do eiusmod tempor incididunt ut labo','195','aliquip ex ea commodo','a',-64,16),(356,'adipiscing elit, sed do eiusmod tempor incididunt ut labore et dolore magna aliq','196','laborum.Lorem ipsum dolor si','aute irure ',-107,31),(357,'Excepteur sint occaecat cupidatat non proident, sunt in','197','exer','deser',-38,10),(358,'aliqua. Ut enim ad minim veniam, quis nostrud exercitatio','198','elit, sed do eiusmod tempor incidid','in volupt',19,13),(359,'velit esse cillum dolore eu fugiat ','199','sit amet, consectetur ','Ut',-44,45),(360,'mollit anim id est laborum.Lorem ipsum dol','200','sunt in culpa qui officia deserunt ','elit, sed d',-28,2),(361,'elit, sed do eiusmod tempor incididunt ut labore et','201','deserun','Excepteur',122,4),(362,'in reprehenderit in voluptate velit esse cillum','202','culpa qui officia','exercitati',88,16),(363,'qui officia deserunt mollit anim id est laborum.Lorem ipsum dolor sit amet,','203','qui officia deserunt molli','do eiusmod temp',123,14),(364,'eu fugiat nulla pariatur. Excepteur sint occaecat cupidatat no','204','el','elit, sed',37,2),(365,'ut labore et ','205','in voluptate velit esse cillum dol','adipiscing elit,',115,30),(366,'exercitatio','206','ullamco laboris nisi ut aliquip ex ea','in culpa qui o',120,1),(367,'laboris nisi ut aliq','207','sint occaecat cupidatat non proiden','reprehenderi',-36,9),(368,'pariatu','208','culpa qui officia deserunt mollit','cupidatat ',-112,23),(369,'Excepteur sin','209','dolore eu fugiat nu','aute irure dolor ',-83,10),(370,'fugiat nulla pariatur. Excepteur sint occaecat cupidatat non proident,','210','occaecat cupidatat non proid','sed do ei',-45,23);
/*!40000 ALTER TABLE `cliente` ENABLE KEYS */;
UNLOCK TABLES;

--
-- Table structure for table `funcionario`
--

DROP TABLE IF EXISTS `funcionario`;
/*!40101 SET @saved_cs_client     = @@character_set_client */;
/*!40101 SET character_set_client = utf8 */;
CREATE TABLE `funcionario` (
  `codigo` int(11) NOT NULL AUTO_INCREMENT,
  `nome` varchar(60) NOT NULL,
  `funcao` varchar(30) NOT NULL,
  `administrador` tinyint(1) DEFAULT NULL,
  `senha` varchar(255) NOT NULL,
  PRIMARY KEY (`codigo`)
) ENGINE=InnoDB AUTO_INCREMENT=1045 DEFAULT CHARSET=utf8mb4;
/*!40101 SET character_set_client = @saved_cs_client */;

--
-- Dumping data for table `funcionario`
--

LOCK TABLES `funcionario` WRITE;
/*!40000 ALTER TABLE `funcionario` DISABLE KEYS */;
INSERT INTO `funcionario` VALUES (23,'Yasser Bazzi','alguma coijsjsjsrttncao',1,'151251254urtj'),(24,'asfasf','asfasf',1,'asfasf'),(25,'agadgadg','asfasffhzdfhzdfhzdf',1,'asfasfsdzzdffdddgfd'),(26,'asfasf','asfasf',1,'asfasf'),(27,'afaf','asasf',0,'afafs'),(28,'a','asasf',1,'afafs'),(29,'afaf','asasf',1,'afafs'),(30,'afaf','asasf',1,'afafs'),(31,'asfasf','b',1,'gffgf'),(32,'capeta','bosta',1,'123'),(33,'asfasf','b',1,'gffgf'),(34,'asd','asf',1,'asf'),(35,'asd','asf',1,'asf'),(36,'asd','asf',1,'asf'),(37,'asd','asf',1,'asf'),(38,'asd','asf',1,'asf'),(39,'asd','asf',1,'asf'),(40,'asd','asf',1,'asf'),(41,'asd','asf',1,'asf'),(42,'asd','asf',1,'asf'),(43,'asd','asf',1,'asf'),(44,'asd','asf',1,'asf'),(45,'ADLIO GAMA SOARES DE BARROS\nADLIO ','commod',123,'do eiusmod tempor incididunt ut labore et dolore magna aliqua. Ut enim ad minim'),(46,'ALEXANDRA MARIA VIEIRA SALVADO GARCIA COUAGO BE','proident, sunt in culpa qu',-128,'commodo consequat. Duis aute irur'),(47,'VASCONC','iru',-123,'ipsum dolor sit amet, consectetur adipiscing elit, '),(48,'COSTA\nADRIANA HELENA MATOS RIBEIRO\nADRIANA HELENA PINTO ANT','ex ea',46,'esse cillum dolore eu fugiat nulla pariatur. Excepteur sint occaecat cupidatat non proi'),(49,'LICNIA DA FONTE SILVA\nALEXANDRA LIMA ','cup',7,'nisi ut aliquip ex ea commodo consequat. Duis a'),(50,'MIRANDA\nADRIANA M','mollit anim id est laborum.Lor',53,'ut labore et dolore magna aliqua. Ut enim ad mini'),(51,'DA SILVA PAIS\nALEXANDRA ISABEL DA SILVA SANTANA CA','ulla',-80,'anim id est laborum.Lorem ipsum dolor sit amet, consectetur adipiscing elit, sed do eiusmod tempor'),(52,'SOFIA ','ea commodo consequat. Duis aut',-65,'ullamco labori'),(53,'MOREIRA\nALBINO AN','adipiscing ',-108,'ullamco laboris nisi ut aliquip ex ea commodo consequat. Duis aute irure dol'),(54,'ANTNIO PINHEIRO JUSTINO','tempor incididun',-5,'Ut enim ad minim veniam, quis nostrud exercitation '),(55,'MARGARIDA ALMEIDA TAVARES\nALEXANDRA','cillum d',95,'sed do eiusmod tempor incididunt ut labore et dolo'),(56,'ABLIO CUSTDIO DE ALMEIDA TAVARES\nABLIO DA SI','tem',-84,'elit, sed do eiusmod tem'),(57,'SANTOS COSTA\nALDA MARIA MATEUS MOO\nALDA MARIA MENDES MAR','ipsum dolor sit a',83,'dolore eu fugiat nulla pariatur. Excepteur sint occaecat cupidatat non proid'),(58,'ALCIDES JOS DA SILVA RAMOS\nALCIDES MANUEL MO','eu',-78,'sed do eiusmod '),(59,'FOLGA\nALBINA E','quis',56,'sed do eiusmod tempor incididunt ut labore et dolore magna aliqua. Ut '),(60,'DE MEDEIROS MESQUITA PIRES\nALEXANDRA DENISE BARREN','do eiusmod tempor incididu',-43,'in reprehenderit in '),(61,'SANTO CASTELO RAMOS\nABEL MANUEL DA SILVA VASCONCELOS\n','anim id est laborum.Lor',-33,'Excepteur sint occaecat cupidatat '),(62,'AGOSTINHA MARTINS RODRIGUES MONTEIRO GONALV','non proident, sunt',65,'laboris nisi ut aliquip ex ea '),(63,'ALBERTINA DOMINGUES','anim id est laborum.Lorem ipsu',59,'Excepteur sint occaecat cupidatat non proident, sunt in culpa qui officia deserunt mol'),(64,'ALEXANDRA MANUELA MAGALHES LOPES\nALEXANDRA MA','com',-12,'eu'),(65,'CRTE-REAL\nADILIA MARIA DA MOTA MARINHO\nADLIA MARI','mollit anim id est laborum.',-62,'dolor in reprehenderit in volupta'),(66,'ALVES PACHECO\nA','do eiusmod tempor inci',-22,'consequat. Duis aute irure dolor in reprehenderit in voluptate velit e'),(67,'COUTINHO GON','adipiscing elit, sed do ei',14,'exercitation ullamco laboris nisi ut aliquip ex ea commodo consequat. Duis aute'),(68,'GOUVEIA DA COSTA\nADRIANA DE FARIA GEHRES\nA','eu fugiat nulla pariatur. E',115,'laboris nisi ut aliquip ex ea commodo consequat. Duis au'),(69,'A','mollit anim id est laborum.Lor',-3,'in voluptate velit esse ci'),(70,'DUARTE\nABEL PEREIRA DA SILVA\nABIGAIL E SOUSA MATOS QUEIR','velit esse',-19,'non proide'),(71,'ALCINA MARIA ALMEIDA AFONSO\nALCINA MARIA ARAJ','aliquip ex e',-124,'sunt in culpa qui officia deserun'),(72,'DA SILVA\nALBERTO JOS FARIA DE OLIVEIRA DA ','aute ir',-119,'do eiusmod tempor incididunt ut labore et dolore magna aliqua. Ut enim a'),(73,'ALB','ut ',79,'amet, consectetur adipiscing'),(74,'MOO\nALDA MARIA MENDES','ex e',-51,'sed do eiusmod tempor incididunt ut labore et dolore magna aliqua'),(75,'ADRIANO ','mi',75,'reprehenderit in voluptate velit esse cillum dolore eu fugiat null'),(76,'DE CASTRO VAS','consequat. Duis aute',125,'Excepteur sint occaecat cupidatat non proident, sunt in c'),(77,'ISABEL CAMPOS','ullamco laboris n',-120,'dolore magna aliqua.'),(78,'DE LEMOS RIBEIRO\nADRIANA SOFIA ','do eiusmod tempor',-112,'non proident, sunt in culpa qui off'),(79,'FERREIRA VELHINHO\nALEXANDRA EMANUELA RIBAS R','tempor incididunt ut labor',124,'consectetu'),(80,'SILVA\nADRIANO ANDR DA ROCHA CASTRO E S\nADRIAN','velit esse cillum d',-15,'anim id est laborum.Lorem ipsum dolor sit amet, consect'),(81,'RIBEIRO\nADELAIDE DO CARM','sunt in culpa qui officia de',112,'velit esse cillum dolore eu fugiat nulla pariatur. Excepteur sint occaec'),(82,'ADLIA DA CONCEIO FERREIRA MARQUES\nADLIA DA CONCEIO ','cons',49,'laboris nisi ut aliquip ex ea commodo consequat. Duis aute irure dolor in reprehender'),(83,'ALEXANDRA MARIA QUEIRS DE BRITO\nALEXANDRA MARIA RAM','cupidatat ',-123,'sint occaecat cupidatat non proident, sunt in culpa'),(84,'ADOLFO OSVALDO SANTOS ESCUDEIRO\nA','ame',-26,'sunt in culpa qui officia deserunt mollit '),(85,'MARIA BARBOSA DE SOUSA\nALBERTA MARIA PINHO VAZ DE','sint occaecat',124,'ut aliquip ex ea commodo consequat. Duis aute irure do'),(86,'RUA CARDOSO\nALEXANDRA MARIA SAMPAIO FERNANDES ','deserunt moll',-10,'exercitation ullamco laboris nisi ut aliquip ex ea commodo consequa'),(87,'MATOS QUEIRS DE AZEVEDO\nABIGAIL ','mollit anim id est lab',-18,'pariatur. Excepteur sint occaecat cupidatat non proident'),(88,'JOS DA CUNHA MOREIRA\nALE','in reprehenderit in voluptat',-126,'dolor sit amet, consectetur adipiscing elit, sed do eiusmod tempor incididunt ut'),(89,'GUERRA\nADELAIDE DOS PRAZERES RAMOS PANTA MARTINS\nAD','magna aliqua. Ut enim ad min',-106,'deserun'),(90,'LOUO FILIPE RODRIGUES\nALEXANDRA','ut aliquip ',46,'labore et'),(91,'BASLIO SILVA\nADRIANA MARISA DOS SANTOS ESTEVES TRIGO','mollit an',42,'consectetur adipiscing elit, sed do eiusmod tempor incididunt ut la'),(92,'SILVA NINA\nAIRES MANUEL FOGAA BARROS E S\nAIRES MANU','aliqua. Ut enim ad mini',78,'cupid'),(93,'DA SILVA E SANTOS\nALEXANDRA MARIA FERREIRA F','incididunt ut labore et dolo',-27,'in voluptate velit esse cillum dolore eu fugiat nu'),(94,'MARIA DA CONC','esse cillum do',-97,'reprehenderit in voluptate velit esse cillum dolore eu fugiat nulla pariatur. Except'),(95,'SANTOS\nACCIO MACHADO DIMAS MARQUES DOS SA','sint occaecat cup',-104,'adipiscing elit, sed do eiusmod tempor incididunt ut labore et dolor'),(96,'MANUEL SIMES FILIPE\nACILINA AMAR','ex',-18,'sed do '),(97,'BEATRIZ DAS DORES FO','velit esse cill',-71,'consequat. Duis aute irure dolor'),(98,'ABRANTES ALMEIDA LIVRAMENTO\nALDA CRISTINA ANTU','dolor in reprehenderit i',81,'ea commodo consequat'),(99,'ALEXANDRA M','in voluptate velit',-120,'nisi ut aliquip ex ea commodo consequat. Duis aute irure dolor in reprehenderit in volupta'),(100,'EUG','reprehenderit in voluptat',-53,'consequat. Duis'),(101,'ABADE\nADELAIDE CRISTINA ANTUNES MILHARA','proident, su',-76,'ipsum dolor sit amet, consectetur adipiscing el'),(102,'ALEXANDRA CRISTINA ALMEIDA DOURADO TE','dolore eu fugiat nulla par',-100,'dolore eu fugiat nulla pariatur. Excepteur sint occaecat c'),(103,'ADRIANA FARIA MARTIN','sint occae',-119,'dolore '),(104,'ROSA DA CONCEIO RODRIGUES\nALICE A','in culpa q',-112,'ad minim veniam, quis nostrud exercitation ullamco laboris nisi ut aliquip ex ea commodo consequat. '),(105,'JOAQUINA FERN','aliqua.',-18,'ipsum dolor sit amet, consectetur adipiscing elit, se'),(106,'RAMOS\nALBERTINA EMILIA HORTA COSTA DE OLIVEIRA','incididunt ',114,'velit esse cillum dolore eu fugiat nulla pariatur. Excepteur sint'),(107,'ALFREDO DA SILVA FIGUEIREDO\nAL','adipiscin',-14,'tempor incididunt ut labore et dolore magna aliqua. Ut enim ad minim veniam, quis nostrud '),(108,'MARISA DA COSTA GOMES\nALEXANDRA MARISA FERNANDES ','Duis aute irure dolor i',10,'mollit anim id est laborum.Lorem ipsum dolor sit amet, consectetu'),(109,'GARCIA MOITA\nALEXANDRA ISABEL DIAS JORGE ','in repr',-126,'do eiusmod tempor incididunt ut labore et dolore magna aliq'),(110,'DOS SANTOS\nALCINA','ad minim ve',-114,'ullamco laboris nisi ut aliquip ex ea commodo consequat. D'),(111,'MOURA\nALBERTO','adipiscing elit',0,'elit, sed do eiusmod tempor incididunt ut lab'),(112,'ALEX','labore et',-94,'dolor in reprehen'),(113,'DA SILVA AZEVEDO\nADELAIDE CRISTINA FERREIRA BERN','aliquip ex ea com',-49,'officia deserunt moll'),(114,'DA SILVA PIN','in voluptate velit',65,'aute irure dolor in reprehenderit in voluptate velit esse cillum dolore eu fugiat nulla pari'),(115,'NASCIMENTO E SIL','sint occaecat cupidatat non ',25,'laboris nisi ut aliquip ex ea commodo consequat. Duis au'),(116,'FERREIRA GOMES DIAS\nALEXANDRA MARIA FERREIRA LOPES DA CONCE','esse',74,'cillum dolore eu fugiat nulla pariatur. Excepteur sint occaecat cupidatat non proide'),(117,'PIMEN','oc',42,'pariatur. Excepteur sint occaecat cupidatat non proide'),(118,'MARIA DOMINGU','eiusmod',2,'dolore eu fugiat nulla pariatur. Excepteur sint occaecat c'),(119,'ALEXANDRA MARIA M','incididunt ut labore et dolor',-93,'do eiusmod'),(120,'DOS S','amet, consectetur ad',-28,'anim id est laborum.Lorem ipsum dolor sit amet, consectetur adipiscing elit,'),(121,'CAMARA\nALDA MARIA ALVES SALV','Duis aute irur',-116,'in voluptate velit esse cillum dolore eu fugiat nulla pariatur. Excepteur sint occaecat cu'),(122,'RESENDE\nALEXANDRA MARIA DE PAIVA RODRIGUES TERNCIO\nALEXA','cillum dolore eu',86,'dolore eu fugiat nulla pariatur. Excepteur sint occaeca'),(123,'DIAS MESTRE\nALBERTO MANUEL DOS ','labore et dolore magna aliqua',107,'ad minim veniam, quis nostrud exercitation ullamco labori'),(124,'ALFREDO ARTUR RODRIGUES DA SIL','Excepteur s',-31,'laboris nisi ut aliquip ex ea commodo consequat. Duis aute irure dolor in reprehenderit'),(125,'MATEUS\nALEXANDRE MANUEL RIBEIRO DA CUNHA PINTO\nALEXANDRE ','cupidatat non proident, sunt ',-87,'dolore eu fugiat nulla pariatur. Excepteur sint occaecat cupidatat non proident, sunt in culpa qu'),(126,'ORFO BAPTISTA\nABLIO JOS AFONSO LUCAS\nABLIO JOS AFONS','quis n',-106,'sint occaecat cupid'),(127,'GONALVES\nALCINA MARIA FERREIRA MACHAD','ullamco',-73,'ut labore et dolore magna aliqua. Ut enim ad minim veniam, quis nostrud exercita'),(128,'ACCIO MA','cupidatat',-88,'veniam, quis nostrud exercitation ullamco laboris '),(129,'ALEXANDRINA MARIA PINTO MONTEIRO\nALEXANDRINA MARIA ROCHA','et dolore',-80,'officia deserunt mollit anim id est laboru'),(130,'BERNARDETE DE AZEVEDO','nostrud exercitation u',-39,'sed do eiusmod tempor incididunt ut labore et dolore magna aliqua. Ut enim ad minim veniam'),(131,'ADLIO MRIO MACHADO MOURA\nADELMA MARGARIDA FERREIRA DE','pariatur. Except',59,'ut labore et dolore magna aliqua. Ut enim ad minim veniam, quis nostrud ex'),(132,'DOS SANTOS\nAL','ullamco laboris nisi ut ',-67,'fugiat nulla pariatur. Excepteur sint occaecat cupidatat non'),(133,'LOURDES ALMEIDA ELEUTERIO\nALEXANDRINA DOS ANJOS BORGES T','Ut e',-31,'dolor in reprehend'),(134,'DA COSTA\nAIDA MARIA LUCAS FLIX\nA','anim id est la',-102,'in reprehenderit in voluptate velit esse cillum dolore eu fugiat '),(135,'AGOSTINHO DO CARMO MARQUES SERRO\nAGOSTINHO DOS SANTOS CAR','Ut enim ad min',76,'ea commodo consequat. Duis aute irure dolor in reprehenderit in voluptate'),(136,'MA','ullamco laboris nisi ut aliqu',59,'Ut enim ad minim veniam, quis '),(137,'FIGUEIREDO\nAIDA MARIA SANTOS JORGE REI','la',79,'Ut enim ad minim veniam, quis nostrud exercitation ullamco laboris nisi ut aliqui'),(138,'SOROMENHO NASCIMENTO D','sunt in culpa qui offici',19,'minim veniam, quis nostrud exercitation ullamco laboris nisi ut aliquip ex ea commodo consequat. Dui'),(139,'ALVES','culpa',-7,'eiusmod tempor incididunt ut labo'),(140,'COSTA\nA','deserunt mollit anim id es',55,'sint occae'),(141,'MARTINS\nALEXANDRE HENRIQ','do eiusmod tempor incididun',34,'nisi ut aliquip ex ea'),(142,'MACEDO\nALEXANDRA MARIA NEVES DA SIL','sin',-69,'labore et dolore mag'),(143,'DA MATA\nALEXANDRA MARIA FONTES PEREIRA GOMES NATRIO\nALEXAN','adipiscing elit, sed ',0,'ipsum'),(144,'ABRUNHO','in volupta',73,'cons'),(145,'ALB','cupidatat non proid',121,'exercitation ull'),(146,'GONALVES DE SOUSA\nALBERTO JORGE PEREIRA DA SILVA\nALBERTO ','et dolore magna ',91,'laborum.Lorem ipsum dolor sit amet, consecte'),(147,'ALVES MAGALHES ','ullamco l',-31,'est laborum.Lorem ipsum dolor sit amet, consectetu'),(148,'GONALVES ESTEVES\nAIDA RIBEIRO','au',57,'do eiusmod tempor incididunt ut labore et dolore magna aliqu'),(149,'CARLA DE OLIVABARCIA JOSEL','dolor sit amet, consecte',95,'ex ea commodo consequat. Duis aute irure dolor in reprehenderit in voluptate'),(150,'DA FONSECA SIMES\nALDA MARIA GONALVES\nALDA MARIA GONALVE','ullamco laboris nisi ut aliq',55,'ut labore'),(151,'MARGARIDA FERREIR','pariatur. Excepteur sint occae',126,'nisi ut aliquip ex ea commodo consequat. Duis aute irure dolor in reprehenderit in volupt'),(152,'DE CASTRO\nALEXANDRE JOS PINTO MACHADO\nALEX','ullamco laboris nisi',41,'quis no'),(153,'ALEXANDRA DE SOUSA ANDRADE D','eu fugiat nul',24,'enim ad minim veniam, quis nostrud exercitation ullamco laboris nisi ut aliqui'),(154,'MIGUE','la',98,'Duis aute irure dolor in reprehenderit in voluptate '),(155,'MALHO\nADRIANA MARIA CUNHA MIRANDA\nADR','nostrud exercitation ul',-11,'Ut enim ad minim veniam, quis nostrud exerc'),(156,'MACHADO FERR','magna ali',-101,'ut labore et dolore magna aliqua. Ut enim a'),(157,'COSTA\nALEXANDRA ISABEL NOGUEIRA BARBIO\nAL','proident, su',58,'in culpa qui officia deserunt mollit anim id est laborum.Lorem ipsum dolor sit amet, c'),(158,'ALDINA MARIA AMADOR DIAS\n','non proident, su',-106,'consectetur adipiscing elit, sed do eiusmod temp'),(159,'ARAJO FARIA\nABLI','a',29,'um.Lorem ipsum d'),(160,'ESTEVES DIAS\nALEXANDRA ','sunt ',-46,'Ut enim ad minim veniam, quis nostrud exercitation ullamco laboris nisi ut aliquip ex '),(161,'MARIA DIAS MANUEL\nALEXANDRA','ipsum dolor ',-1,'ve'),(162,'DOS SANTOS RIBEIRO\nALEXANDRA PAT','ullamco laboris nisi ut',-72,'occaecat cupidatat non proident, sunt in culpa qui officia '),(163,'ADELAIDE ALVES MANO ROMO\nADELAIDE BARROS PEREIRA\nADELA','dolor in r',-77,'tempor incididunt ut labore et dolore magna aliqua. Ut'),(164,'ALEXANDRA HELENA TOBIAS COELH','aute irure ',-63,'voluptate velit esse cillum dolore eu fugiat nulla pariatur. Excepteur '),(165,'ADELAIDE DO CAR','lab',57,'ullamco laboris nisi ut aliquip ex e'),(166,'D','aute irure dolor',-71,'magna aliqua. Ut enim ad minim veniam, quis nostrud exercitation ullamco laboris nisi ut aliquip ex '),(167,'MONTEIRO\nALDA MARIA RIBEIRO DA SILVA\nALD','deserunt ',88,'velit esse cillum dolore eu fugiat nulla pariatur. Excepteur sint occaecat cupidatat non proident, s'),(168,'MARIA BARBOSA TEIXEIRA\nADLIA MARI','in voluptate v',84,'ex ea com'),(169,'ISABEL MIGUEL GONALVES\nALEXANDRA ISABEL ','fugiat nulla pariatur. Excep',102,'deserunt mollit anim id est laborum.Lorem ipsum dolor sit amet, consectetur'),(170,'GUERRA\nADELAIDE DOS PRAZE','laboris nisi ut aliqui',-26,'reprehenderit in voluptate velit esse cillum dolore eu '),(171,'GIS SANCHO\nALDA MARIA RIBEIRO DA FONSECA MONTEIRO\nALDA ','tempor inci',122,'commodo consequat. Duis aute irure dolor in re'),(172,'ADLIA MARIA MARTINS D','nisi ut aliqu',86,'exercitation ullamco laboris nisi ut aliquip ex ea commodo conseq'),(173,'SOBRAL E COSTA\nALEXANDRA MARIA DA COSTA AIRES\nALE','et dolor',21,'velit esse cil'),(174,'ALEXANDRA ISABEL ALVES RITA\nALEXA','eu fugiat nu',18,'adipiscing elit, sed do eiusmod tempor incididunt ut labore et do'),(175,'ALEXANDRA EUGNIA TUTA DE ALMEIDA GONZALEZ ALV','mollit anim id',-72,'mollit anim id est laborum.Lorem ipsum dolor sit amet, consectetur adipiscing elit, sed d'),(176,'ESTEVES\n','cupidatat non proident, sun',-16,'d'),(177,'BELARD SOTERO ALM','do ei',126,'in voluptate velit esse cillum dolore eu fugi'),(178,'DA SI','id est laborum.Lorem ipsum do',-40,'esse cillum dolore eu fugiat nulla pariatur'),(179,'DE FREITAS GONALVES','eiusmod tempo',-88,'fugiat nulla pariatur. Excepteur sint occaecat cupidatat non proident, sunt in culpa qui offi'),(180,'AIDA MARGARIDA DE LIMA BRANCO\nAIDA MARIA ANASTCIO VIC','aute iru',-77,'eu fugiat nulla pariatur. Excepteur sint occaecat cupidatat non proident, sunt in cul'),(181,'ALEXANDRA MARIA REIS ALVES\nALEXANDRA MARIA RIBEIRO GUEDA\nAL','nulla pariatur. Excepteur',60,'fugiat nulla pariatur. Excepteur sint occaecat cupidatat non proident, sunt in culpa qui offic'),(182,'NEVES ABREU PAIS\nADRIANA','in culpa qui off',52,'eu fugiat nulla pariatur. Excepteur sint occaecat cupidatat non proident, sunt in culpa qui officia '),(183,'AIDA MARIA DO ESPRITO SAN','sun',126,'Lorem ipsum dolo'),(184,'NINA\nAIRES MANUEL ','sint oc',66,'et dolore magna aliqua. Ut enim ad minim'),(185,'ROQUE\nALDINA DA','sint occaecat cupidata',-79,'magna '),(186,'ALBERTO ALEXANDRE DOS REIS CUNHA TAVEIRA\nALBERTO ANT','laborum.Lo',-6,'dolor sit'),(187,'MARIA RIBEIRO MATEUS\nALEXANDRA MAR','deserunt mollit an',45,'dolor sit amet, consectetur adipiscing elit, s'),(188,'BERNARDINO\nADERITO SILVA RIBEIRO','ut labore et dolor',-37,'magna aliqua. Ut enim ad minim veniam, quis nostrud exercitat'),(189,'LOURO\nALEXANDRA ISABEL LOPES PASSINH','deserunt mollit anim id est la',-102,'amet, consectetur adipiscing elit, sed do eiusmod tempor incididunt ut labore et dolore magna '),(190,'BATISTA INACIO\nALEXANDRE BICHO GAGO','i',7,'in voluptate velit esse cillum dolore eu fugiat nulla pariatur. Excepteur sint occ'),(191,'ALEXANDRA CARVALHO PINTO DA CRUZ NEIVA SANT','dolore eu fu',-126,'velit esse cillum dolore eu fugiat nulla pariatur. E'),(192,'PINTO CUNHA TEIXEIRA PINTO\nALEXANDRA COELHO DOS SANTOS\nALE','esse cillum dolor',64,'eu fugiat nulla pariatur. Excepteur sint occaecat cupidatat'),(193,'DE OLIVEIRA\nAGOSTINHO MARTINS DA SILVA\nAGOSTINHO MOR','dolore eu fugiat nulla pariatu',5,'laboris nisi ut aliquip ex ea commodo consequat. Duis aute irure dolor in reprehender'),(194,'ADELAIDE CRISTINA FERREIRA BERNARDO\nADELAI','non proi',-51,'dolore eu fugiat nulla pariatur'),(195,'ALEXANDRA MARGARIDA PEDRO PA','dolor sit amet',-28,'tempor incididunt ut labore et dolore magna aliqua. Ut enim ad minim veniam, quis nostrud exerc'),(196,'CLEMENTE RIBEIRO\nALEXANDRA MARGARIDA C','nulla pariatur. Exce',16,'incididunt ut labore et dolore magna aliqua. Ut enim ad minim v'),(197,'FIGUEIREDO\nALBERTO BALTAZA','culpa qui officia deserunt ',-94,'consectet'),(198,'TOMS DE OLIVEIRA MA','deserun',7,'velit esse cillum dolore eu fugiat nul'),(199,'DA SILVA\nAB','ex ea commodo consequat. Dui',-67,'sed do eiusmod tempor incididunt ut labore et do'),(200,'ALEXANDR','commodo consequat. Duis ',-61,'velit esse cillum dolore eu'),(201,'ALBINO\nALEXANDRE F','ad minim veniam',108,'in voluptate velit esse cillum dolore eu fugiat'),(202,'FIGUEIREDO\nAIDA MARIA SANTOS JORGE REIS\nA','aliqua. Ut enim ',118,'in reprehenderit in voluptate velit esse cillum dolore eu fugiat '),(203,'MEIRINHOS\nALEXANDRE ','eu fugiat n',-47,'dolore eu fugiat nulla pariatur. Excepteur sint occaecat cupidatat non proident, su'),(204,'JESUS\nALEXANDRA MARIA PEREIRA DE LACERDA\nALEXANDRA MARI','v',-48,'exercitation ullamco laboris nisi ut a'),(205,'CERQU','in voluptate velit esse',-20,'dolor sit amet, consectetur adipiscing elit, sed do eiusm'),(206,'AIDA MARIA DO ','ex ea commodo consequat. Duis',-12,'laboris nisi ut aliquip ex ea commodo consequat. D'),(207,'FERREIRA DE ARAJO\nALDA ISABEL FERREIRA DE CA','sunt in culpa qu',-49,'adipiscing elit, sed do eiusmod tempor inc'),(208,'MIGUEL GONALV','anim id est laborum.Lorem ipsu',-48,'cupidatat non proident, sunt in culp'),(209,'DE','cupidata',-37,'sed do eiu'),(210,'PEREIRA DOS SANTOS BARBOSA\nALDI','esse cillu',-25,'sit amet, consectetur adipiscing elit'),(211,'ALEXANDRA MARIA DE MAGALHES ','in voluptate velit esse c',126,'cillum dolore eu fugiat nulla pariatur. '),(212,'AMARAL\nALICE AMADO PEREIRA GREGRIO LARANJEIRA\nALICE AM','ve',-78,'nostrud exercitation ullamco lab'),(213,'ADEL','adipis',81,'Duis aute '),(214,'D','magna aliqua. U',-50,'do'),(215,'DA CONCEIO LOMBARDIA PEIXOTO\nA','in voluptate velit esse ',62,'irure dolor in reprehenderit in voluptate velit esse cillum dolore eu fugiat nulla paria'),(216,'MARAL RAMOS\nADLIA MARIA MARTINS DA SILVA','ad minim veniam, quis no',50,'in culpa qui officia d'),(217,'DIAS NETO\nALEXANDRA ISABEL DOS SANTOS AN','esse cillum',31,'id est laborum.Lore'),(218,'ANGEJA\nALEXANDRA MARIA CARVALHO','magna al',-91,'aliqua. Ut enim a'),(219,'RODRIGUES CARVALHO DOS SANTOS\n','ullamco laboris n',87,'do eiusmod tempor incididunt ut l'),(220,'ISABEL CAMPOS PINTO DE CAS','in voluptate veli',18,'tempor incid'),(221,'C','exercitation ',9,'Duis aute irure dolor in reprehenderit in voluptate velit esse cillum dolore eu fugiat nulla'),(222,'DA SILVA FERREIRA\nALEXANDRA','esse cillum do',-69,'deserunt mollit anim id est'),(223,'RAMALHO DA SILVA SALDANHA\nALDA MARIA RAMALHO ','irure dolor in reprehe',31,'eu fugiat '),(224,'ALEXANDRE MIGUEL VALRIO MAGALHES\nALEXANDRE MO','velit esse cillum dolore eu fu',45,'laborum.Lorem ipsum dolor sit amet, consectetur adipiscing elit, sed do eiusmod tempor'),(225,'CORREIA CARVALHO\nALEXANDRA MARIA CORREIA OLIVEI','velit esse cillum ',-78,'in culpa qui officia deserunt mollit anim i'),(226,'MARIA FERNANDES CAMPOS\nALDA MARIA FERNAN','sint occaecat cupid',-122,'magna aliqua. Ut enim ad minim veniam, quis nostrud exercitation ullamco laboris nisi ut aliquip ex '),(227,'LOPES','non proident, su',3,'aliqua. Ut enim ad minim veniam, quis nostrud exercitatio'),(228,'AMLIA SANHUDO RODRIGUES CARDOSO ','et dolore magna',41,'cupidatat non proident, sunt in culpa qui officia deserunt mollit anim id est laborum.Lor'),(229,'MONTEIRO\nADRIANA S','ut aliquip e',52,'minim veniam, quis nostrud exercitation ullamco labo'),(230,'DA SILVA FERREIRA\nALBINO MANUEL FAL','Ut enim ad minim v',110,'dolo'),(231,'FILIPE AMORIM PINTO DA SILVA\nADRITO ADO FREIR','ullamco laboris nisi ut al',106,'veniam, quis nostrud exercitation ullamco laboris nisi ut aliquip ex ea '),(232,'ALDINA MARIA FARIAS CNDIDO\nALDINA MARIA GOMES VIEIR','sed do eiusmod tempor incididu',-113,'deserunt mollit anim id est laborum.Lorem ipsum dolor sit ame'),(233,'FERREIRA OTERO MORALEJA\nALEXANDRA CLUDIA PINTO CUN','et dolore ma',-125,'irure dolor in reprehenderit in vo'),(234,'CASTRO SUCENA\nA','commodo conseq',-25,'Excepteur sint occaecat cupidatat non proident, sunt in'),(235,'PAULO PEREIR','velit esse cil',-105,'magna aliqua. Ut enim'),(236,'ADRIANO FIRMINO DOS SANTOS GONALVES\nADRI','elit, sed do eiusmod te',113,'nulla pariatur. Excepteur sint occaecat cupidatat non proident, sunt in culpa qu'),(237,'MARIA DOS SANTOS RAMOS\nALDINA MARIA DUARTE RIBEIRO\nALDI','mo',-94,'elit, sed do eiusmod tempor incididunt ut labore et dolore magna aliqua. Ut'),(238,'CON','Duis a',16,'minim veniam, quis nostrud exercitation ullamco'),(239,'A','non proident, sunt in culp',-105,'ut labore et dolore magna aliqua. Ut enim ad minim veniam, quis nostrud exercitation ul'),(240,'MARIA ROCHA PA','Exce',47,'consequat. Duis aute irure dolor in repr'),(241,'SILVA MOURA\nALBERTO JOS SOUSA FERNANDES\nALBERTO JULI','non proident, ',-119,'ex ea commodo consequat. Duis aute irure dolor in reprehenderit in voluptate '),(242,'MAGALHES\nALEXANDRA MARIA DE MAGALHES CABRITA\nALEXA','anim id est laborum.Lore',-53,'um.Lore'),(243,'FERREIRA GOMES DIAS\nALEXANDRA M','dolor si',95,'do eiusmod tempor incididunt ut labore et dolore magna aliqua. Ut enim ad minim veniam, quis'),(244,'BRANDO\nADOS','cup',73,'ullamco laboris nisi ut aliquip ex ea commodo consequat. Duis aute irure dolor in rep'),(245,'BRAVO\nALBERTO LUS DA CUNH','adipiscing eli',-124,'borum.Lorem ipsum dolor sit amet, consectetur adipis'),(246,'SILVA\nALDA DA CONCEIO SANTOS\nALDA DE FTIMA AFONSO\nA','anim id est laboru',-82,'eiusmod tempor incididunt ut labore et dolore ma'),(247,'SILVA PERE','exercitation ullamco laboris ',-32,'sed do eiusmo'),(248,'AFONSO NE','sunt in c',10,'eiusmod tempor incididunt ut labore et dolore magna aliqua. Ut en'),(249,'DE ALMEIDA\nADRI','consequat. Duis aute irure d',-70,'pariatur. Excepteur sint occaecat cupidatat non proident, sunt in culpa qui officia deserunt'),(250,'PITEIRA\nAIDA MARIA RIBEIRO PEREIRA\nAI','dol',27,'tempor incididunt ut labore et dolore magna aliqua. U'),(251,'MARIA BASTO LIMA DA SIL','officia d',125,'e'),(252,'A','Excepteur sint occae',7,'eu fugiat nulla pariatur.'),(253,'DOS REIS CUNHA TAVEIRA\nALBERTO ANTNIO CANHOTO LEBREIRO\n','quis nostrud exercitation ull',-93,'ex ea commodo consequat. Duis aute irure dolor in rep'),(254,'CHAVES GONALVES\nALDA MARIA COELHO TOMS P','sunt in culpa qui officia d',106,'do eiusmod tempor incididunt ut labore et dolore magna aliqua. Ut enim ad minim veni'),(255,'AFONSO TOPA\nABLIO JOS FERRA MARCE','sint oc',-77,'in voluptate velit esse'),(256,'MARTINS DA COSTA\nAIDA MANUELA MONTEIRO DE SOUS','Duis aute iru',-29,'sit amet, consectetur adipiscing eli'),(257,'ALEXANDRA MARGARIDA CORREIA DA LUZ SIMO L','cupidatat non',-17,'ad minim veniam, quis nostrud exerc'),(258,'CECLIA BCO ','et dolore magna aliqu',-70,'magna aliqua. Ut enim ad minim veniam, quis'),(259,'DE ALMEIDA LEITO\nALEXANDRINA M','dolor in reprehenderit',100,'Excepteur sint occaecat'),(260,'MARIA DA SILVA PEREIRA PINTO OLIVEIRA\n','laborum.Lorem ipsum dolor s',69,'elit, sed do eiusmod tempor incididunt ut labore et dolore magna'),(261,'ALDA CRISTINA CABELEIRA FERNAN','et dolore magna aliqu',32,'mollit anim id est laborum.Lorem ipsum dolor sit amet, consectetur adipiscing elit, sed do eiusmod'),(262,'ADELAIDE ALEXANDRA GUIMARES MATOS','sit amet, consectetur adipisci',-57,'adipiscing'),(263,'SOFIA GOUVEIA COELHO MOREIRA\nALEXAN','id est laborum.L',-107,'Duis aute irure dolor in reprehenderit in '),(264,'ALBERTINA ROSA DA COSTA VALEN','ut labore et dol',123,'dolore eu fugiat nulla pariatur. Excepteur'),(265,'COSTA LAGOA\nALDA MARIA MONTEIRO MARTINS\nALDA MARIA MOR','velit esse cillum dolor',50,'mollit anim id est laborum.Lorem'),(266,'S','ipsum dolor sit amet, conse',118,'quis nostrud exercitation ullamco laboris nisi ut aliquip ex ea commodo consequat. Duis aute irur'),(267,'ADELAIDE MARIA BARATA ','d',32,'sunt in culpa qui officia deserunt mollit anim id est labor'),(268,'DE BESSA NUNES QUINTAS\nABILIO DE OLIV','ani',113,'commodo consequat. Duis aute irure dolor'),(269,'ANTNIO BRANCO\nA','laboris nisi ut al',79,'cillum dolore eu fugiat nulla pariatur. Excepteur sint occaecat cupidatat non proident, sunt'),(270,'ADRIANA ','reprehenderit in v',-69,'in voluptate velit esse cillum dolore eu fugiat null'),(271,'ADELAIDE MARCELA C','proident, sunt in culp',101,'laboris nisi ut aliquip ex ea commodo consequa'),(272,'AZEVEDO','dolor sit amet, consectetur ',85,'irure dolor in reprehe'),(273,'ALEXANDRA MARGARIDA PEDRO PALMA BRITO\nALEXANDRA MARGAR','anim id est laborum.Lorem ipsu',-112,'ut labore et dolore ma'),(274,'TORRES SALTO\nALEXANDRA DA FONSECA CORREIA MA','anim id est laborum.Lorem ip',17,'nulla pariatur. Excepteur sint occaecat cupidatat non pro'),(275,'MARTINS\nALEXANDRE HENRIQUE DUARTE GONALVES\nA','Ut enim ad minim veniam, ',125,'Duis aute irure dolor in reprehenderi'),(276,'MELO DE OLIVEIRA PATO\nALCINA MARIA DAS NEVES P','sunt in culpa qui offici',-90,'deserunt mollit anim id est laborum.Lorem ipsum dolor sit amet, consectetur'),(277,'ALBERTO JOR','nisi ut al',-51,'et dolore'),(278,'JOS MOURA DE ASSIS\nALFRED','sint',99,'ex ea commodo consequat. Duis aute irure dolor in reprehe'),(279,'MENDONA\nADLIA DA ASCEN','sint ',28,'nisi u'),(280,'DE CASTRO\nADRIANA SOFIA DOS SANTOS TERRVEL\nADRIANA SOFI','sin',112,'ut labore et dolore magna '),(281,'MARIA VIEI','occaecat cupidatat non pr',73,'est laborum.Lorem ipsum dolor s'),(282,'JES','Duis',-30,'aliqua. Ut enim ad minim veniam, quis nostrud exercitation ullamco laboris nisi ut aliqu'),(283,'CUSTDIO PIRE','culpa qui offi',2,'sit amet, consectetur adipiscing elit, sed do eiusmod tempor i'),(284,'MA','velit esse cillum ',82,'ullamco laboris nisi ut aliquip ex ea commodo consequat. Duis aute irure dolor in repreh'),(285,'SILVA\nA','id est laborum.Lorem ip',-31,'a'),(286,'CARDOSO\nALEXANDRA SOFIA ALMIRO DINIS MARQUES\nALEXANDRA SOFIA','esse cillum dolore eu fugia',-21,'ut labore et dolore '),(287,'VITRIA\nADLIA DE ','consec',-100,'do eiusmod tempor incididunt ut labore et dolore magna aliqua. Ut enim ad minim veniam, qu'),(288,'MARINHO COSTA\nALDA MARIA DE JESUS PIRES CAIADO\nALDA MA','in culpa qui o',39,'quis nostrud exercitation ullamco laboris nisi ut aliquip ex ea commodo consequat.'),(289,'GONALVES\nADLIA MARIA DA CONCEIO MATIAS\nADLIA M','cupid',-112,'do'),(290,'CUNHA\nALEXANDRA MARGARIDA ','eu fugiat nulla pariatur.',84,'sint occaecat cupidatat non proident, sunt in culpa qui officia'),(291,'PINA\nADLIA MARIA ','qui officia',10,'sint occaecat cupidatat non proide'),(292,'MENDES\nABLIO JORGE FREITAS BARROSO\nABLIO JORGE ORFO BAPTI','sint occaecat cupidata',17,'mollit anim id est laborum.Lorem ipsum dolor sit amet, consectetur adipiscing elit, sed do ei'),(293,'MONTEIRO NOGUEIRA DE SOUSA E','nisi ut aliquip ex ea comm',-126,'quis nostrud exercitation ulla'),(294,'JOS MARTINS\nADLIA FERNANDA PITEIRA','occaecat cupidatat non',59,'sunt in cul'),(295,'PEREIRA FAUS','el',-118,'consectetur adipiscing elit, sed do eiusmod tempor incididunt ut labore'),(296,'ALEXANDRA MARIA SERVA VERGUEIRO\nALEXANDRA MARIA ','aliquip e',-87,'aliqua. Ut enim ad minim veniam, quis nostrud exercitation ullamco laboris nisi ut aliquip ex ea com'),(297,'MANUEL DE ALMEIDA GONALVES\nALEXANDRE M','Ut enim ad minim veniam,',103,'do eiusmod tempor incididunt ut labore et dolore magna aliqua. Ut enim ad minim veniam, quis '),(298,'DA SILVA\nADELINA MARIA MARTINS BENTO\nAD','in cul',118,'adipiscing elit, sed do eiusmod tempor incididunt ut labore et '),(299,'MARGARIDA OLIVEIRA LEITE DANTAS\nALEXANDRA MARGARIDA PAISANA ','et dolore magn',8,'irure dolor in reprehenderit in voluptate velit esse cillum dolore eu fugiat nulla pariatur. Excep'),(300,'ALEXANDRA MARIA BASTO LIMA DA SILVA','incididunt ut la',-124,'in voluptate velit esse cillum dolore eu f'),(301,'ADL','eu fug',-88,'anim id est laborum.Lorem ipsum dolor sit amet, consectetur'),(302,'FERNANDA FERREIRA N','elit, sed do eiusmod ',75,'reprehenderit in voluptate velit esse cillum dolore '),(303,'AIDA OLVIA PEREIRA DE CARVALHO GUERRA\nAIDA','nisi u',3,'in voluptate velit esse cillum dolore eu fugiat null'),(304,'ALDINA CAVALEIRO FERNANDES ROQUE\nAL','in voluptate velit e',-67,'in culpa qui officia deserunt mollit anim id '),(305,'PEREIRA\nALEXAND','incididunt ut lab',120,'do eiusmod tempor incididunt ut labore et dolo'),(306,'RODRIGUES RIBEIRO\nADELAIDE DOS ANJOS F','non proident, sunt in ',104,'velit esse cil'),(307,'PCURTO ABREU\nALEXANDRA MIRA','cupidata',25,'dolore eu fugiat nulla pariatur. Excepteur sint occaecat cupidatat non pro'),(308,'ALBERTO ANTNIO CANHOTO LEBREIRO\nALBERTO ANT','ex ea c',19,'cillum dolore eu fugiat nulla pariatur. Excepteur sint occaecat cupidat'),(309,'MARIA ANTUNES ','qui officia deserunt mo',118,'in voluptate velit esse cillum dolore eu '),(310,'ISABEL DE CARVALHO','aute irure dolor',17,'ut labore et dolore ma'),(311,'MARIA CARDOSO GOMES RIBALONG','ad minim veniam, quis nos',-92,'Ut enim ad minim veniam, quis nostrud exercitation ullamco laboris nisi ut aliquip ex ea commodo con'),(312,'DE MAGALH','proident, sun',61,'adipiscing elit, sed do eiusmod tempor incididunt ut labo'),(313,'PINTO PAIVA','Except',67,'molli'),(314,'MENAU\nALEXANDRA EUGNIA TUTA DE ALMEIDA GONZALEZ ALVE','in reprehenderit in vol',-38,'Ut enim ad minim veniam, quis nostrud exercitation ullamco l'),(315,'MANUEL TOMS BATISTA\nABLIO MANUEL VIEIRA DUARTE\nAB','reprehenderit in volupt',-44,'qui'),(316,'FREIRA FIGUEIRA\nALEXANDRINA MARIA LOPES ','elit, sed ',126,'non proident, sunt in culpa qui officia deserunt mollit anim id est laborum.Lorem ipsum dolor sit am'),(317,'DA SILVA FERREIRA\nALBINO','consequat. Duis a',-118,'officia deserunt mollit anim id est laborum.Lorem ipsum dolor sit amet, consectetur adipiscing e'),(318,'MARIA DURO FERNANDES\nADRIANA ','Ut enim ad minim veni',30,'ut labore et dolore magna aliqua. Ut enim ad'),(319,'MONTEIRO\nAGOSTINHA MARIA FERREIRA MADUREIRA MENDES\nAGOSTI','magna aliqua. Ut ',-28,'sint occaecat'),(320,'SILVA DORES PIRES\nADRIANA DA SIL','eu fugia',-26,'pariatur. Excepteur sint occaecat cupidatat non proident, sunt in culpa qui off'),(321,'ALVES\nALEXANDRE GO','elit, sed do ei',2,'laboris nisi ut aliquip ex ea commodo consequat. Duis aute irure do'),(322,'ALMEIDA FERREIRA NETO\nALEXANDRA CRISTINA ALMEID','Duis aute irure',82,'proident, sunt in culpa qui officia deserunt mollit anim id es'),(323,'DA MOTA\nALEXA','et dolore ',22,'minim veniam, quis nostrud exercitation ullamco laboris nisi ut aliquip ex ea com'),(324,'LOPES ESTEVENS\nADELAIDE DE FTIMA CARREIRO BAPTI','in culpa qui officia',110,'dolor sit amet, consectetur adipisci'),(325,'PCURTO ABREU\nALEXAND','minim veniam, quis nostrud ',13,'eu fugiat nulla pariatur. Excepteur sint occaecat cupidatat non proid'),(326,'MARTINS DE PRA MACIAS\nADELAIDE ALEXAN','id est laborum.Lorem ipsum d',95,'ut labore et dolore magna aliqua. Ut enim ad minim veniam, quis nostrud exercitation ull'),(327,'CLEPATRA SAMP','irure dolor i',50,'occaecat '),(328,'DE ALMEIDA\nA','magna aliqua. U',-42,'sunt in culpa qui officia deserunt mollit anim id est laborum.Lorem ips'),(329,'VIEI','aute ',79,'in culpa qui officia deserunt mollit anim id est laborum.Lorem ipsum dolor s'),(330,'P','cill',101,'consequat. Duis aute iru'),(331,'ALDINA PEREIRA FELCIO\nALDINA PEREIRA LOPES\nALDINO PIRES R','minim veniam, q',-91,'id est laborum.Lorem ipsum dolor sit amet, consectetur adipiscing elit, sed do eiu'),(332,'MARIA DA S','magna aliq',-95,'aute irure dolor in reprehenderit'),(333,'FE','sint occaecat cu',41,'sint occaecat cupidatat non '),(334,'ADRIANA LCIA DE OLIVEIRA TEIXEIRA\n','ut labore et dolore ma',-22,'ullamco laboris nisi'),(335,'MARIA LUCAS FLIX\nAIDA MA','Excepteu',106,'ea commodo consequat. Duis aute irure dolor in reprehenderit in voluptate velit esse'),(336,'JOO CARDOSO SILVA RODRIGUES\nABEL JOS DOS SANTOS G','nos',26,'irure dolor in reprehenderit i'),(337,'MARIA REIS ALVES\nALEXANDRA MARIA RIBEIRO GUEDA\nA','officia deserunt mo',61,'nisi ut aliquip ex ea commodo consequat. '),(338,'DA SILVA PINTO DE ALMEIDA\nALEXANDRA MARIA RUA C','laboris n',64,'laboris nis'),(339,'FREIRE C','proi',-95,'velit esse cillum dolore eu fugiat nulla pariatur. Excepteur sint occaecat cupidatat non pro'),(340,'ISABEL DA MOTA\nALEXANDRA ISABEL DA PURIFICAO','D',69,'consequat. Duis aute irure dolor in reprehenderit in voluptate velit esse cillum'),(341,'VICENTE\nALEXANDRA ISABEL VITORIN','minim veniam, qui',26,'nisi ut aliquip ex ea commodo consequat. Duis aute irure dolor in reprehenderit in voluptate velit '),(342,'PEREIRA MATEUS\nALEXANDRE MANUEL RIBEIRO DA CUNHA PINTO','Duis aute irure dolor',-58,'sed do eiusmod tempor incididunt ut labore et dolore magna '),(343,'FERNANDES MACHADO DIAS\nALBERTINA DE JESUS FERRAZ GOUVEIA','amet, consectetur adipisc',-72,'Ut enim ad minim veniam'),(344,'CRISTINA JESUS SANTOS\nALEXANDRA CRISTINA LOPES DA COS','voluptate velit e',-98,'Ut enim ad minim veniam, quis nostrud exercitation ullamco laboris'),(345,'ALVES\nALEXANDRA MARIA LOURENO COUTINHO\nALEXANDRA ','magn',58,'elit, sed do eiusmod tempor incididunt'),(346,'DE MATOS\nALDA LUCLIA TEIXEIRA DA SILVA MO','esse cillum dolore eu fug',83,'magna aliqua. Ut enim ad minim veniam, quis nostrud'),(347,'PINTO\nALCINA MARI','anim id est laborum.Lorem i',-78,'in culpa qui officia deserunt mollit anim id est laborum.Lore'),(348,'ADO FREIRE SOARES DE CARVALH','lab',99,'dolore magna aliqua. Ut enim ad minim veniam, quis nostrud exercitation ullamco laboris nisi ut al'),(349,'FERREIRA PEREIRA\nALEXANDRA MARIA MARTINS GOMES PINT','ullamco lab',16,'ut labore et dolore magna aliqua. Ut enim ad minim veniam'),(350,'CRUZ\nALEXANDRE M','Duis aute irure do',75,'exercitation ullamco laboris nisi ut aliquip ex ea comm'),(351,'RODRIGUES\nALEXANDRA MARGARIDA DA ROCHA NEVES\n','dolore magna aliqua. Ut',68,'amet, consectetur adipiscing elit, sed do eiusmod tempor incididunt ut la'),(352,'MIGUEL D','adipiscing elit,',-44,'nulla pariatur. Excepteur si'),(353,'OSVALDO SANTOS ESCUDEIRO\nADORAO DOS SANTOS MEL','qui officia deserunt molli',-87,'magna aliqua. Ut enim ad'),(354,'FER','amet, consec',-116,'um.Lorem ipsum dolor sit amet, consectetur adipis'),(355,'ALFREDO DE CARVALHO LARANJEIRA\nAGOSTINHA ','i',110,'sint occaecat cup'),(356,'DE BRITO\nALEXANDRA MARIA RAMOS BOLA\nALEXAN','sint occaecat c',-11,'incididunt ut labore et dolore magna ali'),(357,'MARIA DA COSTA ROCHA\nALDA MARIA DA SILVA CARVALHO\nALDA MARIA','occaecat',42,'Duis aute irure dolor in reprehenderit in voluptate velit esse cillum d'),(358,'ALEXANDRE D','f',19,'consequat. Duis '),(359,'CRISTINA LOPES PEREIRA DA VEIGA FERREIRA\nALEXANDRA CRIST','laboris nisi',101,'ut labore et dolore magna aliqua. Ut enim ad minim veniam, quis nostrud exercitation ullamco lab'),(360,'MARIA ANTU','id est laborum.Lorem ips',-8,'minim veniam, quis nostrud exercitation ullamco laboris nisi ut aliqu'),(361,'ALDA DE FTIMA AFONSO\nALDA ','veniam, quis nostrud exercit',28,'cillum dolore eu fugiat nulla '),(362,'AIDA SOFIA ESTEVES DE ALMEIDA SANT','nisi ut aliqui',44,'dolore eu fu'),(363,'M','Ut enim ad minim',-123,'irure dolor in reprehenderit in voluptate '),(364,'SILVA\nADRIANA CARDOSO F','consequat',-46,'aliqua. Ut enim ad minim veniam, quis nostrud exercitation ullamc'),(365,'ALEXANDRA ISABEL MARQUES MARTINS\nALEXAN','qu',104,'dolor sit amet, consectetur adipiscing elit, sed '),(366,'MARIA FERNANDES DE OLIVEIRA\nABIGAL SUSANA ','nulla pariatur. Excepte',12,'aute irure dolor in reprehenderit in voluptate velit esse c'),(367,'ADELINA JOAQUINA FERNANDES\nADELINA LIMA','do eiusmod tem',53,'sunt in culpa qui officia deserunt mollit anim id est laborum.Lorem'),(368,'DA CONCEIO R','ipsum dolo',100,'in voluptate velit esse cillum dolore eu fugiat nulla par'),(369,'BATISTA CAMPOS\nALBINA MARIA GOMES GUEDE','exercitation ',-42,'cillum dolore eu fugiat nulla pariatur. Excepteur sint occaecat cupidatat non proident, sun'),(370,'PEDRO PALMA BRITO\nALEXANDRA MARGARIDA SILVA SOA','sint occaecat cupidatat no',103,'fugiat nulla pariatur. Excepteur sint occaecat cupid'),(371,'RODRIGUES VITORINO\nADLIA MARINHA DOS SANTOS MORAIS\nADL','anim id est laborum.Lo',41,'ad'),(372,'ALEXANDRA ALVES DOMINGOS\nALEXAND','Duis aute irure dolor in re',-76,'elit, sed do eiusmod'),(373,'VIANA GARCIA\nADELAIDE MARIA MIRANDA VAZ PADRO\nA','Duis aute iru',126,'aute irure d'),(374,'CANICEIRA\nALEXANDRA ISABEL NEGREIROS MENDES F','officia deserunt mollit a',-55,'qui officia deserunt mollit anim id est laborum.Lorem ipsum dolor sit amet, con'),(375,'PEREIRA\nALEXANDRA MARIA MARTINS GOMES PINTO MONTEIRINHO\nALEX','nostrud exercitati',69,'ullamco laboris nisi ut aliquip ex ea commodo consequat. Duis aute irure dolor in '),(376,'PINTO\nADELINA MARIA MA','no',90,'aliqua. Ut enim ad minim veniam, quis no'),(377,'MARIA FE','aliqua. Ut enim ad minim ',29,'velit ess'),(378,'ALDA MARIA CORTEZ FERNANDES\nALDA MARIA ','sed do eiusmod temp',-122,'laborum.Lorem ipsum dolor sit amet, consectetur adipiscing elit, sed do eiusmod tempor in'),(379,'ADELAIDE PATRCIA GOMES DE SOUSA\nADELAIDE REIGADA','sed do eiusmod tempor in',-119,'Ut enim ad minim veniam, quis nostrud exercitation ullamco laboris nisi ut aliquip ex ea com'),(380,'OLIVEIRA LEITE DANTAS\nALEXANDRA MARGARIDA ','eiusmod tem',29,'minim veniam, quis nostrud exercitation ullamco laboris nisi ut aliquip ex ea '),(381,'LOPES\nADRITO FRANCISCO PINTO MEND','aliqua',-115,'ullamco laboris nisi'),(382,'NETO\nALEXANDRINA DE FTIMA PINHEIRO R','id est la',-40,'cillum dolore eu fugiat nulla pariatur. Excepteur sint occaecat cupidatat non proident,'),(383,'FREITAS LIMA LEMOS\nALICE CARDOSO FONTES DOS SANTOS ALV','et',-100,'e'),(384,'DOS SANTOS\nADELINO DO','culpa qui of',-95,'Lorem ipsum dolor si'),(385,'D','Ut enim ad minim ven',80,'borum.Lorem ipsum dolor sit am'),(386,'PINA MARQUES ABRUNHOSA\nADELINA MARIA GOMES DUARTE PINTO\nADE','ullamco labor',63,'m.L'),(387,'ALMEIDA BORGES AMARAL\nALICE AMADO PEREIRA GREGRIO','elit, s',22,'quis nostrud exercitation ullamco '),(388,'CANDE','aute irure dolor in r',-82,'qui officia deserunt mollit anim id est laborum.Lorem ipsum dolor sit amet, consectetur adipiscing'),(389,'FERREIRA BAPTISTA\nALEXANDRA MARIA DANGLADE','sunt in culpa',95,'in reprehenderit in voluptate velit ess'),(390,'FERREIRA LUS\nAD','in voluptate vel',48,'amet, consectetu'),(391,'MAR','in voluptate ',-34,'occaecat cupidatat non proident, sunt in culpa qui officia deserunt mollit anim '),(392,'CU PIRES AMADO RODRIGUES\nALBERTINA COELHO DE AZEVEDO MORE','culpa qui officia deserunt',-65,'non'),(393,'MORAIS DOS SANTO','tempor incididunt ',-84,'occaecat cupidatat non proident, sunt in culpa qui officia deserunt mo'),(394,'ENCARNAO FERREIRA SOUCASA','m.Lorem ipsum',101,'pariatur. Excepteur sint occaecat cupidatat non proident, sun'),(395,'ALEXANDRA ISA','moll',127,'non proident, sunt in culpa qui officia deserunt mollit anim id est'),(396,'FERREIRA\nA','vel',-46,'cupidatat non proident, sunt in culpa qui officia deserunt mollit anim id est la'),(397,'DA CUNHA MOREIRA\nALBERTO LUS DA ROCHA BATI','aliqua.',-64,'ullamco laboris nisi ut aliquip ex ea commodo consequat. Duis au'),(398,'SI','sint occaecat cu',89,'quis nostrud e'),(399,'GARCIA CAMEIRO\nALFREDO JOS MARTINS GONA','ut aliquip ex ea',47,'ullamco laboris nisi ut a'),(400,'GORETI PINTO QUEIRS\nA','mollit anim id est l',-45,'nisi ut aliquip ex ea commodo consequat. Duis aute irure dolor in reprehenderit in volupt'),(401,'MARIA CORREIA OLIVEIRA NOVA','sint',-13,'adi'),(402,'FERREIRA PIRES\nALBERTINA DA CONCEIO ','anim id est lab',-69,'ad minim veniam, quis nostrud exercitation ullamco laboris nisi '),(403,'LOPES SANTOS BOTELHO\nADELARDA DA CONCEIO SA','abor',-49,'do eiusmod tempor incididunt ut labore et dolore magna al'),(404,'DA SILVA\nAGOSTINHO ANTNIO DA COSTA PEREIRA\nAGOS','anim id ',1,'reprehenderit in voluptate velit esse cillum'),(405,'FERNANDES TEIGA\nALEXANDRE FERNANDO RODRI','in reprehenderit i',0,'officia deserunt mollit anim id est laborum.Lorem ipsum dolor sit amet,'),(406,'ADRIANO SRGIO D','eu fugiat nul',123,'ipsum dolor sit amet, consectetur adipiscing elit, sed '),(407,'SARAIVA VIDEIRA\nAIDA ISABEL VIEIR','velit esse ',90,'et dolore magna aliqua. Ut enim ad minim veniam, quis nostrud '),(408,'MANU','ut aliquip ex ea commod',-32,'adipiscing elit, sed do eiusmod tempor incididunt ut labore et dolore magna aliqua.'),(409,'ALDA MARIA DA COSTA ROCHA\nALDA MARIA DA SILVA CARVALH','Excepteur sint occaec',37,'deserunt mollit anim id est laborum.Lorem ipsum dolor sit amet, co'),(410,'DOS SANTOS FERNANDES\nALCINO GONALVES PE','tempor incididunt ut labo',44,'tempor incididunt ut labore et dolore magna aliqua. Ut enim ad '),(411,'ROXO\nADEL','elit, sed',58,'dolor in reprehenderit in volup'),(412,'ALCIDES MANUEL RAMOS DA SILVA\nALCI','cillum dolore eu fugiat nul',-102,'adipiscing elit, sed do eiusmod tempor incididu'),(413,'DA COSTA CAMPOS\nADLIA MARIA BESTEIRO RODRI','n',-92,'cupidatat non proident, sunt in culpa qui officia deserunt mollit anim id est laborum.Lorem'),(414,'FONSECA\nAL','in repre',14,'in voluptate velit esse cillum dolore eu fugiat nulla pariatur. Excepteur sint occaecat c'),(415,'AZEVEDO','in v',48,'sunt in culpa qui '),(416,'ALEXANDRA DE AGUIAR ','enim ad minim veniam, q',21,'eu fugiat nulla pariatur. Excepteur sint occaecat cupidatat non proident, sunt in culpa q'),(417,'DOS SANTOS CUNHA\nALEXANDRA MARGARIDA FERREIRA LOMBA\nA','ut labore et dolore magn',46,'deserunt mollit '),(418,'ALFREDO MANUEL','ut labore',-45,'dolore eu fugiat nulla pariatur. Excepteur sint occaecat cupidatat non proident, sunt in culp'),(419,'NOVAIS GOMES DE','fugiat nu',-23,'incididunt ut labore et dolore magna al'),(420,'FERREIRA\nALCINDA GUIUMAR SIMES DA ROCHA\nALCINDA ','in reprehenderit in vol',78,'Duis aute irure dolor in reprehenderit in voluptate velit esse cillum dolore eu fugiat nulla paria'),(421,'ALBERTINA MARIA GONALVES MENDES C','ipsum dolor s',0,'velit esse cillum dolore eu fugiat nulla pariatur. Excepte'),(422,'ALBAN','esse cillum dolore eu fug',0,'adipiscing e'),(423,'FORTUNATO DA CRUZ\nALEXANDRE MANUEL MAURCIO','aute irure dolor in reprehende',-46,'tempor incididunt ut labore et dolore magna '),(424,'JORGE DA COSTA FARIA\nALBERTO JORGE FERNANDE','sed do eiusmod t',17,'dolore magna aliqua. Ut enim ad minim veniam, quis nostrud exercitation ullamco laboris '),(425,'ALEXANDRE MIGUEL NUNO DA CRUZ\nALEXANDRE MIGUEL RODRIGUES','sunt in culpa q',37,'sint occaecat cupidatat non proident, sunt in culpa qui officia deserunt moll'),(426,'MIGUEL ROSA FARIA\nALEXANDRE','nisi ut ali',-48,'veniam, quis nostrud exercitation ullamco laboris nisi ut aliquip ex ea commo'),(427,'OLIVEIRA LOPE','velit esse c',-73,'Duis aute irure dolor in reprehenderit in voluptate velit esse cillu'),(428,'DOS REIS PEREIRA\nALEXANDRINA FERRE','la',-32,'do eiusmod tempor incididunt ut labore et dolore magna aliqua. Ut en'),(429,'CRIST','ut labore et dolore magna',86,'deserunt mollit anim id est labor'),(430,'DA LUZ SIMO LOPES\nALEXANDRA MARGARIDA CUNHA RODRIGU','ex ea commodo con',44,'ex ea commodo consequat. Duis aute irure dolo'),(431,'ADOLFO DE OLIVEIRA GONALVES\nADOLFO JOS LIMA DE ARAJO\nAD','aliqua. Ut ',118,'nisi ut aliquip ex ea commodo consequat. Duis aute'),(432,'PEIXOTO\nALEXANDRA VSQUEZ LEAL FLIX DE','veniam, qu',70,'officia deserunt mollit anim id est laborum.Lorem ipsum dolor s'),(433,'MARQUES DA CUNHA\nA','id est laborum.Lorem ip',43,'ea commodo consequat. Duis aute irure dolor in reprehenderit in voluptate velit esse cillum d'),(434,'ALEXANDRA CRISTINA','ullamco laboris nisi ut',83,'qui offi'),(435,'CALADA RAMOS\nAGOSTINHA MARIA DA SILVA ','pariatur. Except',-52,'eu fugiat nulla pariatur. Excepteur sint occaecat cupidatat non proident, sunt in culpa qui offic'),(436,'GUIMARES GRAA\nALBERTO JORGE MATEUS ','nisi ',127,'elit, sed do eiusmod tempor incididunt ut labore et dolore magna aliqua. Ut eni'),(437,'BERNARDINO\nALDINA MARIA OLIVEIRA CARDO','adipisc',107,'sit amet, consectetur adipiscing elit, sed do eiusmod tempor incididunt ut labore et dolore ma'),(438,'LUS DA CUNHA MOREIRA\nALBER','occaecat',49,'in reprehenderit in'),(439,'VIEIRA DE AZEVEDO\nADLIA DA SILVA FREIRE\nADLIA','dolor sit amet, consectetur a',104,'sunt in culpa qui officia deserunt'),(440,'DE JESUS CARPINTEIRO FERNAND','id est laborum.',44,'laborum.Lorem ipsum dolor sit amet, consectetur adipiscing elit, sed do e'),(441,'OLIVEIRA\nADLIA FORTUNATO FIDALGO\nADLIA ','magna aliqua. Ut enim ad ',-17,'adipiscing elit, sed do eiusmod tempor incididunt ut labore et '),(442,'ADLIA MARIA FERNANDES MONTEIRO\nADLIA MARIA FERREIR','eu fugia',106,'deserunt mollit anim id est laborum.L'),(443,'DE','dolor in repreh',-121,'tempor incididunt ut labore et dolore magna aliqua. Ut enim ad minim veniam, quis n'),(444,'ALBERTO JULIO VICENTE C','consectetur adipiscing elit, s',-45,'sed do eiusmod tempor incididu'),(445,'ALEXANDRE MIGUEL TT GARCIA\nALEXANDRE','velit esse cillum dolore eu fu',-10,'ipsum dolor sit amet, consectet'),(446,'CNDIDA DUARTE DE SOUSA\nALEXANDRINA DA BOA','do eiusmod tempo',17,'deserunt mollit anim id est laborum.Lore'),(447,'PASSOS FERREIRA MACHADO\nALEXANDRA PATRCIA SOARES DA SILV','nostrud exer',-90,'nulla pariatur. Excepteur sint occae'),(448,'ADELINO GOMES CA','voluptate velit esse c',63,'ut labore et dolore magna al'),(449,'ANGLICO\nADRIANA DA','pariatur. Excepteur sint occ',-108,'occaecat cupidatat non proident, sunt in culpa qui officia deserunt mollit anim id est labor'),(450,'SANTOS\nALBERTO FERNANDO DIAS TEIX','dolore eu',87,'tempor incididunt ut labore et dolore magna aliqua. Ut enim ad mini'),(451,'OLIVEIRA ','labori',-43,'in culpa qui officia deserunt mollit anim id est laborum.'),(452,'E BACELAR\nALEXANDRA MARIA FERREIRA GARCIA MONTEIRO\nA','do eiusmod tempor incididun',-46,'in culpa qui officia deserunt mollit anim id es'),(453,'TROCADO\nALEXA','id est laborum.Lorem ipsum dol',-3,'nostrud exercitation ullamco laboris nisi ut aliquip ex ea commodo consequat'),(454,'ALBINO JOSE CUNHA PEREIRA\nALBINO JOS PINTO R','cupidatat non proiden',15,'mollit anim id est laborum.Lorem ipsum dolor sit amet,'),(455,'ALEXANDRINA MARIA LOPES DE SOUS','magna aliqua. Ut enim ad mi',-110,'cillum do'),(456,'AIDA MARIA','velit ess',-41,'elit, sed do eiusmod tempor in'),(457,'GASPAR\nALEXANDRA MARIA BRANCO DIOGO\nALEXAND','Excepteur sint o',-7,'in '),(458,'MARIA DA SILVA ERMIDA PROENA\nA','id est lab',-124,'do eiusm'),(459,'MACHADO\nALEXANDRA MARIA DE OLIVEIRA RESENDE\nALEXAN','ad minim ven',42,'Excepteur sint occaecat cupidatat non proident, sunt in culpa qui officia dese'),(460,'BRANDO DE ALMEIDA\nALEXANDRA MARIA FERRE','et d',4,'proident, sunt in culpa qui officia deserunt mollit anim id e'),(461,'NOGUEIRA BARBIO\nALEXANDRA ISABEL NUNES NEGALHO','in voluptate vel',24,'id est laborum.Lorem ipsum dolor sit amet, consectetur ad'),(462,'ALEXANDRE MANUEL CO','ex ea',-107,'ullamco lab'),(463,'CARUJO\nALE','aliqua. Ut enim ad minim v',-18,'laboris nisi ut aliquip ex ea commodo consequat. Duis aute irure dolor in reprehenderit in v'),(464,'ADELINO DA SILVA OLIVEIRA\nA','eu fugiat nulla ',-53,'cillum dolore eu fu'),(465,'ALEXANDRA PAULA ROD','magna aliqu',-76,'pariatur. Excepteur sint occaecat cupidatat non proident, sunt in culpa qui officia'),(466,'RIBALONGA\nALEXANDRA MARIA CAR','in vo',-70,'est laborum.Lorem ipsum dolor sit amet, consectetur adipiscing elit, sed do eiusmod'),(467,'ALEXA','qui offi',-122,'enim ad minim veniam, quis nostrud exercitation ullamco laboris nisi ut aliquip ex ea commodo'),(468,'MARIA','Ut enim ad minim v',123,'velit esse cillum dolore eu fugiat '),(469,'DE JESUS RAMALHO CARAPINHA\nAD','consequat. Duis au',-116,'fugiat nulla pariatur. Excepteur sint occaecat '),(470,'CADETE COUTIN','cupidatat no',-63,'laboris nisi ut aliquip ex ea commodo consequat. Duis '),(471,'MARIA PARREIRA LOPES\nALEXANDRA MARIA PEREIRA CARNEIRO\nALEX','do eiusmod',11,'consectetur adipiscing elit, sed do'),(472,'CSAR LOPES FERREIRA\nALBRICO ','qui officia deserunt molli',116,'sunt in culpa qui officia deserunt mollit anim id est la'),(473,'FERNANDES\nALEXANDRE EMANUEL BATISTA DA SILVA TROCADO\nAL','ea commodo con',83,'ex ea commodo consequat. Duis aute'),(474,'DA CONCEIO RODRIGUES\nALDINA DE LURDES SAMP','fugiat nul',90,'velit esse cillum dolore eu fugiat nulla pariatur. Excepteur sint occaecat cupidat'),(475,'ALEXANDRA SOFIA GOLALVES DA COSTA DOS SANTOS\nALEXANDRA SOF','adipiscing elit, sed ',-44,'ea commodo consequat. Duis aute irure dolor in repr'),(476,'CRISTINA PIRES PA MIGUEL\nALEXANDRA ','sint occaecat cupi',-96,'velit esse cillum dolore eu fugiat nulla pariatur. Excepteur sint occaecat cupidat'),(477,'FLORINDO DA SILVA\nALEXANDRA FILIPA G','ut aliquip ex ea commodo c',111,'eu fugiat nulla par'),(478,'CEQUEIRA\nALEXANDRA FERNANDES JORGE','ex',16,'ad minim veniam, quis nostrud exercitation ullamco lab'),(479,'AMORIM PINTO DA SILVA\nADRITO ADO FREIRE SOARES','dolore eu fugiat nulla pari',64,'Duis aute irure dolor in reprehenderit in voluptate velit esse cillum dolore e'),(480,'ALDA MARIA','in voluptate velit esse cillu',85,'ut labore et dolore magna aliqua. Ut enim ad minim veniam, q'),(481,'ALDA ALMENDRA HENRIQUES\nALDA ANGELINA PEREIRA DOS SANTOS\nALD','id est laborum.Lorem',-10,'in voluptate velit esse cillum dolore eu fugiat nulla pariatur. Excepteur sint occaecat cu'),(482,'PDUA VIDEIRA AZEVEDO\nALEXANDRA ISABEL PAULA DE CAMPOS S','labor',-105,'eiusmod tempor incididunt ut labore et dolore magna '),(483,'FERREIRA\nALEXANDRA MARIA DA CONCEIO SOBRA','adipiscing elit, sed do eiusmo',-8,'pariatur. Excepteur sint occaecat cupida'),(484,'ALDA DA CONCEIO GALO LOUREIRO\n','in culpa qui offi',85,'aliqua. Ut enim ad minim veniam, quis nostrud exercitation'),(485,'ALDA MARIA GONALVES\nALDA MARIA GONALV','id est laborum.Lorem ipsum',76,'anim'),(486,'GOMES PINTO CERQUEIRA\nADRIANA GORETI PINTO BESSA\n','mollit anim',-1,'sunt in culpa qui officia deserunt mollit anim id est laborum.Lorem ipsum dolor sit amet, cons'),(487,'DIAS MANUEL\nALEXANDRA MARIA DOMINGUES LEITO\nALEXAND','ad',-87,'Ut enim ad minim veniam, quis nostrud exercitation ullamco laboris nisi ut'),(488,'ALEXANDRA MARIA CARDOSO GOMES RIBA','ea com',16,'nostrud exercitati'),(489,'ALEXANDRA FILIPA RODRIGUES AFONSO\nALEXANDRA FILOMENA','ullamco labori',-72,'sint occaecat cupidatat non proident, sunt in culpa qui officia deserunt mollit anim id est lab'),(490,'DOS SANTOS\nADRIANA DO R','nostrud exercitation ',-115,'eu fugi'),(491,'ALDA MARIA G','aliquip ex ea com',64,'dolor in reprehenderit in voluptate velit esse cillum dolore eu fugiat nulla pariatur. Except'),(492,'ADR','in voluptate velit esse ci',-93,'sed do eiusmod tempor incididunt ut labo'),(493,'CARVALHO PEDROSO ','exercitation ',-109,'velit esse cillum dolore eu '),(494,'GONALVES CADETE\nADRIANA JORGE PINTO COELHO COIMBRA DO A','deserunt moll',54,'sint occaecat cup'),(495,'EUGNIO NETO\nALBRI','dolore eu fugiat nulla ',106,'sint occaecat cupidatat non proident, sunt in culpa qui officia deserunt mollit anim id est laboru'),(496,'SANTOS FIGUEIREDO CARREIRO REMDIO\nADRIANA MARIA DURO FERNA','adipiscing elit, sed do eiu',-109,'elit, sed do eiusmod tempor incididunt ut labore et dolore magna aliqua. Ut '),(497,'QUEIROGA CRISTVO PIRES\nALEXANDRA CRISTINA RAMOS A','ad',-3,'laboris ni'),(498,'ERMIDA PROENA\n','sunt in culpa qui',103,'non proident, sunt in culpa qui officia deserunt mollit anim id est laboru'),(499,'GONALVES\nALEXANDRA ISABEL DA SILVA JUN','ullamco laboris nisi ut al',-90,'ex ea commodo consequat. Duis aute irure dolor in reprehenderit in voluptate velit'),(500,'FERNANDES\nALBERTINA DE S E SOUSA\nALBERTINA DO','reprehenderit in v',-80,'ex ea commodo conseq'),(501,'AMORIM PINTO DA SILVA\nADRITO AD','sed do eiu',-66,'exercitation ullamco laboris nisi ut aliquip ex ea commodo consequat. '),(502,'PAULA DA SILVA ROM','dolore eu fugiat ',12,'ex ea commodo consequat. Duis aute irure dolor in reprehenderit in v'),(503,'TERREIRA SOUSA\nALBINA ANDREIA DA COSTA CUNHA\nALBI','esse ci',92,'elit, sed do eiusmod tempor incididunt ut labore et d'),(504,'ALDA MARIA CORTEZ FERNANDES\nALDA MARIA COSTA ','non proid',-72,'amet, consectetur adipiscing eli'),(505,'MARIA D','ut labore et dolore magna a',-99,'incididunt ut labore et dolore magna aliqua. Ut enim ad min'),(506,'OLIVABARCIA JOSELINA FARIA DE MELO\nABEL AGOSTINHO DOS SANTO','proident, sunt in',94,'anim id est laborum.Lorem ipsum'),(507,'ALEXANDRA MARIA PIARRA SOARES DE OLIVEIRA\nALEXANDRA MARI','cons',-62,'commodo consequa'),(508,'ALICE ANTUNES BRANDO\nADELAIDE ALVES MANO ROMO\nAD','elit, sed do eiusmod te',-33,'ipsum dolor sit amet, consectetur adipiscing elit, sed do eiusmod tempor incidid'),(509,'C','dolor sit amet, consecte',-125,'sunt in culpa qui officia deserunt mollit anim id est laborum.Lorem ipsum dol'),(510,'ALEXIS GONALO DU AMARAL CRAVADOR ','deseru',81,'do eiusmod tempor in'),(511,'ALBERTO JOR','esse cillum dolore eu ',-51,'dolor in reprehenderit in voluptate velit ess'),(512,'E CASTRO CORREIA PINTO\nALEXANDRA DA SILVA MARTINS\nALEXANDR','irure dolor in reprehende',15,'exercitation ullamco laboris nisi ut aliquip ex ea commodo consequat. Duis aute irure '),(513,'MANUEL COELHO CRUZ\nALBERTO MANUEL DA SILVA ','consectetur adipiscing elit, s',-47,'nulla p'),(514,'MACHAD','mollit anim id est laborum',116,'sit amet, consectetur adipiscing elit, sed do eiusmod tempor incididunt u'),(515,'FERREI','ullamco labo',70,'ut labore et dolore magna aliqua. U'),(516,'MARIA BRANCO PROENA E SILVA\nAIDA MARIA COUTINHO P','quis nostrud exercitation ulla',84,'aliquip ex ea commodo consequat. Duis aute irure dolor'),(517,'ALEXANDRA CARINA PEREIRA FREITAS\nALEXANDRA CARLA FERREIRA DE','ad minim veniam, quis ',127,'magna aliqua. Ut enim ad minim veniam, quis nostrud exercitation ullamco laboris nisi u'),(518,'RIBEIRO\nAIDA MARIA DA SILVA CARMONA BELO\nAIDA','aute ',-102,'in voluptate velit esse cillum dolore'),(519,'AGOSTINHA MARIA JESUS GOM','eli',-32,'tempor incididunt ut labore et dolore magna aliqua. Ut enim ad minim veniam, quis nostrud exerci'),(520,'ESTEVES\nALDINA BATISTA TOMS OLIVEIRA\nALDINA CAVALEIRO FERNA','commodo consequat. Duis ',16,'quis nostrud exercitation ullamco laboris nisi ut aliquip ex ea commodo con'),(521,'NUNO CRUZ OLIVEI','ea commodo conseq',-26,'non proident, sunt in culpa qu'),(522,'AGUINALDA ','enim ad minim veniam, q',-7,'Duis aute irure dolor in reprehenderit in voluptat'),(523,'ALCINA MARIA AGUIAR RABAO GONALVES\nALCINA MARIA ','proident, sunt i',3,'dolor in reprehenderit in voluptate velit esse cillum dolore eu fugiat nulla pariatur. Ex'),(524,'PEREIRA LOUREIRO\nALD','velit e',-123,'sed do eiusmod tempor incididunt ut labore et dolore magna aliqua. Ut enim ad minim venia'),(525,'RODRIGUES DE OLIVEIRA CARVA','nulla pariatur. E',33,'esse cillum dolore eu '),(526,'AL','sint occ',7,'sed do eiusmod tempor incididunt ut labore et dolore magna aliqua. Ut enim ad mini'),(527,'SOFIA DE MATOS LIMA\nA','dolor in reprehenderi',-80,'Ut enim ad minim veniam, q'),(528,'DA SILVA FERREIRA\nALESSANDRA CRIST','non ',89,'anim id est laborum.Lorem ipsum dolor sit amet, consectetur adipiscing elit, sed do eiusmod'),(529,'ADELAIDE DA SOLEDADE L','magna aliqua. Ut enim ad mi',-10,'ad minim veni'),(530,'MACHADO\nALBINO JOSE CUNHA PEREIRA','nulla pariatur. Excepteur si',100,'commodo consequat. Duis aute irure dolor in reprehenderit in voluptate velit esse'),(531,'JAIME ROVISCO P','anim id est laborum.Lorem',53,'ea commodo consequat. D'),(532,'ISABEL FERREIRA MARQUES GUIA\nALEXANDRA ISABEL FE','esse cillum do',100,'sint occaecat cupidatat non proident, sunt in culpa qui officia dese'),(533,'ALBERTO JORGE DA COSTA FARIA\nAL','Excepteur sint occaecat cupi',93,'sint occaecat cupidatat non p'),(534,'PEREIRA\nALBINO GUIMARES CARVALH','orum.Lore',-35,'adipiscing elit'),(535,'DINIS MARQUES\nALEXANDRA SOFIA AMARAL VIEGAS\nALEXANDRA SOFIA ','quis nostrud exer',-87,'do eiusmod tempor i'),(536,'LAMAS\nAIDA MARIA FONSECA BAPTISTA FERREIRA\nAID','dolor in reprehenderit in vol',11,'velit esse cillum dolore eu fugiat nulla pariat'),(537,'ISABEL CABREIRO CAP','qui officia des',51,'nisi ut aliquip ex ea commodo consequat. Duis aute irure dolor in reprehend'),(538,'PVOAS\nALEXANDRA MARIA ALEIXO DOS SANTOS BI','pariatur. Excepte',31,'exercitation ullamco laboris nis'),(539,'ALDA MARIA PEREIRA TAVARES\n','nu',-37,'sit amet, consectetur adipiscing elit, sed do eiusmod tempor incididunt ut labore '),(540,'ALEXANDRE MANUEL COUTINHO LACERDA REBELO\nALEXANDRE MANUEL D','Excepte',-67,'aute irure dolor in reprehenderit in voluptate velit esse cillum'),(541,'AIRES MANUEL GONALVES F','dol',61,'exercitation ullamco laboris nisi ut aliquip ex ea commodo'),(542,'VITORINO MOREIRA\nALEXANDRA IVONE PINTO CRUZ G','ipsum d',-13,'ex ea commodo consequat. Duis aute irure dolor in reprehenderit in voluptate velit esse c'),(543,'CANELAS','sunt in culpa qui of',83,'commodo cons'),(544,'CATARINA PICADO ANDRADE\nADELAIDE CE','Duis au',-24,'sunt in culpa qui officia deserunt mollit anim id est laborum.Lorem ipsum dolor si'),(545,'SERRO CASTRO GOM','nostrud exercitation',-115,'exercitation ullamco laboris nisi ut aliquip ex ea '),(546,'ALMEIDA VELUDO\nALEXANDRA','ut labore et dolore m',87,'mollit anim id est laborum.Lorem ipsum dolor sit amet, consect'),(547,'MARQUES BARBOSA\nADLIA LIM','nisi ut',-76,'dolor sit amet, consectetur adipiscing elit, sed do eiusmod tempor incididu'),(548,'SILVA\nALEXANDRE TIAGO DE OLIVEIRA TEIXEIRA GOMES\n','sunt in culpa qui officia dese',-42,'nisi ut aliquip ex ea commodo consequat. Duis aute irure dolor i'),(549,'MARTINHO MATOS\nALEXANDRA SOFIA GOLALVES DA','id est laborum.Lorem ips',45,'ut labore et dolore magn'),(550,'RIBEIRO\nADRI','nulla pariatur. Ex',59,'do eiusmod tempor incididunt ut labore et d'),(551,'FONSECA DA ','dolor in reprehenderit in vol',-20,'occaecat cupida'),(552,'LAMEIRA\nALDI','aute irure d',54,'magna aliqua. Ut enim ad minim ven'),(553,'LOUREIRO DE OLIVEIRA CALADO\nALEXANDRA MARGARIDA MORAIS MONT','adipiscing e',-120,'ullamco lab'),(554,'FERREIRA\nALEXANDRA CRISTINA M','inc',-86,'adipiscing elit, sed do eiusmod tempor incididunt ut labore et dolore magna aliqua. Ut e'),(555,'JOS PINTO MACHADO\nALEXANDRE JOS SAL','dolor in reprehender',70,'pariatur. Excepteur sint occaecat cupidatat '),(556,'MAGALHES\nA','magna aliqua. Ut enim ad ',-35,'ut labore et dolore magna aliqua. Ut enim ad minim veniam, quis nostrud '),(557,'GOLALVES DA','Duis aute irure dolor in repr',-86,'cupidatat non proident'),(558,'CAMEIRO\nALFREDO JOS MARTINS GONALVES\nALFREDO JOS MO','pariatur. Excepteur',-112,'aliqua.'),(559,'DE SANCHEZ MOURA\nALEXANDRA ','c',70,'.Lorem ip'),(560,'MADEIRA FAZENDEIRO\nAIDA MARIA MAGA','laboris nisi ',-2,'anim id est laborum.Lorem ipsum dolor sit amet,'),(561,'MIGUEL CAGICA DIAS\nALEXANDRE MIGUEL CAR','elit, sed do eiusmod te',26,'aliqui'),(562,'PINTO MACHADO\nA','velit esse',1,'dolor in reprehenderit in voluptate'),(563,'DA SILVA\nADRIANA FLVIA OLIVEIRA DE SOU','non proident, s',-69,'proident, sunt in culpa qui officia deserunt mollit anim '),(564,'JOSE TEIXEIRA DE BARREIROS MACHADO FERRA','nisi ut aliquip ex ea com',94,'esse cillum dolore eu fu'),(565,'MARIA ALVES COUTINHO CASTEL','aute i',7,'in voluptate '),(566,'MARIA VIEIRA HENRIQUES PEREIR','cillum',90,'eu fugiat nulla pariatur. Excepteur sint occaecat cupidatat non proident, sunt in cul'),(567,'ALVES MAGALHES LOPES\nALB','quis nostrud exercitation ull',102,'occaecat cupidatat non proident, sunt in culpa qui officia deserunt mollit'),(568,'ALDIN','sint o',86,'ullamco laboris nisi ut aliquip ex ea commodo consequat. Duis aute irure d'),(569,'DE MATOS COSTA SILVA\nADILSON PASSOS DA COSTA MARQUES\nADJO','ut labore',117,'Ut enim ad minim veniam, quis nostrud exercitation'),(570,'AGOSTINHO MORAIS CARVALHEIRA\nAGOS','es',-48,'dolor sit amet, consectetur adipiscing elit, sed do eiusmod tempor incid'),(571,'CARVALHEIRO MARQUES CALVETE GASPAR\nADELAIDE DA CONCEIO L','aliqua. ',-100,'ut aliquip ex ea commodo con'),(572,'JORGE ORFO','Excepteur si',80,'pariatur. Excepteur sint occaecat'),(573,'AFONSO LOP','Excepteur sin',-115,'elit, sed do eiusmod tempor incid'),(574,'CERVEIRA FERREIRA\nALEXANDRINA MARIA ','cillum dolore eu fugiat nu',-57,'adipiscing elit, sed do eiusmod te'),(575,'SANTOS ALMEIDA\nADELIA CR','eu fugiat nulla pariatur.',61,'culpa qui officia deserunt mollit'),(576,'AL','ut l',-17,'voluptate velit esse cillum dolore eu fugiat nulla pariatur. Ex'),(577,'PEREIRA\nALDA MARIA NUNES DE OLIVEIRA FIGUEIREDO GONA','consequat. Duis aute irure dol',63,'adipiscing elit, s'),(578,'ADLIA MAR','fugiat nulla pariatu',-123,'tempor inc'),(579,'JOS AFONSO TOPA\nABLIO JOS FERRA MARCELINO\nA','enim ad minim veniam, quis nos',101,'sint occaecat cupidatat non proident, sunt in culpa qui officia deserun'),(580,'MARIA ','fug',-24,'ut labor'),(581,'E CASTRO\nAGOSTINHO R','anim id est laborum.',118,'est laborum.Lorem ipsum dolor sit amet, consectetur adip'),(582,'PASSOS SOUSA\nADRIAN','dolo',63,'anim id e'),(583,'ADLIA CRISTINA FERREIRA MAGALHES ALMEIDA\nADLIA ','veniam, quis nostrud',-52,'quis nostrud exercitation ullamco laboris nisi ut aliquip ex ea commodo consequat. Duis au'),(584,'ADLIA MARIA DUARTE MARREIROS\nAD','quis',-105,'pariatur. E'),(585,'MARINHO\n','enim ad minim ',-24,'consequat. Duis aute iru'),(586,'ALEXANDRA FILIPA BELARD SOTERO A','ab',-76,'officia deserunt mollit anim id est laborum.Lorem ipsum dolor sit amet, consectetur adipis'),(587,'BRANCO\nALDA SOFIA BISCAIA FE','Excepteur sint occaecat c',-30,'ad minim veniam, quis nostrud exercitation ullamco laboris nisi ut aliquip ex ea comm'),(588,'GOMES FERNANDES\nALEXANDRA MARIA GOM','consequat. Duis a',41,'magna aliqua. Ut enim ad min'),(589,'DA COSTA LEITE\nALBANO DE CARVALHO FIGUE','sint occaecat cupidatat ',-43,'culpa qui officia deserunt mollit anim id est la'),(590,'DE OLIVEIRA\nALCINDO JOSE PEDROSO DA COSTA\nALCNIA FERNAN','nulla pariatur. Excepteu',-55,'Duis aute irure dolor in reprehenderit in voluptate velit es'),(591,'EUFMIA COELHO GONALV','sunt in culpa qui officia dese',-12,'cupidatat non proident, sunt in culpa qui '),(592,'RODRIGUES RI','nostrud',120,'in voluptate velit esse cillum dolore eu fugiat nulla'),(593,'RAMINHOS AGOSTINHO FARRICA\nALDA MARIA RASTEIRO GIS SANCHO\n','co',-14,'adipiscing elit, sed do eiusmod te'),(594,'R','cillum dolore eu fugiat n',31,'ut labore et '),(595,'ALVES RESEN','o',58,'um.Lorem ipsum dolor sit amet, consectetur a'),(596,'SEQUEIRA SANTA MARTA GONALVES\nALEXAND','fugiat nulla p',-110,'et dolore magna'),(597,'ALBERTINA ALVES MAGALHES LOPES\nALBERTINA ','consequat.',-101,'anim id est laborum.Lorem ipsum dolor sit amet, consectetur adipiscin'),(598,'CARLOS PEREIRA ALVES R','ullamco la',-26,'dol'),(599,'ADELINA MARIA BARBOSA\nADELINA MARIA BA','nostrud exercitati',-30,'in voluptate velit esse cillum dolore eu f'),(600,'DE OLIVEIRA MENDES\nALEXANDRA HELENA TOBIAS COELHO\nALE','qui officia deserunt mol',-23,'sunt in culpa qui officia deserunt mollit anim id est laborum.Lorem ipsum dolor sit amet, consec'),(601,'NEVES GOMES L','sunt in culpa qui',119,'mollit anim id est laborum.Lorem ipsum dolor sit amet, consectetur adipiscing el'),(602,'MARIA FERNANDES PEDROSA ','pariatur',-13,'in voluptate velit esse cillum dolore eu fugiat nulla pariatur. '),(603,'ESTEVES\nADELINO ANTNIO TOM Q','dolor sit ame',-45,'occaecat cupidatat non proident, sunt in culpa qui officia deserunt mollit anim'),(604,'AIDA MANUELA DA SILVA MADEIRA NAVARRO\nAIDA MANUELA MARTI','ipsum ',61,'proident, sunt in culpa qui officia '),(605,'CAR','E',43,'laborum.Lorem i'),(606,'MANUEL DOS SANTOS GONALVES\nALBERT','Duis a',-35,'incidi'),(607,'A','la',-120,'nulla pariatur. Excepteur sint occaecat cupid'),(608,'BASTOS RODRIGUES SERRENHO ANDRADE\nALFREDO SANDRO ROSINO PER','n',76,'non proident, '),(609,'ALEXANDRE FER','ad mi',-85,'eu fugiat nulla par'),(610,'MARIA MOURA PEREIRA\nALDA MARIA NOGUEIRA','laborum.Lorem ipsum dolo',-13,'deserunt mollit anim id est laborum.Lorem ipsum dolor sit amet, c'),(611,'ALEXANDRA MARIA PI','nisi ut al',98,'labore et dolore magna aliqua. Ut enim ad minim veniam, quis nostrud exercit'),(612,'ALEXANDR','d',2,'laborum.Lorem ipsum dolor'),(613,'FERREIRA\nADLIA MARGARIDA ALMEIDA DA SILVA FA','Exce',122,'aute irure dolor in rep'),(614,'PINA ','pariatur. E',-84,'consectetur adipiscing elit, sed do eiusmod tempor incididunt ut labore et dolore '),(615,'ALEXANDRE MANUEL ','ut aliquip ex ea commo',53,'non proident, sunt'),(616,'MIGUEL NUNES SAN','c',-77,'in reprehenderit in voluptate velit esse cillum d'),(617,'MARIA MARTINS SEABRA\nADRIANA MARIA MARTIN TE','sed do eius',-103,'sunt i'),(618,'LOURENO BARROS NOVAIS\nALDA MARIA AFONSO SILVA\nALDA MA','qui officia des',-25,'aute irure dolor in '),(619,'ALEXANDR','deserunt mol',19,'dolor sit amet, consectetur adipiscing elit, sed do eiusmod tempor inc'),(620,'PATRCIA LOPES NUNES\nALEXANDRA PATRCIA MONTEIRO DE BRITO','sunt i',89,'non proident,'),(621,'SIMES RODRIGUES\nAGRIPINO LUIS CARMO ESTRELA DA SILVA','oc',48,'Ut enim ad minim veniam, quis nostrud exercitation ullamco laboris nisi ut aliquip ex ea commodo c'),(622,'FERREIRA PORTUGAL DA','nulla ',68,'eu fugiat nulla pariatur.'),(623,'CRUZ AGOSTINH','in reprehenderit in vol',-65,'consectetur adipiscing elit'),(624,'FERNANDES\nADELINA MNICA URZE MOREIRAS\n','minim veniam, quis nostrud',77,'borum.Lorem ipsum dolor sit amet, consectetur adipiscing elit, sed do eiusmod tempor incididu'),(625,'ALBERTO LUS DOMINGUES BARREIRA\nALBERTO LUIS MAGALHES SEQ','Excepteur sint occaecat c',-54,'deserunt mollit anim id est laborum.Lorem ipsum dolor sit amet, consectetur adipisci'),(626,'CO','mollit anim id est laborum.Lo',47,'anim id est laborum.Lorem ipsum dolor sit amet, consectetur adipisc'),(627,'DO ROSRIO GRADIN RIBEIRO\nADRIANA DUARTE DE PASSOS SOUSA\n','nulla pariatur. Excepteur',77,'dolore eu fugiat nulla pariatur. Excepteur s'),(628,'S','ull',71,'voluptate velit esse cillum dolore eu fugiat nulla pariatur. Excepteur sint occaecat cupidatat '),(629,'PINA MIMOSO\nAFONSO SERRA MONTEIRO\nAFONSO VIRGLIO MA','in voluptate velit esse ',17,'sunt in culpa qui o'),(630,'ALEXANDRE FERNANDO RODRIGUES L','ullamco laboris nisi',-54,'labore et dolore magna aliqua. Ut enim ad minim veniam, quis nostrud exercitation ullamco laboris ni'),(631,'PEREIRA NEVES TOMS\nALEXANDRA ISABEL PINS COEL','qui officia dese',-41,'esse cillum dolore eu fugiat nulla pariatur. Excepteur sint occaec'),(632,'JULIO PINTO\nALEXANDRA MARIA RIBEIRO MATEUS\nALEXANDRA M','in v',-87,'quis no'),(633,'VIEIRA\nA','veniam, quis nostrud exercitat',84,'quis nostrud exercitation ullamc'),(634,'ALEXANDRE MIGUEL T','sun',107,'elit, sed do eiusmod tempor incididunt ut labore et dolore magna aliqua. Ut enim ad min'),(635,'DA COSTA ALMEID','sint occaecat c',96,'voluptate velit esse cillum dolore eu fugia'),(636,'MARIA D','ma',88,'Duis aute irure dolor in reprehenderit in voluptate velit esse cillum dolore eu fugi'),(637,'CARVALHO\nADELAIDE JOO DE ALMEIDA RUSS','nisi u',-8,'dolore eu fugiat nulla paria'),(638,'SANTOS CRUZ\nABEL AGOSTINHO NO','Duis a',37,'incididunt ut labore et dol'),(639,'ALBERT','et dolore magna aliq',-19,'nul'),(640,'MANUELA BARROS FERNANDES GOMES\nALEXANDRA MANUELA DA COSTA','um.Lore',51,'aute irure dolor in reprehenderit in voluptate velit esse cillum dolore eu fug'),(641,'ADELINA MARIA PURESA DE MESQUI','adipiscing',-57,'dolore magna aliqua. Ut enim ad minim veniam, quis nostrud exercitation ull'),(642,'MARIA CARVALHAIS PINTO SANTOS\nALEXANDRA MARIA CA','sit amet, consectetur adipi',-32,'elit, sed do eiusmod tempor incididunt ut labore et dolore magna aliqua. Ut enim ad m'),(643,'ISABEL MARTINS CAETANO\nALEXANDRA ISABEL M','ull',-32,'la'),(644,'DA FONSECA\nALBER','est laboru',-95,'in culpa qui officia des'),(645,'BATISTA DA SILVA TROCADO\nALEXANDRE E','elit, se',102,'dolore eu fugiat nulla pariatur. Excepteur sint occaecat cupidatat n'),(646,'JORGE M','ipsum dolor',-83,'Ut enim ad minim veniam, quis nostrud exercitation ullamco laboris nisi ut '),(647,'V','ex ea ',64,'reprehenderit in voluptate velit esse c'),(648,'P','esse cillum dolore ',-67,'dolore eu fugiat nulla pa'),(649,'RODRIGUES\nAGOSTINHO FERNANDO D','cupidatat non proide',60,'do eiusmod tempor incididunt ut labore e'),(650,'DA CONCEIO AL','non proident, ',-81,'non p'),(651,'GAMA PIRES LEAL\nALEXA','tempor incididun',94,'nisi ut aliquip ex ea co'),(652,'ALMEI','cupidatat non pro',55,'consequat. Duis aute irure dolor in reprehenderit in voluptate velit esse'),(653,'ALEXAN','qui officia deseru',-123,'in voluptate velit esse cillum dolore eu fugiat nulla pariatur. Excepteur sint occaecat cupidatat '),(654,'MANUEL S','nostrud exercitation ull',103,'adipiscing elit, '),(655,'AGUIAR OLIVAL\nALEXANDRA DE BASTOS E VASCONCELOS\nALEXA','occaecat cupidatat non proiden',-95,'elit, sed do eiusmod tempor incid'),(656,'SOUSA BARATA RAFAEL\nALCINA OLIVEIRA DOS SANTOS\nA','in rep',95,'incididunt ut labore et dolore magna aliqua. Ut enim a'),(657,'CUNHA RODRIGUES\nALE','minim veniam, quis nost',-118,'nostrud exercitation ullamco laboris nisi ut aliquip ex ea co'),(658,'SANTOS LEITE\nABEL JOS RIBEIRO COSTA\nABEL LUS','tempor incid',104,'sunt in culpa qui offici'),(659,'ALEXAND','exercitatio',50,'laborum.Lorem ipsum dolor sit amet, consectetur adipiscing elit, sed do eiusmod'),(660,'RUSSO PASSOS\nADELAIDE JOO DOS SAN','laborum.Lorem',52,'ea commodo consequat. Duis aute irure dolor in reprehenderit in voluptate velit esse cill'),(661,'ESTEVES\nAIDA RIBEIRO MENDES RODRIGUES\nAI','eiu',-28,'id est labo'),(662,'ADELAIDE FATIMA FERNAN','esse cillum do',-106,'ut labore et dolore magna aliqua. Ut enim ad minim veniam, quis nostrud exerc'),(663,'COSTA\nALE','nisi ut aliquip ex ea commodo ',12,'est lab'),(664,'DE MACEDO FERNANDES VIEGAS\nAIDA MARIA DE S','ipsum dolor ',-43,'quis nostrud exercitation ullamco laboris nisi ut aliquip ex ea commodo '),(665,'DA SILVA FERREIRA\nAID MARIA BESSA SEABRA ','nisi ut aliquip ex ',115,'dolor in reprehenderit in voluptate velit esse cillum dolore eu fugiat'),(666,'SOUSA CASTRO\nALEXANDRA ','fugiat nulla pariatur. Exce',-112,'velit esse cillum dolore eu fugiat nulla pariatur.'),(667,'FERNANDE','consectetur adipiscing elit, ',77,'aliqua. Ut enim ad minim veniam, quis nostrud e'),(668,'GEHRES\nADRIANA DELGADO VIDEIRA ','aliqua. Ut eni',21,'magna aliqua. Ut enim ad minim veniam, quis nostrud exe'),(669,'PIRES RIBEIRO\nADELAIDE D','sed do eiusmod tempor inci',120,'Excepteur sint occaecat cupidatat non proident, sunt in culpa qui officia deser'),(670,'MARQUES SARAIVA\nALEXANDRA ISABEL MARTINS CAETANO\nA','veniam, quis nostr',37,'sed do eiusmod tem'),(671,'ALEXANDRINA MARIA FER','ullamco ',-65,'voluptate velit esse cillum dolore eu fugiat nulla pariatur. Excepteu'),(672,'AIDA OLVIA PEREIRA DE CARVALHO G','adipiscing',99,'culpa qui officia deserunt mollit anim id est laborum.Lo'),(673,'DA SILVA DUARTE CARVALHO\nALEXANDRIN','ea commodo consequa',81,'anim id est labor'),(674,'DE ALMEIDA PEREIRA FERREIRA\nALDA MARIA DE CAMPOS ','nostrud exercit',29,'qui officia deserunt mol'),(675,'RAQUEL MOURO D','elit, sed do eiusmod tempor ',-52,'ad minim veniam, quis nostrud exercitation ullamco labor'),(676,'SILVA\nALEXANDRA SOFIA NEVES DOS SANTOS','adi',45,'fugiat nulla pariatur. Excepteur sint occ'),(677,'ALBERTINA CECLIA BCO DA FONSECA\nALBERTINA C','ad minim veni',-16,'Duis aute irure dolor in reprehenderit in voluptate velit esse cillum dolore'),(678,'ADELINA LIMA CARVALHO\nADELINA MANUELA BRI','ul',79,'dolor sit amet, consectetur adipiscing elit, sed do eiusmod '),(679,'TOMS','consectetur adipiscing elit,',66,'labore et dolore magna a'),(680,'JOS MONTEIRO DE LI','cillum dolore',-60,'est laborum.Lorem ipsu'),(681,'ALDA DA CONCEIO SA','enim ad mini',18,'anim id est laborum.Lorem ipsum dolor sit amet, consectetur adipiscing elit, sed do eius'),(682,'DA FONSECA CORREIA MAGALHES\nALEXANDR','dolore eu fugiat nulla par',87,'in voluptate velit esse ci'),(683,'MARIA VICENTE GRACIOSO','proident',12,'ipsum dolor sit amet, consectetur adipiscing elit, sed do eiusmod tempor incididunt ut labore e'),(684,'RIBAS PERE','consectetur adipiscing elit, s',-80,'eiusmod tempor incididunt ut labore et dolore magna al'),(685,'G','laboris nisi ut',-117,'laboris nisi ut aliquip ex ea commodo consequat. Duis aute irure dolor i'),(686,'MEIRA\nADRIANA DA CONCEIO SILVA GOMES PINTO\nADRIANA DA CONC','reprehenderit in ',-123,'Ut enim ad minim veniam, quis nostrud exercitati'),(687,'DE S PESS','qui officia deserunt molli',17,'Ut enim ad '),(688,'MARIA DA SILVA PEREIRA ','exercitation ul',-114,'Ut enim ad minim veniam, quis nostrud exercitation ullamc'),(689,'ANTUNES AND','deserunt mollit anim id e',99,'Ut enim ad minim veniam, quis nostrud exercitation ullamco laboris nisi u'),(690,'SUSANA MAGALHES CARNEIRO\nABLIA ADLIA MARQUES DUQ','s',-93,'sed do eiusmod tempor incididunt ut labore et dolore magna aliqua. Ut enim ad minim v'),(691,'GONA','veni',14,'veniam, quis nostrud exercitation ullamco labori'),(692,'E SILVA BARROSO D','no',45,'sint occaecat cupidatat non proident, sunt in culpa qui officia deserunt mol'),(693,'RIBEIRO\nALEXANDRA MARGARIDA CORREIA DA LUZ SIMO LOPES\n','culpa qui officia de',96,'um.Lorem ipsum dolor sit amet, cons'),(694,'G','occaecat cupid',-41,'aborum.Lo'),(695,'MANUEL DA SILVA FERREIRA','cupidatat',-34,'Ut enim ad minim veniam, quis nostrud exercitation ul'),(696,'ISABEL ','proident, sunt in culpa ',38,'eiusmo'),(697,'FERREIRA CORREIA\nALEXANDRA ','ipsum dolor sit amet',81,'aute irure dolor in reprehen'),(698,'ANGLICA ABREU MOREIRA\nAIDA BATISTA DA CRUZ\nAIDA','in reprehende',-40,'consectetur a'),(699,'PINTO SOUSA SOARES\nALDA M','labo',43,'Ut enim ad minim veniam, quis nostrud exercitation ullamco laboris nisi ut aliquip ex ea commodo'),(700,'PIRES\nALEXANDRA MARINA BASTOS DOS SANTOS\n','el',99,'non proident, sunt in culpa qui officia deserunt mollit anim id est laborum.Lorem ipsum dolor'),(701,'VALE VIEIRA C','in reprehe',54,'ullamco laboris nisi ut aliquip ex ea commodo consequat. Duis aute irure dolor in'),(702,'DA SILVA\nAIDA OLINDA TRIGO FLIX\nAIDA OLVIA PEREIRA DE ','esse ci',114,'laborum.Lorem ipsum do'),(703,'CATARINA DOMINGUES S','nostrud exercitation u',82,'mollit anim id est laborum.Lorem ipsum dolor sit amet,'),(704,'DE SANCHEZ MOURA\nALEXANDRA LICNIA DA FONTE SIL','elit, sed do eiusm',29,'eu fugiat nulla pariatur. Ex'),(705,'DE SOUSA ANDRADE DA SILVA BALT','eu fugiat nulla',22,'sunt in culpa qui '),(706,'MIGUEL ESTEVES CAETANO DE ALMEIDA\nALEXANDRE MIGUE','non proident, sunt in culp',-65,'Ut enim ad'),(707,'DA COSTA\nAIDA MANUELA MONTEIRO DE SOUS','Excepteur si',107,'sunt in culpa qui officia deserunt mollit a'),(708,'CRISTIANO TEIXEIRA PINTO\nALEXANDRE DA SILVA AFONSO\nALEXAND','mollit ani',43,'amet, consectet'),(709,'ANDRADE\nALFRE','in voluptate velit es',-50,'nulla pariatur. Excepteur sint occaecat cupidatat n'),(710,'MARIA INCIO CORREIA VELEZ\nALEXANDRA MARIA INCIO DO C','adipiscing elit,',43,'proident, sunt in culpa qui officia deserunt mollit anim id est laborum.Lorem ipsum dolor sit am'),(711,'PINTO BOTELHO\nALEXANDRINA PIRES TIBEIRO\nALEXANDRINA SOFIA ','ex ea comm',30,'ullamco la'),(712,'LIMA\nALEXANDRA ','vel',-35,'um.Lorem ipsum dolor sit amet, consectetur adipisc'),(713,'ROSA SARAIVA MOREIRA\nAL','consequat. Duis aute irure d',108,'aute irure'),(714,'FRANCS SILVA MARQUES\nALEXANDR','consequat. Duis ',-73,'amet, consectetur adipiscing elit, sed do eiusmod tempor incididunt ut labore et do'),(715,'DA SILVA GODINHO\nAIDA DAS NEVES PEREIRA DA S','sunt in culpa ',120,'dolor in reprehenderit in voluptate velit esse cillum dolore eu fugiat nulla pariatur. Excepteur s'),(716,'R','exercitation',-49,'magna al'),(717,'ALEXANDRA MARIA CARVALH','ad minim veniam,',54,'est laborum.Lorem ipsum do'),(718,'GORETT FERN','exercitation ullamc',7,'laboris nisi ut aliquip ex ea commodo consequat. Duis aute irure dolor '),(719,'ALEXANDRE JOS DIOGO SARAIVA\nALEXANDRE ','officia deseru',120,'ad minim veniam, quis nostrud exer'),(720,'DE OLIVEIRA CARVALHO\nALEXANDRINA MARQUES GORDINHO T','exercitation ullamco lab',-89,'eu fugiat nulla pariatur. Excepteur sint occaecat cup'),(721,'HENRIQUE\nADRI','nulla pariatur',123,'in voluptate velit esse cillum dolore eu fugiat nulla pariatur. Excepteur sint '),(722,'CABRITA\nALEXANDRA MARIA DE MAGALHES PINTO DE PAIVA LEA','nulla pariatur. ',46,'quis nostrud exercitation ullamco laboris nis'),(723,'MARTINS\n','Duis aute ir',-127,'reprehenderit in voluptate velit esse cillum dolore eu fugiat nulla pariatur. Excepteur sint occae'),(724,'LEIT','ut aliquip ex ea co',-45,'e'),(725,'BARBOSA\n','n',29,'nisi ut aliquip ex ea commodo consequat. Duis aute irure dolor in repreh'),(726,'ALBERTO MRIO MORENO','venia',-42,'nisi ut aliquip ex ea commodo consequ'),(727,'ADELINA MARIA DOS SANTOS PINA MARQUES ABRUNHOSA\nADELINA MARI','ipsum dolor sit amet, conse',-98,'Ut enim ad minim veniam, quis nostrud exercitation ullamco laboris nisi ut aliquip ex ea commod'),(728,'RIBEIRO DOS SANTOS PINTO\nA','deserun',62,'minim veniam, quis nostrud exercitation ullamco labori'),(729,'PIRES PASSADIO\nADELINO DA CONCEIO DIAS\nADELINO DA S','sunt in culpa qu',-71,'Ut enim ad minim veniam, quis nostrud exerci'),(730,'MIGUEL JERNIMO TEIXEIRA\nALEXANDR','in reprehenderit in v',28,'amet, consectetur adipis'),(731,'ALEXANDRA MARIA FERREIRA ALV','sint occaecat cupid',-84,'adipiscing elit, sed do eiusmod tempor incidi'),(732,'ALEXANDRA ISABEL PEREIRA ','nisi ut aliquip ex ea commo',113,'cupidatat non proident, sunt in culpa qui of'),(733,'RAMOS\nAGOSTINHA MARIA DA SILVA MONTEIRO\nAGOS','ullamco laboris nisi ut ali',106,'in reprehenderit in voluptate velit esse cillum dolore eu fugiat nulla pariatur. Excepteur'),(734,'MARIA CORREIA MELO DE OLIVEIRA PATO\nA','occa',35,'Excepteur sint occaecat cupidatat non proident, sunt in culpa qui officia deserunt mollit anim id'),(735,'DE CARVALHO','i',-22,'qui officia deserunt mollit anim id est laborum.Lorem i'),(736,'ADRIANA GORETI PINTO BESSA\nADRIANA GR','elit, sed do eiusmod tempor',-112,'deserunt mollit anim '),(737,'ALEXANDRA ISABEL PROENA DE JESUS SILVESTRE\n','aliqua. Ut ',98,'qui officia deserunt mollit anim id est laborum.Lorem'),(738,'ALEXANDRA BORGES CARDOSO','Duis aute irure dol',-58,'est laborum.Lorem ipsum dolor sit amet, consectetur adipi'),(739,'GRCIO GO','non proid',-106,'nulla pariatur. Exc'),(740,'CARVALHEIRA\nAGOSTINHO PAULO','et dolore',-77,'ut labore et dolore magna aliqua. Ut enim ad minim veniam, quis nostrud'),(741,'RODRIGUES LUIS\nALEXA','non proident, sunt in culp',75,'deserunt mollit anim id est laborum.Lorem ipsum dolor sit amet, cons'),(742,'CARDOSO\nADRIANA PACHECO OLIVEIR','velit ',-34,'dolor si'),(743,'MOURA PEREIRA\nALDA MARIA NOGUEIRA LOPES CARVALHO\nALDA MA','occaecat',-91,'dolor in reprehenderit in voluptate velit esse cillum dolore'),(744,'ALEXANDRA MANUELA DA SILVA CACILHAS ','ullamco laboris nisi ut',94,'dolor sit amet, consectetur adipiscing eli'),(745,'CLETO DE VASCONCELOS\nALEXANDRA MARISA DA COSTA GOMES\nA','adipiscin',-128,'in voluptate velit esse cillum d'),(746,'AGOSTINHA DE LURDES','fugiat nulla pariatu',84,'ex ea commodo consequat. Duis aute irure dolor in reprehenderit in voluptate velit esse cil'),(747,'TORRES MOREIRA\nADLIA D','culpa qui officia',-71,'sed do eiusmod tempor incididunt ut labore et dolore magna aliqua. Ut enim'),(748,'MANUELA DA SILVA MADEIRA NAVARRO\n','Duis',124,'non proident, sunt in culpa qui o'),(749,'AIDA PAULA GONALVES ESTEVES\nAIDA R','ea commodo consequat',-124,'occaecat cupidatat non proide'),(750,'DA COSTA DIAS\nALEXANDRE MANUEL RAMALHE','enim ad',61,'deserunt mollit an'),(751,'GOMES\nALBERTINA MARGARIDA','Ut',34,'sunt in culpa qui officia deserunt mo'),(752,'ALDIRA PAULA CIBRO RIBEIRO\nALDORA LUSA MIRA','deserunt mollit anim id est ',-26,'nisi ut aliquip ex ea commodo consequat. Duis aute irure dolor in reprehenderit in volup'),(753,'ALDINA DA CONCEIO RODRIGUES\n','velit esse cillum ',57,'aborum.Lorem ipsum dolor sit amet, consectetur adipiscin'),(754,'GOMES RAMOS AMADO\nADRIANA ALEXANDRA ALVES PINTO\nADRIAN','non proident, sunt in culpa q',34,'id est laborum.Lorem ipsum do'),(755,'PINTO COELHO\nADR','consequat',64,'enim ad minim veniam, quis nostrud exercitation ullamco laboris nisi ut'),(756,'SOARES CARNEIRO\nALBINA ','sunt in culpa qui offi',-58,'sint occaecat cupidatat non proi'),(757,'BESTEIRO SILVA\nALDA DA CONCEIO SAN','labore et d',-99,'non proident, sunt in culpa qui officia deserunt '),(758,'MORAIS\nALBERTO JORGE DA','Duis aute iru',6,'laboris nisi ut aliquip ex ea'),(759,'AMADO PEREIRA GREGRIO LARANJEIRA\nALICE AML','adipiscing elit, sed do e',-93,'ullamco laboris nisi ut aliquip ex ea commodo consequat. Duis'),(760,'EMLIA DE FREITAS ','elit, sed do eiusmod tempor i',91,'laboris nisi ut aliquip ex ea commodo consequat. Duis aute irure dolor in reprehenderit in volu'),(761,'ALEXANDRA MARIA VALRIO ROD','mollit anim id est labor',-54,'dolor in reprehenderit'),(762,'JOAQUIM MORAIS DOS SANTOS\nALBERTO ','comm',70,'nulla pariatur. Excepteur sint occaecat cupidatat non proi'),(763,'MIGUEL JERNIMO TEIXEIRA\nALEXANDRE MIG','e',-70,'consectetur adipiscing elit'),(764,'MARIA OLIVEIRA GUI','consequat. Duis aute ',-74,'dolore magn'),(765,'ISABEL ALVES SILVA MARQUES GOMES TEIXE','Excepteur si',35,'cupidatat non proident, sunt in culpa qui officia deserunt mollit anim id est laborum.Lor'),(766,'ISABEL FARINHA MARTINS BRAZ DA COSTA\nALEXANDRA ISABEL FERN','molli',-33,'culpa qui officia deserunt mollit anim id est laborum.Lorem ipsum do'),(767,'PAULO PEREIRA MOUTINHO RIBEIRO D','magna aliqua. ',120,'veniam, quis nostrud exercitation ullamco labo'),(768,'ISABEL DA ROCHA PEREIR','reprehen',-2,'abor'),(769,'RIBEIRO\nADRIANA SOFIA DIAS DE CA','cillum dolore eu fugiat nu',8,'in voluptate velit esse cillum dolore eu fugiat nulla pariatur. Exce'),(770,'MIGUEL DUARTE MENDES\nALBINO SRGIO COSTA ALVES\nALCIDES D','nisi ut aliquip',-50,'laborum.Lorem ipsum dolor sit amet, consectetur adipiscing'),(771,'DUARTE\nAIDA LUISA DE SOUSA GARCIA MACIEL\nAIDA MANUELA DA ','magna aliqua. Ut enim ad',45,'adipiscing '),(772,'DOS SANTOS\nALEXANDRA MARINA BASTOS SA','veniam, quis no',65,'eu fugiat nulla '),(773,'ALEXANDRA','adipisc',77,'sunt in culpa qui officia deserunt mollit anim id est laborum.Lorem ipsum dolor sit amet, consec'),(774,'SILVA\nAB','ullam',120,'aliqua. Ut enim ad minim veniam, quis nostrud exercitation ullamco laboris nisi ut a'),(775,'CORREIA\nALEXANDRA MARIA','velit esse cillum dolo',50,'velit esse cillum dolore eu fugiat nulla pariatur. Excepteur sint occaecat cupidata'),(776,'DE OLIVEIRA PIRES\nALCIDES JOS DA SILVA RAMOS\nALCIDES MANUEL','non proident, sunt in',-41,'Duis aute irure dolor'),(777,'MOUTINHO CARVALHO D','nisi ut aliquip ex ea commo',-38,'officia deserunt mollit'),(778,'GOMES PINTO MONTEIRINHO\nALEXANDRA MARIA MAR','laboris nisi ut ali',-80,'esse cillum dolore eu fugia'),(779,'ANTUNES DA SILVA\nADELAIDE ','magna aliqua. Ut enim ad minim',89,'consequat. Duis aute irure dolor in reprehenderit in voluptate velit esse cillum dolor'),(780,'DOURADO','incididunt ut labore et d',-89,'veniam, quis nostrud exercitation ullamco laboris nisi ut aliquip ex ea commodo conseq'),(781,'DE BARROS RODRIGUE','adipiscin',85,'ex ea commodo consequat.'),(782,'AIDA MARIA SIMES MATEUS\nAIDA MARIA VENNCIO SALVADOR\nAI','minim veniam',73,'fugiat nulla pariatur. Ex'),(783,'ALDINA BATISTA TOMS OLIVEIRA\nA','sint occaecat cupid',36,'in reprehenderit in volupt'),(784,'VALENTE OLIVEIRA MENDONA\nADLIA DA ASCENO ','sint occaecat cupidata',14,'incididunt ut labore et dolore magna aliqua. Ut enim ad'),(785,'ALBERTA FERNAN','ut labore et dolore magna aliq',7,'exercitation ullamco laboris nisi ut aliquip ex ea commodo consequat'),(786,'JESUS BALULA\nALEXANDRA MARIA ','anim id est laborum',24,'proident, sunt in culpa qui officia deserunt mollit anim id est laborum.Lorem ips'),(787,'JACOB\nALEXANDRA LUSA NASCIMENTO E SILVA BAR','ullamco l',-53,'volupt'),(788,'BOTELHO\nALEXANDRA CALADINHO CHAGAS NAR','in culpa qui officia dese',14,'m.Lorem ipsum dolor sit amet, consectetur adipiscing elit, sed do eiusmod tempor incididunt'),(789,'SILVA SANTOS\nALEXANDRA SILV','ut labore e',-14,'in voluptate velit esse cillum dolore eu fugiat nulla pariatur. Exce'),(790,'SOFIA FER','ex ea commodo ',-46,'et dolore magna aliqua. Ut enim ad minim veniam, quis nostrud exercit'),(791,'ALEXANDRA MARIA RODRIGUES','irure dolor ',-45,'consectetur adipiscin'),(792,'FARIA MARTINS CAPELA\nADRIANA FESTAS RIBE','dolo',-122,'laboris nisi ut aliquip ex ea commodo consequat'),(793,'DE OLIVEIRA CORREIA\n','in ',-29,'enim ad minim veniam, quis nostrud exercitation ullamco laboris nisi ut aliquip ex ea commo'),(794,'ALDA CARINA FERREIRA D','cupidatat non proident, sun',65,'consequat. Duis aute irure dolo'),(795,'CARMEN LOPES DE CARVALHO FOLGA\nALBINA EMLIA DE FREIT','sed do eiusmod tempo',-53,'dolor in reprehenderit in voluptate velit esse cil'),(796,'NOGUEIRA CARREIRA ALMEIDA\nAGATA MARTINS MENDES RIBEIR','commo',-58,'ipsum dolor sit amet, consectetur adipiscing elit, sed do eiusmod tempor in'),(797,'ALDA MARIA FERNANDES FERREIRA\nALDA MARIA F','dolor sit am',124,'do eiusmod tempor incididunt ut labore et dolore magna aliqua. Ut enim ad m'),(798,'JOS SOUTINHO DE SOUSA\nADELINO MAIA BASSO\n','in voluptate velit esse cillu',116,'do eiusmod tempor incididunt ut labore et dolore magna'),(799,'FREIRE\nALDIRA DA LUZ SAMPAIO FERNAND','aut',-34,'Duis aute irure dolor in reprehenderit in voluptate velit e'),(800,'TANQUEIRO DA SILVA\nALEXANDRA MARIA BRAGANA D','elit, sed do eiusmod temp',20,'ex ea commodo consequat. Duis aute irure dolo'),(801,'CAM','velit esse cillu',59,'ut labore et dolore magna aliqua. Ut enim ad minim veniam'),(802,'ISABEL LOPES CARVALHO\nA','nulla pariatur. Excepte',112,'dolore magna aliqua. Ut enim ad '),(803,'AZEVEDO\nAIDA MARGARIDA DE LIMA BRANCO\nAIDA MARIA ANAST','ad minim veniam, quis nost',-28,'Duis aute ir'),(804,'ALBERTINA ','dolore eu fugiat nulla',119,'vel'),(805,'MIGUEL DA COSTA PEREIRA\nALDA AGOSTINHO PINTO DOS SANTOS V','occaecat',101,'cupidatat non '),(806,'GNIO\nAIDA MARIA','sunt in culpa q',2,'sed do eiusmod tempor incididunt ut labore et dolore magna aliqua. Ut enim ad m'),(807,'AGRIPINO LUIS CARMO ESTRELA DA SILVA\nAGUEDA BOAVENTURA ALV','in reprehenderit in v',-121,'amet, consectetur adipiscing elit, sed do eiusmod tempor in'),(808,'MIGUEL CERQUEIRA CARDOSO\nALE','in',-38,'ullamco laboris nisi ut aliquip ex ea commodo'),(809,'SILVA\nALFR','in voluptate velit ',57,'tempor incididunt ut labore et dolore magna aliqua. Ut'),(810,'MANUEL DE SOUSA MOREIRA\nAGOSTINHO MANUEL MONTEIRO LOPES','ullamco labori',-109,'esse cillum dolore eu fugiat nulla pariatur. Excepteur sin'),(811,'PEREIRA FREITAS\nALEXANDRA CARLA FERREIRA DE AL','occaecat cu',124,'ad minim veniam, quis nostrud exercitation ullamco laboris '),(812,'DA COSTA\nALCNIA FERNANDA FIGUEIREDO\nALCINO','labore et ',-31,'ut labore et dolor'),(813,'DA SILVA GON','adipiscing eli',127,'sed do eiusmod tempor incididunt ut labore et dolore magna aliqua. Ut enim ad minim veniam, quis '),(814,'AL','nostrud exercitation u',-106,'sunt in culpa qui officia deserunt mollit anim id est laborum.Lorem ipsum dolor sit ame'),(815,'SOARES PEREIRA LOURO\nALEXANDRE MANUEL DOS SANTO','Ut enim ad minim veniam,',-58,'no'),(816,'ALBERTO AB','cupid',-65,'Duis '),(817,'DE SOUSA\nALDA SOFIA RODRIGUES DA SILVA\nALDINA BARREIRA DE AL','labore et dolor',-60,'eu fug'),(818,'ESTVO MODESTO\nADELAIDE MARIA DA ROCHA CERQ','sint occaecat cupidatat',-22,'ex ea commodo conseq'),(819,'MADUREIRA MENDES\nAGOS','voluptate velit esse cillum d',122,'aute irure dolor in reprehenderit in voluptate velit esse'),(820,'ALDA DE JESUS ALVES RODRIGUES\nALDA DE JESUS GONALV','Duis aute irure dolor in repre',-106,'cupida'),(821,'BALDAIA VAREJO\nALEXANDRA MARIA BARATA D','Duis aute irure do',-116,'in voluptate velit esse cillum dolore eu fugiat nulla pariatur. Except'),(822,'ALBINO DA SILVA E SOUSA\nALBINO DOMINGOS BAR','et dolore mag',-78,'non proident, sunt in culpa qui officia deserunt mollit anim id est laborum.Lore'),(823,'MARQUES DOMING','Ut enim ad minim veniam, quis ',-97,'consequat. Duis aute irure dolor '),(824,'ALEXANDRINA MARIA DA SIL','pariatur. ',35,'nisi ut aliquip ex ea commodo consequat. Duis aute irur'),(825,'MIGUEL DOS SANTOS RODRIGUES\nALEXANDRE M','eu fugiat n',-54,'ut labore et dolore magna aliqua. Ut enim ad minim veniam, quis nostrud exercitation ullamc'),(826,'DA TRINDAD','Duis aute irure dolor in r',-80,'esse cillum dolore eu fu'),(827,'MARQUES GOMES TEIXEIRA\nALEXANDRA ISABEL AMADOR','i',-69,'qui officia deserunt mollit anim id est laborum.L'),(828,'MONTEIRO ','in vo',-84,'ullamco laboris nisi ut aliquip ex ea commodo consequat. Duis aute irure dolor in repr'),(829,'PIMENTA\nALEXANDRE BARBEITOS FERNANDES','ullamco laboris nisi ',4,'labore et dolore magna aliqua. Ut enim ad minim ven'),(830,'ALBERTO TELMO ARA','tempor incididunt',88,'enim ad minim veniam, quis nostrud exercitation ullamco laboris nisi ut aliquip ex e'),(831,'ALBERTINA MARIA TEIXEIRA DE SOUSA\nALBERTINA MARTINS LOURIN','laboris nisi u',27,'Ut enim ad minim veniam, quis nostrud exercitation ullamco laboris nisi ut aliquip ex ea commodo con'),(832,'FERNANDES DIAS\nALEXANDRA MARISA MARTI','anim id est laborum.Lor',88,'magna aliqu'),(833,'ALEXANDRA SOFIA MIRANDA MARTINS\nALEXANDRA SOFIA MOREI','sit amet, consectetur ad',-7,'eius'),(834,'DA SILVEIRA SERRA CAMPOS\nALEXANDRE MIGUEL DE ALVES AN','laborum.',36,'tempor incididunt ut labore et dolore magna aliqua. Ut enim ad minim veniam, quis nostrud exe'),(835,'ALCINA ','cillum dolore eu fugia',96,'officia deserunt mollit anim id est laborum.Lorem ipsum dolor sit ame'),(836,'MARIA FERREIRA BRANDO DE ALMEID','in voluptate velit esse ',-79,'ut labore et dolore magna aliqua. Ut enim ad minim veniam, quis nostrud exercitation ullamco laboris'),(837,'DE JESUS BOTELHO\nAGOSTINHO DE JESUS PEIXOTO ABREU\nAGOSTI','cillum dolore eu fu',-58,'in culpa qui officia deserunt mollit anim id est laboru'),(838,'RODRIGUES CERDEIRA\nALEXANDRA SOF','sunt in culpa qui off',-70,'cupidatat non proident, sunt in culpa qui '),(839,'TRIBUNA\nALEXANDRA MANUELA FER','ex ea commodo consequat. ',100,'incididunt ut labore et dol'),(840,'ALCIDES DE OLIVEIRA PIRES\nALCIDES JOS DA SILVA RAM','Duis aute irure d',-90,'ullamco la'),(841,'VIEIRA FERREIRA MOREIRA\n','ut labore et dolore ma',27,'esse cillum dolore eu fugiat nulla pariatur. Except'),(842,'BICHO\nADLIA MARIA DIA','cupidatat non proident, sunt i',84,'culpa qui officia deserunt mollit anim id est'),(843,'PINTO\nADELINA ROSA DOS','dolor in r',-32,'et dolore magna aliqua. Ut enim ad minim veniam, quis nostru'),(844,'ALDINA DA CONCEIO MARQUES DOMINGUES\nALDINA DA CONCEIO RO','adipiscing elit, sed do eiusm',49,'eu fugiat nulla pariatur. Excepteur sint occaecat cupidatat non proident, sunt in culpa qui officia'),(845,'PINTO\nADOSINDA MARIA DA ROCHA AZEVEDO\nADOSINDA MARIA DE SOUS','nostru',-112,'in voluptate velit esse cillum dolore eu fugiat nulla pariatur. Excepteur sint occaecat cupidatat'),(846,'JOS PEIXOTO FERREIRA\nALEXAN','adipiscing elit, ',-84,'dolor sit ame'),(847,'AD','pariat',-98,'incididunt ut labore et dolore magna aliqua.'),(848,'ALDINA JOS CORREIA DA CR','enim ad minim veniam,',-91,'tempor incididun'),(849,'ALEXANDRA ISABEL ASSUNO DA SILVA FE','nulla pariatur. Excepteur',-117,'ad minim veniam, quis nostrud exercitation ullamco laboris nisi ut aliquip ex ea commod'),(850,'MACHADO','et dolore magna aliqua. Ut eni',-4,'dolor in repreh'),(851,'ALC','mollit anim id',-43,'fugiat nulla pari'),(852,'ISABEL MARQUES PEREIRA','Ut e',27,'esse cillum dolore eu fugiat nulla pariatur. '),(853,'ALEXANDRA MARGARIDA PAUL','ullamco laboris nisi ut al',92,'Duis aute irure dolor in reprehenderit in voluptate ve'),(854,'SANTOS\nAIDA DA CONCEIO FRADE PIRES E SILVA\n','sunt in culpa q',-29,'Ut enim ad minim veniam, quis nostrud '),(855,'MANU','quis n',-52,'elit, sed do eiusmod tempor incididunt ut labore et dolore magna aliqua. Ut enim ad minim'),(856,'CARLOS DO EIRADO MORIM DA CUNHA\nALBERTO CARLO','in voluptate ',-99,'ut lab'),(857,'SILVA\nADRIANA MARISA','anim id est laborum.L',57,'amet, consectetur adipiscing elit, sed do eius'),(858,'ADELIA ALVES SILVA MADALENA\nADELIA CO','consequat. Duis ',14,'cillum dolore eu '),(859,'PASSOS FERREIRA MACHADO\nALEXANDRA PATRCIA SOARES DA SILVA\n','off',-128,'elit, sed do '),(860,'MARI','aut',-18,'in reprehenderit in voluptate velit es'),(861,'MALTEZ RIBEIRO ','ullamco ',49,'proident, sunt in culpa qui officia de'),(862,'ALBERTO PAULO DA SILVA PEREIRA\nAL','tempor incid',27,'anim id est laborum.Lorem ipsum dolor sit amet, conse'),(863,'BESSA SEABRA FIG','aliqua. Ut enim ad minim ve',-123,'fugiat nulla pariatur. Excepteur sint occaecat cupidatat non proident, sunt in culpa q'),(864,'VITRIA CALMEIRO PIRES\nALEXAND','Duis ',58,'do eiusmod tempor incididunt ut labore et dolore magna aliqua. Ut e'),(865,'MAGAL','inc',4,'la'),(866,'MATEUS\nALEXANDRE MANUEL RIBEIRO DA CUNHA PINTO\nALEXA','s',-114,'sint occaecat cupi'),(867,'PIMENTEL ','ea commodo consequat. D',-14,'tempor incididunt ut labore et dolore magna aliqua. Ut enim ad minim veniam, quis nostrud exerc'),(868,'ABARCIA JOSELINA FARIA DE MELO','velit esse cillum',27,'deserunt mollit anim id est laborum.Lorem ipsum dolor sit amet, consectetu'),(869,'ALEXANDRINA MARIA','Excepteur sint',-24,'nostrud exercitation ullamco laboris nisi ut aliquip ex'),(870,'MORAIS CARVALHEIRA\n','non proident, sunt',-52,'cupidatat non proident, sunt in culpa qui officia deserunt mollit anim id est laborum.Lorem'),(871,'DE ALMEIDA RUSSO PASSOS\nADELAIDE JOO DOS ','incididunt ut labore et dolor',8,'cons'),(872,'BARBOSA MOREIRA\nALBINO ANDR DE CARVALHO PE','sunt in culpa qui officia des',111,'veniam, quis nostrud exercitation ullamco laboris nisi ut aliquip ex ea commod'),(873,'MANUELA DOS SANTOS SILVA TRIBUNA\nALEXANDR','ex ea commodo consequat',-60,'elit, sed d'),(874,'MIGUEL NICOLAU SEVERINO\nALEXANDRE MIGUEL NUNES SANTANA\nAL','occaecat cupid',8,'ut labore et dolore '),(875,'BARROS GONALVES\nALEXANDRA S','ut labore et dolore',-59,'et dolore magna aliqua. Ut enim ad minim veniam, qu'),(876,'MARIA CARVALHAIS PINTO SANT','Ut enim ad ',-56,'nulla pariatur. Excepteur sint occaecat cupidatat non proident, sunt in culpa '),(877,'CRUZ\nALEXANDRE MANUEL MAURCIO DA COSTA','labore et dolore ',63,'commodo consequat. Duis aute irure '),(878,'DA COSTA E SILVA\nALEXANDRA MARGARIDA ','ea commodo co',-81,'borum.Lore'),(879,'DA SILVA E SANTOS\nALEXANDRA MARIA FERREIRA FERNANDE','cupidatat n',72,'occaecat cupidatat non proident, sunt in culpa'),(880,'FERNANDES','commodo consequat. Du',84,'consectetur adipisci'),(881,'MELO DE OLIVEIRA PATO\nALCINA MARIA DAS NEVES PEREIRA\nALCINA ','sint occaec',-21,'non proident, '),(882,'ESTEVES\nAIDA RIBEIRO MENDES R','a',-36,'Ut'),(883,'ALEXANDRE JOS','v',47,'sit amet, consectetur adipiscing elit, sed do eiusmod tempor '),(884,'DA SILVA PINTO\nALEXAND','laboris nisi ut al',99,'est laborum.Lorem ipsum dolor sit amet, consectetur adipiscing elit, sed do eiusmod tempor incidid'),(885,'ISABEL CAST','cupi',-50,'ex ea commodo consequat. Duis aute irure dolor in reprehender'),(886,'LILIANA GONALVES ANDRADE\nADELAIDE MARCELA CANELHAS NU','et dolore magna aliqua. Ut',39,'m.Lorem ipsum dolor sit amet, consectetur adipiscing elit, sed do eiusmod tempor inci'),(887,'ALEXANDRA ISABEL P','ea c',-23,'id est laborum.Lorem ipsum dolor sit amet, consectetur adipiscing elit, sed do eius'),(888,'JOSEFA FERNANDES OLIVEIRA\nALBERTA MA','sit am',-123,'Excepteur sint occaecat cupidatat non proident, sunt i'),(889,'BARREIRA\nALBERTO LUIS MA','dolor sit am',107,'Duis aute irure dolor in reprehenderit in voluptate velit esse cillum dolore eu fugiat '),(890,'MORAIS P','elit, sed do e',-7,'ullamco laboris nisi ut aliqui'),(891,'NUNES NEGALHO\nALEXANDRA ISABEL PDUA VIDEIRA AZEVEDO\nALEXAND','Excepteur sint occae',-71,'incidi'),(892,'ALDIRA PAULA CIBRO RIBEIRO\nALDORA LUSA MI','magna aliqua',-65,'incididunt ut labore et dolore magna aliqua. Ut enim ad minim veniam, quis nostrud exercitation ull'),(893,'PIMENTEL MONTEIRO\nA','pariatur. Excepteur sint',-74,'Duis'),(894,'ALBERTIN','nulla pari',-9,'incididunt '),(895,'MARIA PEREIRA DA CRUZ\nA','magna aliq',-115,'adipiscing elit, sed do eiusmod tempor incididunt ut labore '),(896,'CORREIA\nALEXANDRA ISABEL FERREIRA DE FIGUEIREDO\nALEXANDRA','Duis aute i',111,'nisi ut aliquip ex ea commodo consequat.'),(897,'MANUEL F','exercitation ullamco lab',-32,'amet, consectetur adipiscing elit, sed do eiusm'),(898,'GOMES\nADELINA MARIA DE SOUSA SILVA OLIVEIR','cupidatat non proi',17,'dolore eu fugiat nulla pariatur. Excepteur sint occaecat cupidatat non proident, sunt '),(899,'ALBERTO MIGUEL DOS SANTOS COSTA\nALBERTO MIGUEL VASCONCELOS C','Ut enim ad minim veniam',-99,'incididunt ut labore et dolore magna aliqu'),(900,'ALEXANDRA CRISTINA DE CASTRO','ullamco l',9,'eiusmod tempor incididunt ut labore et dolore magna aliqua. Ut enim ad minim veniam, quis nostrud '),(901,'DE SOUSA E CASTRO\nAGOSTINHO RUI LOPES PEIXOTO\nAGO','minim veniam, quis nostru',101,'non proident, sunt in culpa qui officia deserunt mollit anim id e'),(902,'PEREIRA DE SOUSA\nALCINA DOS PRAZERES BRANCO ALEXANDRE CARD','quis nostru',120,'tempor incididunt u'),(903,'AGUIAR FERREIRA FIGUEIRAS\nALEXANDRINA MARI','Excepteur sint occaecat cupid',-45,'est laborum.Lorem ipsum dolor sit amet, consectetur adipiscing elit, sed do eiusmod tempo'),(904,'COSTA\nABEL L','elit, sed do eiusmo',19,'dolor in reprehenderit in voluptate velit esse cillum dolore eu fugiat nulla pariatur.'),(905,'MARIA','aborum.Lorem ipsum dol',-71,'ullamco laboris nisi ut aliquip ex ea commodo consequat. Duis aute irure dolor in reprehender'),(906,'DA COSTA\nALDA MARIA FAUSTINO FIGUEIREDO LISTA\nALDA MARIA','laboris ',103,'elit, sed do eiusmod tempor incididunt ut labore et dolore magna aliqua. Ut enim ad minim veniam, '),(907,'M','nisi ut aliquip ex ea c',-33,'do'),(908,'ALEXANDRE JOS GAMA BRANCO CARDOSO\nALEXA','deserunt ',-41,'aute irure dolor in reprehenderit in voluptate velit esse cillum dolore eu fugiat nulla pa'),(909,'MARQUES BRANCO\nADELAIDE MARIA GOMES FREIT','culpa ',-76,'et dolore magna aliqua. Ut enim ad minim'),(910,'CERQUEIRA LEITE\nADELAIDE M','Duis aute irure dolor in repr',74,'mollit anim id est laborum.Lorem ipsum dolor sit am'),(911,'GOMES TAVARES\nADRIANO MANUEL MONIZ O','aborum.Lorem ipsum dolor',102,'tempor incididunt ut labore et dolore magna aliqua. Ut enim ad minim veniam, quis nos'),(912,'ADRIANA SOROMEN','commodo consequat. Duis au',-68,'proident, sunt in c'),(913,'JOS FERRA MARCELINO\nABLIO MANUEL FERREIRA FREITAS\nAB','Ut enim ad min',-80,'nulla pa'),(914,'FERNANDES\nAIDA MARINA VALENTE MEIRA\nAIDA MARIS','a',11,'non proident, sunt in culpa qui officia deserunt mollit anim id est laborum.Lorem ipsum dolor si'),(915,'ANTNIO\nALBERTINA RAPOSO','sed do eius',-70,'elit, sed do eiusmod tempor incididunt ut labore et do'),(916,'COIMBRA\nALBERTO MANUEL NUNES SAL','ullamco',88,'deser'),(917,'TERRVEL\nADRIANA','do ei',-98,'dolore eu fugiat nulla pariatur. Excepteur sint occaecat cu'),(918,'DE QUEIRS\nALBE','nis',-9,'labore et dolore magna aliqua. Ut enim ad '),(919,'DE CARVALHO\nALEXANDRA MIGUEL PCURTO ABREU\nALE','proi',-76,'consequat. D'),(920,'MARIA BASTOS','magna a',-68,'cupidatat non proident, sunt in culpa qui officia de'),(921,'MARIA CARREO BRANCO MALHO\nADRIANA MARIA CUNHA','dolor in reprehende',21,'Ut'),(922,'ALBERTINO COSTA DE OLIVEIRA\nALBERTINO JOS','aliqua.',112,'aliqua. Ut enim ad minim veniam, quis nostrud exercitation ullamco laboris nisi ut ali'),(923,'MARIA ','pariatur. Excepteur s',113,'sint occaecat cupidatat non proident, sunt in culpa qui officia des'),(924,'DE SO','i',54,'cillum'),(925,'MARIA DE HOMEM QUINTAS\nALE','nulla pariatu',-66,'cillum dolore eu fugiat nulla pariat'),(926,'ALDA MARIA RODRIGUES RAMOS\nALDA MARIA SARAIVA DA FONSEC','laborum.Lorem ipsu',-76,'enim ad minim veniam, quis nostrud exercita'),(927,'ADELINO DI','veniam, quis nostru',-122,'sunt in culpa qui officia deserunt mollit anim id est laborum.Lorem ipsum dolor sit ame'),(928,'MARIA FONTES P','proident, ',119,'ipsum dolor sit amet, consectetur adipiscing el'),(929,'A','occaecat c',-109,'magna aliqua. Ut enim ad minim veniam, quis nostru'),(930,'EM','commodo consequ',14,'nisi ut aliquip ex ea comm'),(931,'QUEIRS\nABRANDINO CORDEIRO FERNANDE','minim veni',8,'aute irure dolor in reprehenderit'),(932,'JOS SALVADO ALVES\nALEXANDRE JOSE TEIXEIRA DE BARREIROS','nulla pariatur. Excepte',94,'ullamco laboris nisi ut aliquip ex ea commod'),(933,'ALEXANDRA SILVA SANTOS\nALEXANDRA SIL','ut labore et ',6,'sunt in culpa qui officia deserunt mollit anim id est laborum.Lorem ipsum dolor si'),(934,'LIMA DE S','deserunt m',87,'in voluptate velit esse cillum dolore eu fugiat nulla pariatur. Excepteur sint occae'),(935,'ADELAIDE MARIA DA ROCHA CERQUEIRA LEITE\nADELAIDE','amet, ',-87,'ut labore et dolore magna aliqua. Ut enim ad minim v'),(936,'ISABEL LIMA DE A','v',45,'adipiscing elit, sed '),(937,'MARQUES MARTINS\nALEXANDRA ISABEL MARQUES PEREIRA\nALEXAN','non ',48,'eiusmod tempor incididunt ut labore et dolore magna aliqua. Ut'),(938,'CRUZ LEMOS\nADLIA MARIA DOS SANTOS GAMEIRO\nADL','incididunt ut labore et d',-9,'ut aliquip ex ea commodo consequat. Duis aute irure dolor in reprehenderit i'),(939,'BATISTA MELO\nAD','adi',-72,'deserunt mollit anim id est laborum.Lorem ipsum dolor sit ame'),(940,'DOS SANTOS\nAFONSO FERR','ipsum dolor sit amet, conse',98,'Duis aute irure dolor in reprehenderit in voluptate velit esse cillum dolore eu fugiat n'),(941,'CARVALHO\nALEXANDRA MIGUEL PCURTO','in vol',-73,'Excepteur sint occaecat cupidatat non proident, sunt in culpa qui of'),(942,'CARMO FERREIRA SANTOS\nA','of',-66,'magna aliqua. Ut enim ad minim veniam, quis nostrud exercitation ullamco laboris nisi ut aliquip'),(943,'MARQUES\nALEXANDRE MORENO COELHO\nALEXAN','elit, ',47,'irure dolor in reprehenderit in voluptat'),(944,'MAGGIOLI GOUVEIA ESTEVES PEREIRA\nAIDA MARIA','dolor in reprehenderit in vo',75,'occaecat cupidatat non proident, sunt in culpa qui officia dese'),(945,'COSTA\nALEXA','reprehend',71,'officia deserunt mollit anim id e'),(946,'VIEIRA FACHADA PEREIRA DUARTE\nAIDA LUISA DE ','in culpa qui officia',-89,'sunt in culpa qui officia deserunt mollit anim id est laborum.Lorem ipsum dolor si'),(947,'ALEXANDRE MIGUEL AMARAL ','sint occaecat cupi',13,'rum.Lore'),(948,'ALEXANDRA CRISTINA MALTEZ RI','dolor sit amet, cons',114,'mollit anim id est laborum.Lorem ipsu'),(949,'CORREIA\n','ut ',-26,'anim id est laborum.Lorem ipsum dolor sit amet, consectetur adipisc'),(950,'DOS SANTOS GAMEIRO\nADLIA MARIA DUARTE MARRE','velit esse cillum dolor',-93,'ullamco laboris nisi'),(951,'TEIXEIRA GOMES DE OLIVEIRA PEIXOTO\nAL','laborum.',25,'proident, sunt in culpa qui officia deserunt mollit'),(952,'DE AZEVEDO GON','anim id est laborum.Lorem ip',63,'dolor in reprehenderit in voluptate velit esse cillum dolor'),(953,'ALEXANDRA','esse cill',4,'non proident, sunt in culpa qui officia deserunt mollit anim id est labor'),(954,'MADAIL\nALEXANDRA MARIA DE','in voluptate velit esse c',83,'proident, sunt in culpa qui officia deserunt mollit anim id est laborum.Lorem ipsu'),(955,'ZACARIAS\nALDA JO','incididunt ut lab',-85,'aliquip ex ea com'),(956,'MARIA GONALVES TRISTO DOS SANTOS\nADRIANA MARIA','adipiscing elit, sed do eiu',-95,'sed do eiusmod tempor incididunt ut labore et dolore magna aliqua. Ut enim '),(957,'ALEXANDRE DOS REIS CUNHA TA','mollit anim ',35,'ut labo'),(958,'ALEXANDRA ISABEL DE OLIVEI','dolore eu fugiat nulla ',-4,'consequat. Duis aute irure dolor in reprehenderit in voluptate velit esse cillum dolore eu f'),(959,'RODRIGUES CORREIA\nAIDA DE JESUS SOBREI','et dolore magna ali',93,'ex '),(960,'GAMA BRAN','a',-27,'aliqua. Ut enim ad minim veniam, quis nostrud exercitation ullamco laboris nisi ut aliqu'),(961,'ALEXA','esse cillum dolor',-88,'deserunt mollit anim id est laborum.Lorem ipsum'),(962,'ALMEIDA OLIVEIRA\nALDA MARIA MANSO PRETO NOBR','orum.Lorem ip',5,'esse cillum dolore eu fugiat nulla pariatur. Excepteur sint occaecat cupidatat non proiden'),(963,'MIGUEL PINTO DE BARROS\nAIRINDA REBELO VIEIRA DA','sed do eiusmod tempor incididu',95,'in reprehenderit in voluptate velit esse cillum dolore eu fugiat null'),(964,'ISABEL MARQUES PEREIRA\nALEX','pariatur. Excepteur sint ',120,'Excepteur sint occaecat'),(965,'JOS RIBEIRO COSTA\nABEL LUS CORDEIRO','ut labore ',-68,'sint occaecat cupidatat non proident, sunt in culpa qui officia deserunt mollit an'),(966,'RODRIGUES DOS SANTOS\nAIDA DA CONCEIO FERREIRA ARAJO DOS ','anim id est laborum.',37,'in reprehenderit in voluptate velit esse cillu'),(967,'ADELAIDE ROSA ROSALINO OLIVEIRA\nADELAI','ut labore et dolor',15,'deserunt mollit anim id est laborum.Lorem ipsum dolor sit amet, co'),(968,'AGOSTINHO EM','pariatur. Excepteur sint o',-1,'dolore magna aliqua. Ut enim ad minim veniam, quis nostrud exercitation ullamco laboris n'),(969,'ANDR','labo',7,'cupidatat non proident, sunt in culpa qui officia '),(970,'ALCINA CAROLINA SANTOS ESCUDEIRO ARAJO\nA','non proident, sunt in culpa qu',-94,'fugiat nulla pariatur. Excepteur sint '),(971,'SILVA NUNES\nALEXANDRA RAQUE','ipsum dolor sit amet, c',103,'sunt in culpa qui officia deserunt mollit anim id'),(972,'AIDA MARIA LOURENO DA COSTA\nAIDA MARIA LUCAS ','ut labore et d',-17,'est laborum.Lorem ipsum dolor sit amet, consectetur adipiscing elit, sed do eiu'),(973,'ALEXANDRA DE JESUS MOUTINHO CARVALHO','veniam, quis nostrud exercitat',-94,'tempor incididunt ut labore et dolore magna aliqua. Ut enim ad minim veniam, quis nost'),(974,'FERNANDES JORGE\nALEXANDRA FERRE','in voluptate velit esse ',48,'occaecat cupidatat non p'),(975,'SOFIA CARDOSO NEVES MIRANDA\nALEXANDRA SOFIA CARVALHO','aliquip ex ea commodo consequa',123,'in reprehenderit in voluptate velit esse cillum dolore eu fugiat nul'),(976,'FREITAS\nAFONSO D','quis nos',-27,'amet, consectetur adipiscing elit, sed do eiusmo'),(977,'DA SILVA PINTO\nAGOSTINHO HENRIQUE COSTINHA ','nul',102,'elit'),(978,'PARDAL\nALDA SOFIA PESSANHA DE SOUSA\nALDA SOFIA RO','nisi ut aliqu',-44,'sunt in culpa qui officia deserunt mollit anim id est laborum.Lorem ipsum dolor sit amet, c'),(979,'MARIA FO','nulla pariatur. E',-85,'nulla pariatur'),(980,'GONALVES\nALFREDO JOS GARCIA CAMEIR','laborum.Lorem ipsum dolor sit',-55,'ad minim veniam, quis nostrud exercitation ullamco laboris '),(981,'GRILO\nA','dolor in reprehenderit in v',-18,'enim ad mi'),(982,'ALBERTO MANUEL LOPES CAETANO\nALBERTO MANUEL MART','sit ame',26,'quis nostrud exercitation ullamco laboris nisi ut'),(983,'AD','Ut enim ad minim veniam,',-59,'in rep'),(984,'DA SIL','ut labore et dolore magna al',38,'elit, sed do eiusmod tempor incididunt ut la'),(985,'MARIA MAR','nulla ',-15,'dolore'),(986,'MARIA CORR','magna ali',7,'sunt in culpa qui officia des'),(987,'ROSA FARIA\nALEXANDRE MIG','anim id',-126,'exercitation ullamco labori'),(988,'ESTEVES\nAIDA RIBEIRO MENDES RODR','esse ci',-8,'aliquip ex ea'),(989,'ALE','proident, sunt in culpa qui ',-59,'ipsum dolor sit '),(990,'CORREIA ','Ut en',99,'sunt in culpa qui officia deserunt mollit anim id est la'),(991,'ALEXANDRA FRIAS DA SILV','cupidatat non proident, sunt',-100,'ullamco laboris nisi ut ali'),(992,'ALBERTINA MARIA TEIXEIRA DE SOUSA\nALBERTINA MARTINS L','rum.Lorem ipsum dolor s',-72,'sit amet, consectetur adipiscing elit, sed do eiusmod tempor incididunt ut labore et do'),(993,'CRIS','adipiscing elit, ',61,'ipsum dolor sit amet, consectetur'),(994,'M','id est laborum',62,'incid'),(995,'ALCINA MICAELO SOUSA BARATA RAFAEL\nALCINA OLIVE','sit amet, consectetur ad',-94,'qui officia deserunt mollit anim id est laborum.Lorem ipsum dolor sit'),(996,'RODRIGUES VITORINO\nADLIA','dolor',48,'ut labore et dolore magna aliqua. Ut enim ad minim veniam, q'),(997,'CARVALHO\nALBINO JOS CUBELO TORRES DA FONSECA MAC','pariatur. Excepteur sint o',34,'velit esse cillum dolore'),(998,'MILHEIRO LIMA\nALEXANDRA BEATRIZ DAS D','nisi ut aliq',29,'exercitation ullamco laboris nisi ut aliqui'),(999,'ALBERTO FAUSTINO MESQUITA DOS SANTOS\nALBERTO FERNANDO DIA','sed do eiusmod ',-61,'laborum.Lorem ipsum dolor sit amet, consectetur adipiscing elit, sed do ei'),(1000,'SOUSA\nALDINA MARIA RODRIGUE','a',98,'consequat. Duis aute irure dolor in reprehenderit in voluptate veli'),(1001,'DOS SANTOS GONALVES\nALBERTO MANUEL FRANCIS','magna aliqua. Ut enim ad min',113,'adipiscing elit, sed do eiusmod tempor incididunt ut labore et dolor'),(1002,'JORGE RIBEIRO CALEIRO\nALEXANDRE JORGE RIBE','Ut enim ad minim veniam, qu',36,'.Lorem ipsum dolor sit amet, consectetur adipiscing elit, sed d'),(1003,'SANTA MARTA GONALVES\nALEXANDRA SILVA SANTOS\nALEXANDRA','sed do eiusmod',107,'anim id es'),(1004,'DOS','cillum dolo',-99,'proident, sunt in cul'),(1005,'ROCHA AMORIM\nALEXANDRA PA','nulla pariatur.',-81,'incididunt ut labore et dolore magna aliqua. Ut enim ad minim v'),(1006,'TAVEIRA\nAGOSTINHO LEONEL BELFO MACH','cupidatat non proident, su',92,'quis nostrud exercitation ullamco laboris nisi ut aliquip ex ea commodo consequat. Duis aute'),(1007,'DE ','irure dolor in reprehen',-17,'laboris '),(1008,'FERRAZ\nAFONSO HENRIQUE NUNES AL','l',58,'deserunt mollit anim id est laborum.Lorem ipsum dolor sit amet, consectetur adipiscing'),(1009,'DE JESUS\nALDA MARIA H','pariatur. Excepteur sint',5,'adipiscing elit, sed do eiusmod tempor incidid'),(1010,'PAULINO REINALDO TRINDADE\nADRBAL FILIPE AMOR','officia des',-103,'aliquip ex ea commodo consequat. Duis aute irure dolor in reprehenderit in volup'),(1011,'DA COSTA TORRES SALTO\nALEXANDRA DA FONSECA CORREIA ','in voluptate velit esse cillu',-69,'pariatur. Excepteur sint occaecat cupidatat non proident, sunt in culpa qui officia deser'),(1012,'ISABEL RODRIGUES NETO\nALEXANDRA ISAB','elit, sed do ',-57,'dolor sit amet, consectetur adipiscing elit, sed do eiusmod tempor incididunt ut labore et '),(1013,'DA COSTA ROCHA\nALDA MARIA DA SILVA CARVALHO\nALDA MARIA DA SI','occaecat cupidatat non proide',-47,'aliqua. Ut enim ad minim veniam, quis nostrud exercitat'),(1014,'FERREIRA BARRADA','adipisc',-127,'cupidatat non proident, sunt in culpa qui officia deserunt'),(1015,'ALEXIS RAFAEL T','in voluptate velit esse ',-56,'m.Lorem ipsum dolor sit amet, consectetur adipiscing elit, sed do eius'),(1016,'JOS MARTIN','in',28,'elit, sed do eiusmod tempor incididunt ut labore et dolore mag'),(1017,'TROCADO\nALEXANDRE EMANUEL LEIRAS LEAL P','adipiscing elit, ',99,'veniam, quis nostrud exercitation ullamco laboris'),(1018,'JOO TEIXEIRA DE OLIVEIRA\nADELAIDE JOAQUINA PINH','qui officia deserunt mol',106,'sunt in culpa qui officia deserunt m'),(1019,'RIBE','ad',-40,'ex'),(1020,'DA CONCEIO FELISBERTO LUTAS DOS RAMOS\nAGUSTIN MANUEL BALS','Ut enim ad minim veniam',122,'elit, sed'),(1021,'MATEUS\nALEXANDRA ALVES DOMINGOS\nALEXANDRA ALVES OLIVEI','velit esse cillum dolo',-97,'Ut enim ad minim veniam, quis nostrud exercitation ullamco laboris nisi ut a'),(1022,'PALMA\nALEXAND','eu fugiat nulla pariatur',95,'cillum dolore eu fugiat nulla pariatur. Excepteur sint occaecat cupidatat non proide'),(1023,'DO CARMO\nALEXANDRA MARIA JESUS BALULA\nALEXANDRA ','non proident, s',55,'occaecat cupidatat non proident, sunt in cul'),(1024,'ALEXANDRA ','fugiat nulla paria',-96,'reprehenderit in voluptate velit esse cillum dolore eu fugiat nulla pariat'),(1025,'DE MATOS PIRES PISTA\nALEXANDRE MIGUEL DE S GASPAR\nAL','veniam, quis nostrud ',-123,'dolor sit amet, consectetur adipiscing elit, sed do eius'),(1026,'VIRGLIO MARTINHO GUIMARES PIRES PEREIRA\nAFRA CRISTINA P','dolore eu fugiat nul',-103,'ut labore et dolore magna aliqua. Ut enim ad minim veniam, quis nostrud exercitation ullamco lab'),(1027,'DE SOUSA ARAJO\nALDA MARIA DOS REIS CEIA\nALDA MARIA DOS ','sint occaecat cupi',-76,'in reprehenderit in voluptate velit esse cillum dolore eu fugiat nu'),(1028,'VIDEIRA ABREU\nADRIANA DIAS FERNANDES\nADRI','esse cillu',114,'adipiscing elit, sed do eiusmod tempor inc'),(1029,'ALBINO LUS CAETANO VARANDA\nALBINO MANUEL A','minim veniam, quis',-79,'proident, sun'),(1030,'SARDINHA DE OLIVEIRA ALMEIDA\nALBERTO MANUEL SOUSA RAMOS','esse cillum dol',-51,'ullamco laboris nisi ut aliquip ex '),(1031,'ALVES\nALEXANDRE GONALVES LOUREIRO VASCONCELOS\nALEXA','non proident, sunt in c',42,'officia deserunt mollit anim id est laborum.Lorem'),(1032,'ALEXANDRE CARLOS PINHEIRO VICTORINO MARTA\nALEXANDRE','nisi ut aliquip ex ea commodo',-64,'exercitation ullamco laboris nisi ut aliquip ex ea'),(1033,'FREIT','ullamco laboris nisi ut aliq',-82,'proident,'),(1034,'ALCDIO AUGUSTO ','est laborum.Lor',-94,'ut labore et dolore magna aliqua. Ut enim ad minim veniam, quis '),(1035,'ADEMAR DA CRUZ CARVALHO TAVARES\nADEMILDE PAULINO R','anim id e',-40,'eu fugiat nulla pariatur. Excepteur sint occaecat cupidatat non pro'),(1036,'PINTO\nALDA LISETE BRANDO ','ad minim ve',-102,'laboris nisi ut aliquip ex ea commodo consequat. Duis aute irure dolor in reprehenderit'),(1037,'ALCINA AUGUSTA GONALVES ','anim id est l',36,'et dolore magna aliqua. Ut'),(1038,'MARIA DA SILVA PINTO\nALEXANDRA ','adipisc',42,'tempor incididunt ut labore et dolo'),(1039,'PEREIRA\nAIDA MARIA RAMALHO FERNANDES PITEIRA\nAIDA MARIA RI','cupidatat non proident, sunt ',-4,'elit, sed do eiusmod tempor incididunt'),(1040,'REINALDO TRINDADE\nADRBAL FILIPE AMORIM PINTO DA SILVA\n','in voluptate velit ess',-115,'ipsum do'),(1041,'ALEXANDRA CARINA PEREIRA FREITAS\nALEXANDRA CARLA FERR','in culpa qui offici',59,'reprehenderit in vo'),(1042,'MALACHO\nAIDA ESTRELA CRUZ PVOA\nAIDA ','ad minim v',109,'anim id est laborum.Lorem'),(1043,'DIAS CARNEIRO\nABEL DUARTE REI FAUSTINO','veniam, quis nostrud exe',75,'sunt in culpa qui'),(1044,'DE SOUSA\n','Duis aute irure dolor in ',-102,'ad minim veniam, quis nostrud exercitation u');
/*!40000 ALTER TABLE `funcionario` ENABLE KEYS */;
UNLOCK TABLES;

--
-- Table structure for table `produto`
--

DROP TABLE IF EXISTS `produto`;
/*!40101 SET @saved_cs_client     = @@character_set_client */;
/*!40101 SET character_set_client = utf8 */;
CREATE TABLE `produto` (
  `codigo` int(11) NOT NULL AUTO_INCREMENT,
  `ativo` tinyint(1) DEFAULT NULL,
  `preco` decimal(10,3) NOT NULL,
  `quantidade` int(11) NOT NULL,
  `nome` varchar(100) NOT NULL,
  PRIMARY KEY (`codigo`)
) ENGINE=InnoDB AUTO_INCREMENT=1103 DEFAULT CHARSET=utf8mb4;
/*!40101 SET character_set_client = @saved_cs_client */;

--
-- Dumping data for table `produto`
--

LOCK TABLES `produto` WRITE;
/*!40000 ALTER TABLE `produto` DISABLE KEYS */;
INSERT INTO `produto` VALUES (1,-50,4489450.195,1,'ullamco '),(2,-86,8935831.882,2,'sunt in culpa qui officia deserunt mollit anim id est laborum.Lorem ipsum dolor sit ame'),(3,-63,5612287.407,3,'sint occaecat cupidatat '),(4,-27,1284252.739,4,'laborum.Lorem ipsum dolor sit amet, consectetur adipiscing elit, sed do ei'),(5,-121,2933851.522,5,'proident, sunt in culpa qui officia deserunt mollit anim id est'),(6,115,2446319.794,6,'dolor '),(7,97,7143028.155,7,'Excepteur sint occaecat cupidatat non proident, sunt in culpa qui officia deserunt molli'),(8,-101,928182.409,8,'nulla pariatur. Excepteur sint occaecat cupid'),(9,58,8218227.152,9,'veniam, quis nostrud exercitation ullamco laboris nisi ut aliquip e'),(10,0,5997469.176,10,'ex ea commodo conse'),(11,-57,8246643.704,11,'sunt in culpa qui officia deserunt mollit anim id est laborum.'),(12,65,1223540.958,12,'aliqua. Ut enim ad minim veniam, quis nostrud exercitation ullamco laboris '),(13,-83,6025631.211,13,'laboris nisi ut aliquip ex ea commodo '),(14,-48,1034681.560,14,'ullamco laboris nisi ut aliquip ex ea commodo consequat. Duis aute irure dolor in reprehende'),(15,-75,7203389.588,15,'consectetur a'),(16,-10,3593063.111,16,'mollit anim id est laborum.Lorem ipsum dolor sit amet, consectetur adipiscing elit, sed do eiusmo'),(17,116,5415379.701,17,'elit, sed do eiusmod tempor incididunt ut labore et dolore magna aliqua. Ut enim ad minim veniam, qu'),(18,76,9705458.492,18,'nisi ut aliquip ex ea commodo consequat. Duis aute irure dolor in'),(19,-105,6969529.262,19,'qui officia deserunt mollit anim id est '),(20,72,1461800.746,20,'anim id e'),(21,117,4646026.172,21,'nostr'),(22,55,2339724.646,22,'quis nostrud exercitation ullamco la'),(23,-85,6886855.417,23,'incididunt ut labore et dolore magna al'),(24,-34,6263867.000,24,'in voluptate velit esse cillum dolore '),(25,-79,6720800.804,25,'ut'),(26,125,6467650.598,26,'commodo consequat. Duis aute i'),(27,49,7647595.130,27,'ipsum dolor sit amet, consectetur adipisci'),(28,99,9322847.650,28,'fugia'),(29,49,3582282.737,29,'eiusmod tempor incididunt ut labore et dolore magna aliqua. Ut en'),(30,7,1394661.591,30,'deserun'),(31,-92,1280078.449,31,'consequat. Duis aute irure dolor in reprehenderit in voluptate velit esse cillu'),(32,49,6248083.140,32,'commodo consequat. Du'),(33,74,6828493.268,33,'ullamco laboris nisi ut aliquip ex ea commodo consequat. Duis aute irure dolor in re'),(34,-9,8375903.743,34,'nulla pariatur. Excepteur sint occaecat cupidatat non proident, sunt i'),(35,49,9443629.410,35,'aute irure dolor in reprehenderit in voluptate velit esse cillum dolore eu fugiat nulla pariatur'),(36,-90,7784561.533,36,'adip'),(37,18,3175950.329,37,'in culpa qui officia deserunt mollit anim id est laborum.Lorem ipsum dolor sit am'),(38,48,9192606.367,38,'anim id est laborum.Lorem ipsum dolor sit amet, consectetur adipiscing elit, sed do ei'),(39,42,3737815.240,39,'lab'),(40,-37,4935766.593,40,'ullamco laboris nisi ut aliquip ex ea commodo conse'),(41,76,9744708.669,41,'laborum.Lorem ipsum dolor sit amet, consectetur adipisci'),(42,41,6338851.466,42,'ve'),(43,-72,5425963.377,43,'do eiusmod tempor incididunt ut labore et dolore magna aliqua. Ut enim ad minim veniam,'),(44,34,289540.198,44,'deserunt mollit anim id est laborum.Lorem ipsum dolor'),(45,16,6892351.740,45,'sunt in culpa qui offi'),(46,88,581187.161,46,'non proident, sunt in culpa qui officia deserunt mollit anim id est laborum.Lorem ipsum dolor'),(47,67,3799349.737,47,'officia deserunt mollit a'),(48,79,302740.515,48,'ut labore et dolore magna aliqua. Ut enim ad minim veniam, quis nostrud exer'),(49,45,803982.207,49,'laboris nisi'),(50,-46,6950926.842,50,'ullamco laboris nisi ut aliquip ex ea commodo consequat. Duis aute irure dolor'),(51,64,189002.778,51,'ad minim veniam, quis nostrud exercitation ullamco laboris nisi ut aliquip ex ea com'),(52,3,671626.724,52,'Ut enim ad minim veniam, quis nostrud exercitation ullamco'),(53,-94,9597379.635,53,'eu fugiat nulla pariatur. Excepteur sint occaecat cupidatat non proident, sunt in culpa q'),(54,-61,7459408.314,54,'Excepteur sint occaecat cupidatat non proident, sunt in c'),(55,20,1657515.994,55,'quis nostrud exercitation ullamco la'),(56,3,4505114.410,56,'nostrud exercitation ullamco laboris nisi ut aliquip ex ea commodo co'),(57,-49,2289692.985,57,'incididunt ut labore et dolore magna aliqua. Ut enim ad minim venia'),(58,-48,8273090.797,58,'ex e'),(59,63,5933535.938,59,'magna aliqua. Ut enim ad minim veniam, quis nostrud exercitation ullamco laboris nisi ut'),(60,30,8844949.133,60,'esse cillum'),(61,98,775944.640,61,'consect'),(62,87,4625085.990,62,'ullamco laboris nisi ut aliquip ex ea commodo cons'),(63,-73,8915109.170,63,'ull'),(64,-55,2001774.545,64,'consequat. Duis aute irure dolor in reprehenderit '),(65,38,8890509.450,65,'incididunt ut labore et dolore magna'),(66,39,8343336.806,66,'nostrud exercitation ullamco laboris nisi ut aliquip ex ea commodo consequat. '),(67,-96,2762148.584,67,'nisi ut aliquip ex ea commodo consequat. Duis '),(68,76,2404124.840,68,'adipiscing elit, sed do eiusmod tempor in'),(69,41,6779893.364,69,'pariatur. Excepteur'),(70,-5,9107515.637,70,'nisi ut aliquip ex ea commodo consequat. Duis aute irure'),(71,40,6388888.615,71,'in voluptate velit esse cillum dolore eu fugiat nulla pariatur. Excepteur s'),(72,121,9237311.369,72,'occaecat cupidatat non proident, sunt in culpa qui officia deserunt mollit anim id est laborum.L'),(73,-70,2046406.717,73,'laboris nisi ut aliquip ex ea commodo consequat. Duis aut'),(74,-77,1065089.839,74,'incididunt ut labore et do'),(75,59,9189182.811,75,'ut labore et do'),(76,-109,8473678.477,76,'in culpa qui officia deserunt mollit anim id est laborum.Lo'),(77,36,4484242.350,77,'magna aliqua. Ut enim ad minim veniam, quis nostrud'),(78,74,4493859.615,78,'id est laborum.Lorem ipsum dolor sit amet, c'),(79,-46,1684238.903,79,'ut labore et dolore magna aliqua. Ut eni'),(80,-97,2200956.175,80,'non proident, sunt in culpa qui officia deserun'),(81,119,8497635.610,81,'laboris nisi ut aliquip ex e'),(82,-100,7139223.817,82,'deserunt mollit anim id est laborum.Lorem ipsum dolor sit amet, consectet'),(83,-49,5046331.795,83,'velit esse cillum dolore eu fugiat nulla pariatur. Excepteur sint occaecat cupidatat non proide'),(84,-83,9021720.600,84,'mollit anim id est laborum.Lorem ipsum'),(85,52,5459102.191,85,'irure dolor in reprehenderit in voluptate velit esse cillum dolore eu fugiat nulla par'),(86,-100,9619056.590,86,'eli'),(87,-82,2163990.290,87,'incididunt ut labore et dolore magna aliqua. Ut enim ad minim veniam, quis nostrud exercitation ull'),(88,-47,3147866.776,88,'adipiscing elit, sed do eiu'),(89,-105,8047341.731,89,'magna aliqua'),(90,56,2910469.750,90,'irure dolor in reprehenderit in voluptate velit esse cillum dolore eu fugiat nulla pariatur. E'),(91,62,1084115.545,91,'sed do eiusmod tempor incididunt ut labore et dolore magna a'),(92,-105,6417343.534,92,'dolor sit amet, consectetur adipiscing e'),(93,-70,4930648.881,93,'non proident, sunt in culpa qui officia deserunt mollit anim id e'),(94,95,6037897.802,94,'eu fugiat nulla pariatur. Excepteur sint occaecat cupidatat non proid'),(95,67,2772734.381,95,'ut labore et dolore magna aliqua. Ut enim ad minim veniam, quis nostrud exercitation ull'),(96,-50,2427261.576,96,'dolor in reprehenderit in voluptat'),(97,-41,8683286.920,97,'in culpa qui officia deserunt mollit anim id est laborum.Lorem ipsum'),(98,-99,7391602.403,98,'sit amet, consectetur adipiscing elit, sed '),(99,64,7626090.619,99,'incididunt ut labore et dolore magna aliqua. Ut e'),(100,-56,4263193.750,100,'fugiat nulla pariatur. Excepteur sint occaecat cupidatat non proident, sunt in culpa qui officia'),(101,1,123.200,123,'testeprodutoaaaa'),(102,1,123.200,123,'testeproduto'),(103,-30,3808238.225,1,'esse cillum dolore eu fugiat nulla pariatur. Excepteur sint occaecat cupidatat no'),(104,36,621815.188,2,'laboris nisi ut aliquip ex ea commo'),(105,118,477014.552,3,'occaecat cupidatat non proident, sunt in culpa qui officia deserunt mollit anim id est laborum.Lorem'),(106,-65,1099495.871,4,'eu fugiat nulla pariatur. Excepteur sint occaecat cupidatat non proident, su'),(107,75,6644494.200,5,'et dolore magna aliqua. Ut enim ad minim veniam, quis n'),(108,36,961463.256,6,'irure dolor in rep'),(109,60,7821311.900,7,'voluptate velit esse cillum d'),(110,127,9155963.879,8,'Excepteur sint occaecat cupidatat non proident, sunt in '),(111,-104,1358488.873,9,'tempor incididunt ut labore'),(112,58,6976998.546,10,'ad minim veniam, quis nostrud exercitation ullamco laboris nisi ut aliquip ex ea comm'),(113,28,6569106.160,11,'anim id est laborum.Lore'),(114,-20,26983.170,12,'minim veniam, quis nostrud exercitation ullamco laboris nisi ut aliquip ex ea commodo conse'),(115,38,1779285.142,13,'qui officia deserunt mollit anim id est laborum.Lorem ipsum dolor sit amet, c'),(116,5,2556018.706,14,'aute irure dolor in reprehenderit in voluptate velit esse cillum'),(117,22,9177782.186,15,'velit esse cillum dolore eu fugiat nulla pariatur. Excepteur sint occaecat cupida'),(118,-105,8343580.316,16,'aliqua. Ut enim ad minim veniam, quis nostrud exercitation ullamco laboris nisi ut aliqui'),(119,112,2247566.585,17,'non proident, sunt in culpa qui officia deser'),(120,-5,8619950.497,18,'veniam, quis nostrud exercitation ullamco laboris nisi ut aliqui'),(121,127,5825723.390,19,'ipsum dolor sit amet, consectetur adipiscing elit, s'),(122,-69,5237148.837,20,'nisi ut aliquip ex ea commodo consequat. Duis aute irure dolor in reprehenderit in voluptate veli'),(123,119,6492181.896,21,'sit amet, consectetur adipiscing elit, sed do eiusmod tempor incididunt'),(124,70,4707129.788,22,'Duis '),(125,-102,4069068.372,23,'ea commodo consequat. Duis aute irure dolor in reprehenderit in voluptate ve'),(126,-7,7725417.540,24,'incididunt ut la'),(127,-127,9945162.488,25,'dolor in reprehenderit in voluptate velit esse cillum dolore eu fugi'),(128,29,5428233.298,26,'Duis aute irure dolor in reprehenderit in voluptate velit ess'),(129,-85,6023873.327,27,'exercitation ullamco labori'),(130,-61,416768.288,28,'non proident, sunt in culpa '),(131,19,6342148.174,29,'cupidatat non proident, sunt in culpa qui officia deserunt mollit anim id est laborum.Lorem ipsu'),(132,36,6344086.668,30,'ullamco laboris nisi ut aliquip ex ea commodo consequat. Duis aute ir'),(133,110,9932915.110,31,'non proident, sunt '),(134,23,7326438.389,32,'amet, consectetur adipiscing elit, sed do eiusmod tempor incididunt '),(135,105,1076811.847,33,'nulla pariatur. Excepteur sint occaecat cupi'),(136,49,7206363.946,34,'aliqua. Ut enim ad minim veniam, quis nostrud exercitation ullamco laboris ni'),(137,111,5453428.462,35,'consequat. Duis aute irure dolor in reprehenderit in voluptate velit ess'),(138,103,754940.810,36,'ipsum dolor sit amet, consectetur adipis'),(139,-45,9641970.306,37,'amet, cons'),(140,-30,6169527.760,38,'ut labore et dolore magna aliqua. Ut enim ad minim ve'),(141,119,8531130.328,39,'magn'),(142,29,6145356.498,40,'magna aliqua. Ut enim ad minim veniam, quis nostrud exercitation ullamco la'),(143,-9,739389.669,41,'esse cillum dolore eu fugiat nulla pariatur. Excepteur sint occae'),(144,-88,3333909.409,42,'incididunt ut labore et dolore magna aliqua. Ut enim ad minim veniam, quis n'),(145,68,4309126.435,43,'anim '),(146,16,8965353.238,44,'adipiscing elit, sed do eiusmod tempor incididunt ut labore et dolore magna aliqua.'),(147,4,6260972.335,45,'ut labore et dolore magna aliqua. Ut enim ad minim veniam, quis '),(148,10,9340771.280,46,'laboris nisi ut aliquip ex ea commodo consequat. Duis aut'),(149,98,3253252.416,47,'culpa qui officia deserunt mollit anim id est laborum.Lorem ipsum dolor'),(150,-77,7274322.702,48,'non proident, sunt in culpa qui officia deserunt mollit anim id est '),(151,102,7666352.745,49,'adipiscing elit, sed do eiusmod tempor incididunt ut labore et d'),(152,-12,7454414.943,50,'ullamco laboris nisi ut aliquip ex ea commodo consequat. Duis aute iru'),(153,-83,3247619.518,51,'u'),(154,-55,2526685.875,52,'cillum dolore eu fugiat nulla pariatur. Excepteur sint occaecat cupidatat non proident, su'),(155,107,3479489.609,53,'sint occaecat cupidatat non proident, sunt in culpa qui '),(156,63,96983.650,54,'nulla pariatur. Excepteur sint occaecat cupidatat '),(157,39,6608785.525,55,'dolor in reprehenderit in voluptate velit esse cillum dolore eu fugiat nul'),(158,71,89235.113,56,'aute irure dolor in reprehenderit in voluptate velit esse cillum dolore eu fugiat nulla pa'),(159,-24,1217522.224,57,'nulla pariatur. Excepteur sint'),(160,67,1830090.542,58,'quis nostrud exe'),(161,-34,7161010.572,59,'Duis aute irure dolor in reprehenderit in voluptate velit esse cillum dolore eu fugiat nu'),(162,-37,9141547.969,60,'nulla pariatur. Excepteur sint occaeca'),(163,-38,9409909.587,61,'anim id est laborum.Lorem ipsum dolor sit ame'),(164,-8,5704169.736,62,'amet, consectetur adipiscing elit, sed do eiusmo'),(165,-103,6179179.819,63,'adipiscing elit, sed do eiusmod tempor incididunt ut labore et dolore magna aliqua. Ut enim ad mini'),(166,31,1281626.441,64,'amet, consectetur adipiscing elit, sed do eiusmod tempor incididunt ut lab'),(167,49,9170161.651,65,'qui officia de'),(168,24,3340729.232,66,'Ut enim ad minim veniam, quis nostrud exercitation ullamco laboris nisi ut aliquip ex e'),(169,-65,3204666.289,67,'Excepteur sint occaecat cupidatat non proident, sunt in culpa qui off'),(170,55,5939786.495,68,'incididunt '),(171,-56,7594826.580,69,'Ut en'),(172,-7,7412281.840,70,'velit esse cillum dolore eu '),(173,-40,5630822.856,71,'quis nostrud exercitation ullamco laboris nisi ut aliquip ex ea commodo c'),(174,-28,4247164.310,72,'do eiusmod tempor incididunt ut labore et dolore magna aliqua. Ut enim ad mi'),(175,6,6977520.302,73,'consequat. Duis aute irure dolor in reprehe'),(176,-44,8896294.530,74,'culpa qui officia d'),(177,65,290915.286,75,'est laborum.Lorem ipsum dolo'),(178,-110,7414866.838,76,'sit amet, consectetur'),(179,-114,9176048.793,77,'sint occaecat cupidatat non proident, sunt in culpa qui officia deserunt mollit anim id'),(180,-112,7878476.507,78,'borum.Lorem ipsum dolor sit am'),(181,-47,7907873.389,79,'adipiscing elit, sed do eiusmod tempor incididunt ut labore et dolore magna aliqua. Ut eni'),(182,-56,27530.741,80,'in reprehenderit i'),(183,-49,5538037.663,81,'irure dolor in reprehenderit in voluptate velit esse cillum dolore eu fugiat nulla pariatur. Excep'),(184,91,2261210.998,82,'anim id est laborum.Lorem ipsum dolor sit amet, cons'),(185,119,2621565.542,83,'ea commodo consequat. Duis aute iru'),(186,-108,7482420.232,84,'sunt in culpa qui officia deserunt mollit anim id est laborum.Lorem ipsum dolor sit am'),(187,25,1498884.650,85,'voluptate velit esse '),(188,-60,1707823.330,86,'sunt in culpa qui officia deserunt mollit anim id est la'),(189,84,428847.867,87,'sed do eiusmod tem'),(190,117,2621495.990,88,'ullamco laboris nisi ut aliquip ex ea commodo consequat. Duis aute '),(191,-71,5582774.230,89,'veniam, quis nostru'),(192,2,6954310.357,90,'esse cillum dolore eu fugiat nulla p'),(193,-104,2381000.965,91,'adipiscing elit, sed do eiusmod tempor incidi'),(194,-36,2387955.580,92,'sunt in culpa qui off'),(195,103,4174376.530,93,'adipiscing elit, sed do eiusmod tempor incidid'),(196,91,6397553.881,94,'Ut enim ad minim veniam, quis nostrud exercitation ullamco laboris nisi ut aliquip ex ea commodo'),(197,-90,7003453.755,95,'in culpa qui officia deserunt mollit anim id est laborum.Lorem ipsum'),(198,-46,7037711.283,96,'eu fugiat nulla pariatur. Excepteur sint occaecat cupidatat non proident, sunt in culpa '),(199,51,2540649.291,97,'sunt in culpa qui officia deserunt mollit anim id est laborum.Lorem ipsum dolor'),(200,122,991988.176,98,'incididunt ut labore et dolore magna aliqua. Ut enim '),(201,53,6447966.492,99,'eiusmod tempor incididunt ut labore et dolore magna aliqua. Ut enim ad minim veniam, quis nostrud'),(202,-51,3466110.165,100,'anim id est laborum.Lorem ips'),(203,12,5467801.555,101,'occaecat cupidatat non proident, sunt in culpa qui officia d'),(204,-58,5043157.455,102,'sint occaecat cupidatat non proident, sunt in culpa qui officia deserunt mollit anim id est '),(205,-59,8266244.457,103,'commodo consequat. Duis aute irure dolor in reprehender'),(206,96,9955842.225,104,'ut labore et dolore magna aliqua. Ut enim ad minim veniam, q'),(207,-45,6180485.522,105,'id est laborum.Lorem ipsum dolor sit amet, conse'),(208,-74,8783078.637,106,'laboris nisi ut aliquip ex ea commodo consequat. Duis aute '),(209,50,8907951.100,107,'veniam, quis nostrud exercitation ullamco laboris nisi ut aliquip ex ea comm'),(210,13,1966717.845,108,'deserunt mollit anim id est laborum.Lorem ipsum dolor sit amet, consectetur adipiscing eli'),(211,20,3415007.291,109,'deserunt mollit anim id est laborum.Lorem ipsum dolor sit amet, consectetur adipiscing elit,'),(212,-116,9674467.692,110,'esse cillum dolore eu fugiat nulla pariatur. Exc'),(213,-106,1691236.141,111,'m.Lorem ipsum dolor sit amet, consectetur adipiscing elit,'),(214,103,294329.666,112,'adipiscing elit, sed do eiusmod tempor incididunt ut labore et dolo'),(215,-15,4455836.925,113,'sint occ'),(216,10,3462504.347,114,'anim id est laborum.Lorem ipsum dolor sit a'),(217,-126,5259413.411,115,'ipsum dolor sit amet, consectetur adipiscing elit, sed do eiusmod tempor incididunt ut '),(218,-112,2313342.892,116,'in voluptate velit es'),(219,38,7288842.614,117,'Excepteur sint occaecat cupidatat non proident, sunt in culpa qui officia deserunt mollit ani'),(220,-94,5037065.946,118,'deserunt mollit anim id est laborum.Lorem ipsum dolor sit amet, consectetur adipiscing elit, s'),(221,65,3706715.135,119,'est laborum.Lorem ipsum'),(222,24,352198.186,120,'officia deserunt mollit anim id est laborum.Lorem ipsum dolor sit amet, consectetur adipis'),(223,-17,792998.693,121,'quis nostrud exercitation ullamco laboris nisi ut aliquip ex ea commodo consequat. Duis aute'),(224,7,9366778.597,122,'pariatur. Excepteur sint occaecat cupidatat non proident, sunt in culpa '),(225,9,5505941.250,123,'aliquip ex ea commodo consequat. Duis aute iru'),(226,20,5247852.860,124,'qui officia deserunt mol'),(227,-84,5946109.439,125,'nulla pariatur. Excepteur sint occaecat cupidatat non proident, sunt in culpa qui offi'),(228,-91,7019170.578,126,'ut l'),(229,64,72041.752,127,'elit, sed do eiusmod tempor i'),(230,17,7498968.209,128,'consequat. Duis aute irure dolor in '),(231,-111,8564599.496,129,'dolor sit amet, consectetur adipiscing elit, sed do ei'),(232,107,9207913.883,130,'Ut enim ad minim veniam, '),(233,-2,1812741.495,131,'in voluptate '),(234,60,8339947.643,132,'adipiscing elit, sed do eiusmod tempor incididunt ut labore et dolore magna a'),(235,49,181233.905,133,'non proident, sunt in culpa qui officia deserunt mollit anim i'),(236,81,7746390.103,134,'ad minim veniam, '),(237,-34,6508326.472,135,'deserunt mollit anim id est laborum.Lorem ipsum dolor sit am'),(238,93,1630868.622,136,'esse cillum dolore eu f'),(239,6,5680557.185,137,'sed do eiusmod tempor incididunt ut labore et dolore magna aliqua. Ut enim ad min'),(240,-82,3793348.860,138,'sunt in culpa qui officia deserunt mollit anim id est laborum.Lorem ipsum dolor'),(241,22,2079698.904,139,'Excepteur sint occaecat cu'),(242,58,8303498.572,140,'labori'),(243,46,6495989.531,141,'nulla pariatur. Excepteur sint occaecat cupidatat non proident, sunt in culpa q'),(244,21,626518.365,142,'veniam, qui'),(245,-93,9592462.268,143,'in voluptate velit esse cillum dolore eu fugiat nulla pariatur. Excepteur sint occaeca'),(246,-88,4793208.200,144,'sit amet, consectetur adipiscing elit, sed do eiusmod tempor incididunt ut labore et dolore ma'),(247,75,6105224.000,145,'in reprehenderit in voluptate velit esse c'),(248,23,3868004.252,146,'reprehenderit in voluptate velit esse cillum dolore eu fugiat nulla pariatur. Excepteu'),(249,87,3644559.326,147,'cupidatat non proident, sunt in culpa qui officia deserunt m'),(250,69,7461915.465,148,'ipsum dolor sit'),(251,1,9665353.601,149,'qui officia deserunt mollit anim id est laborum.Lorem ipsum dolor sit ame'),(252,98,3323791.597,150,'ullam'),(253,-40,8129006.640,151,'Excepteur sint occaecat cupidatat non proident, sunt in culpa qui '),(254,-77,6487867.721,152,'cillum dolore eu fugiat nulla pariatur. Excepteur sint occaecat cupidatat non proident, sunt in culp'),(255,33,3673906.430,153,'anim id est laborum.Lorem ipsum d'),(256,89,3820593.550,154,'esse cillum dolore eu fugiat nulla pariatur. Excepteur sint occaecat cupidatat non proident, '),(257,26,1378640.678,155,'enim ad minim veniam, quis nostrud exercitation ullamco laboris nisi ut aliquip ex ea'),(258,84,5542646.120,156,'quis nostrud exercitation ullamco laboris nisi ut ali'),(259,-54,1137759.844,157,'in voluptate velit esse cillum dolore eu fugi'),(260,-121,4776818.408,158,'cupidatat non proident, sunt in culpa'),(261,-73,7607077.459,159,'Excepteur sint occaecat cupidatat non proident, sunt in culpa '),(262,36,1241540.473,160,'Ut enim ad minim veniam, quis nostrud exercitat'),(263,29,6833974.803,161,'veniam, quis nostrud exercitation ullamco laboris ni'),(264,50,5599810.610,162,'sit amet, consectetur adipiscing elit, sed do eiusmod'),(265,-58,1673768.494,163,'Duis aute irure dolor in reprehenderit in voluptate velit esse cillum d'),(266,71,7756338.413,164,'esse cillum dolore eu fugiat nulla pariatur. Excepteur sint occaecat cupidatat non proident'),(267,41,9653723.795,165,'commodo consequat. Duis aute irure dolor in reprehenderit in voluptate velit esse c'),(268,-4,3946628.370,166,'et'),(269,68,4929432.170,167,'ut aliquip ex ea commodo consequat. Duis aute irure dolor in reprehenderit in vol'),(270,-36,4004504.333,168,'sint occaecat cupidatat non proident, sun'),(271,126,875180.765,169,'quis nostrud exercitation ullamco laboris nisi ut aliquip ex ea commodo consequat. Duis aute irur'),(272,-40,8227094.490,170,'aute irure dolor in reprehenderit in voluptate velit esse cillum dolore eu fugiat nulla pariatur. Ex'),(273,59,8243006.563,171,'anim id est laborum.Lorem ipsum dolor sit amet, consec'),(274,14,829026.126,172,'sed do eiusmod tempor incididunt ut labore et dolore magna aliqua. Ut enim ad min'),(275,27,9500014.235,173,'velit esse cillum dolore eu fugiat nulla pariatur'),(276,-54,2991083.980,174,'cupidat'),(277,108,7368502.180,175,'deserunt mollit anim id est laboru'),(278,30,3881288.462,176,'in voluptate vel'),(279,-71,6840784.888,177,'Duis aute irure dolor in reprehenderit in voluptate velit esse cillum dolore eu'),(280,28,3771099.117,178,'exercitation ullamco labori'),(281,-81,7269039.201,179,'pariatur. Excepteur sint occaecat cupidatat non proident, sunt in culpa qui officia deserunt mo'),(282,96,306163.924,180,'nulla paria'),(283,46,537244.632,181,'veniam, quis nostrud'),(284,-26,6009134.354,182,'dolore eu fugiat nulla pariatur. Excepteur sint occaecat cupidatat non proident, sunt in '),(285,31,8659245.315,183,'ex ea commodo consequat. Duis aute irure dolor in repr'),(286,-126,7563825.514,184,'velit esse cillum dolore eu fugiat nulla pariatur. Excepteur sint occaecat cupidatat non proident'),(287,-7,3625514.920,185,'qui officia deserunt moll'),(288,61,4565087.527,186,'deserunt m'),(289,-2,8232918.168,187,'eiusmod tempor incididunt ut labore et dolore magna aliqua. Ut enim a'),(290,20,5035152.371,188,'Duis aute irure dolor in reprehenderit in voluptate velit esse cillum dolore eu f'),(291,24,2546976.662,189,'orum.Lorem ipsum dolor sit amet, consectetur adipiscing elit,'),(292,-39,6383187.550,190,'anim id est laborum.Lorem ipsum dolor sit amet, consectetur adipiscing elit, sed do eiusmod tem'),(293,125,6281239.267,191,'sunt in culpa qui officia deserunt mollit anim id est laborum.Lorem ipsum dolor sit amet, con'),(294,-35,644236.480,192,'dolore magna'),(295,-20,1768390.480,193,'quis nostrud exercitation ullamco laboris nisi ut aliquip ex ea commodo consequat. Duis a'),(296,1,8801942.592,194,'id est laborum.Lorem'),(297,-30,2742195.934,195,'minim veniam, quis nost'),(298,-96,8258452.817,196,'elit, sed do eiusmod tempor incididunt ut labore et dolor'),(299,-109,4540105.637,197,'q'),(300,-75,1070100.961,198,'pariatur. Excepteur sint occaecat cupidatat non proident, sunt in culpa '),(301,-127,7312521.659,199,'Ut enim ad minim '),(302,87,7728600.743,200,'non proident, sunt in culpa qui officia deserunt mollit anim id est labo'),(303,-66,4137812.435,201,'velit esse cillum dolore eu f'),(304,-62,2432512.262,202,'ut aliquip ex ea commodo consequat. Duis aute irure dolor in reprehenderit in voluptate ve'),(305,-59,6851316.144,203,'aute irure dolor in reprehenderit in voluptate velit esse cillum dolore eu fugiat nulla pariatur. E'),(306,-68,9212217.130,204,'sit amet, consectetur adipiscing elit, sed do eius'),(307,35,7451535.000,205,'eu fugiat nulla pariatur. Exce'),(308,-60,8951110.690,206,'esse cillum dolore eu fugiat nulla pariatur. Excepteur sint occ'),(309,-93,5755263.790,207,'reprehenderit in voluptate velit esse cillum dolore eu fugiat nulla pariatur. Excepteur sint occaeca'),(310,11,954653.371,208,'incididunt ut labore et dolore magna aliqua. Ut enim ad minim veniam, quis nostru'),(311,-109,83360.695,209,'orum.Lorem ipsum dolor sit amet,'),(312,-55,4521541.445,210,'dolore m'),(313,-81,2728440.518,211,'non proident, sunt in culpa qui officia deserunt mollit anim id '),(314,73,4525822.592,212,'sunt in culpa qui officia deserunt mollit anim id est lab'),(315,97,6116808.972,213,'Ut enim ad minim veniam, quis nostrud exercitation ullamco laboris n'),(316,-4,2548228.575,214,'velit esse cillum dolore eu fugiat nulla pariatur. Excepteur sint occaecat cupidatat non proident'),(317,90,1938446.856,215,'laborum.Lorem ipsum dolor si'),(318,52,1135546.311,216,'sed do eiusmod tempor incididunt ut labore et dolore magna aliqua. Ut enim ad mi'),(319,46,5693125.775,217,'ullamco laboris nisi ut aliquip ex ea commodo consequat. '),(320,-42,881411.708,218,'Duis aute irure dolor in reprehenderit in voluptate velit esse cillum do'),(321,116,3071714.261,219,'nulla pariatur. Excepteur sint occaecat cup'),(322,112,5055505.901,220,'exercitation ullamco laboris nisi ut aliquip ex ea commodo consequat. Duis aute irure dolor in repr'),(323,-100,3584613.983,221,'dolor in'),(324,-38,8049451.498,222,'ipsum dol'),(325,82,4495272.718,223,'aliqua. Ut enim ad minim veniam, quis '),(326,52,6308387.952,224,'consequat. D'),(327,61,3547414.144,225,'cillum dolore eu fugiat nulla pari'),(328,-12,6907494.700,226,'ullamco laboris nisi ut aliquip ex ea commodo consequat. Duis aute iru'),(329,11,6414354.132,227,'Duis aute irure dolor in reprehenderit in'),(330,-68,1060768.972,228,'a'),(331,-75,7664742.597,229,'est laborum.Lorem ipsum dolor sit amet, c'),(332,82,7657352.493,230,'irure dolor in reprehenderit in voluptate velit esse cillum dolore eu f'),(333,27,7493133.636,231,'in reprehenderit in voluptate velit esse cillum dolore eu fugiat nulla pariatur. Excepteur sin'),(334,11,8960476.630,232,'ex ea commodo consequat. Duis a'),(335,116,799052.215,233,'exercitation ullamco laboris nisi ut aliquip '),(336,92,5079867.654,234,'qui officia deserunt mollit '),(337,-64,3381679.821,235,'sed do eiusmod tempor incididunt ut labore et dolore m'),(338,96,6845042.302,236,'amet, consectetur adipiscing elit, sed do eiusmod tempor '),(339,-128,6144312.398,237,'dolor sit amet,'),(340,72,785412.353,238,'ex ea commo'),(341,40,9561543.166,239,'nis'),(342,45,5637739.751,240,'Excepteur sint occaecat '),(343,-9,4537526.661,241,'deserunt moll'),(344,-97,5574708.688,242,'exercitation ullamco labo'),(345,-84,3074620.104,243,'sit amet, '),(346,71,5132549.860,244,'tempor incididunt u'),(347,-38,3325751.576,245,'m.Lorem ipsum dolor sit amet, consecte'),(348,-81,6573723.490,246,'sint occaecat cupidatat non proident, sunt in culpa qui officia deserunt mollit anim id est la'),(349,-114,8318499.466,247,'Excepteur sint occae'),(350,-119,1009056.448,248,'mollit anim id est laborum.Lorem ipsum dolor s'),(351,-39,8208625.766,249,'nulla pariatur. Exce'),(352,-104,9844676.769,250,'Excepteur sint '),(353,-121,5053021.356,251,'in reprehenderit in voluptate velit esse cillum dolore eu fugiat nulla pariatur. Excepteur '),(354,38,1541138.953,252,'aliqua. Ut enim ad minim veniam, quis nostrud exercitation ullamco laboris nisi ut aliquip e'),(355,23,6448255.867,253,'sunt in culpa qui officia deserunt mollit anim id est laborum.Lorem ipsum'),(356,-105,9580423.914,254,'in culpa qui officia deserunt mo'),(357,-35,2038332.878,255,'Duis aute irure dolor in reprehenderit in voluptate velit esse cillum dolore eu fugi'),(358,31,2766775.610,256,'magna aliqua. Ut enim ad minim veniam, quis nostrud ex'),(359,-46,2363196.563,257,'occaecat cupidatat non proident, s'),(360,86,6881115.591,258,'elit, sed do eiusmod tempor incididunt ut labore et dolore magna aliqua. Ut enim ad mini'),(361,-36,5878390.570,259,'quis nostrud exercitation ullamco laboris nisi ut aliquip ex ea commodo consequat. Duis aute iru'),(362,15,536317.165,260,'tempor incididunt ut labore et dolore magna'),(363,-70,6150123.996,261,'ut aliquip ex ea commodo consequat. Duis aute irure dolor in reprehenderit in voluptat'),(364,-111,3327533.870,262,'et dolore magna aliqua. Ut enim ad minim veniam, quis nostrud exercitation ullamco'),(365,20,1334177.498,263,'commodo consequat. Duis aute irure dolor in repr'),(366,26,3987861.228,264,'nulla pariat'),(367,-116,7198099.687,265,'Duis aute irure dolor in reprehenderit in voluptate velit esse cillum dolore eu fugiat nulla par'),(368,49,161920.710,266,'do eiusmod tempor incididunt ut labore et dolore magna aliqua. Ut enim ad minim veniam, quis no'),(369,-87,9849586.820,267,'sit amet, c'),(370,121,6214533.401,268,'sint occaecat cupidatat non proident, sunt in culpa '),(371,125,412585.841,269,'nisi ut aliquip ex ea commodo consequat. Duis aute irure dolor in reprehenderit'),(372,-23,2639606.313,270,'in culpa qui officia deserunt mollit anim id est laborum.Lorem i'),(373,70,6645767.561,271,'enim ad minim veniam, quis nostrud exercitat'),(374,-87,5761792.937,272,'irure dolor in reprehenderit in volupt'),(375,90,3229368.123,273,'dolore eu fugiat nulla pariatur. Excepteur sint occaecat cupidatat non proident, sunt in culpa qu'),(376,-41,17419.501,274,'ullamco laboris nisi ut aliquip ex ea commodo consequat. Duis a'),(377,-117,1426248.312,275,'reprehenderit in voluptate velit esse cillum dolore eu fugiat null'),(378,73,4164199.146,276,'non proident, sunt in culpa qui'),(379,-36,6396447.243,277,'commodo consequat. Duis aute irure dolor in reprehenderit in voluptate velit esse'),(380,98,5410862.482,278,'adipiscing elit, sed do eiusmod tempor incididunt ut labore et dolo'),(381,-28,2528360.697,279,'cupidatat non proident, sunt in culpa qui officia deserunt mollit '),(382,-124,5010411.179,280,'proident, sunt in culpa qui officia deserunt molli'),(383,55,2092.392,281,'aliqua. Ut enim ad minim veniam, quis nostrud exercitation ullamco labo'),(384,71,1312664.777,282,'ullamco laboris nisi ut aliquip ex ea commodo consequat. Duis aute irure d'),(385,101,1883617.722,283,'aliqua. U'),(386,-4,4490823.390,284,'adipiscing elit, sed do eiusmod tempor incididunt ut lab'),(387,104,9241046.644,285,'enim ad minim veniam, qui'),(388,-101,7571268.788,286,'aute irure dolor in reprehenderit in voluptate velit esse cillum dolore eu fugiat nulla pariatur'),(389,-36,7131138.185,287,'dolor sit amet, consect'),(390,122,481613.774,288,'aliqua. Ut enim ad minim ven'),(391,91,993405.158,289,'enim ad minim veniam, quis nostrud exercitatio'),(392,7,9948016.394,290,'laboris nisi ut aliquip ex ea commodo consequat. Duis aute irure dolor'),(393,-40,4978703.350,291,'Excepteur sint occaecat cupidatat non proident, sunt '),(394,74,867989.249,292,'magna aliqua. Ut enim ad minim veniam, quis nostrud exercitation ullamco labo'),(395,-28,1240774.599,293,'est laborum.Lorem ipsum dolor'),(396,-116,1594259.744,294,'Ut enim ad minim veniam, quis nostrud exercit'),(397,-3,4833541.285,295,'velit esse cillum dolore eu fugiat nulla pariatur. Excepteur sint occaecat cupidatat non'),(398,-87,3892892.694,296,'ut labore et dolore magna aliqua. Ut enim ad minim veniam, quis nostrud exercitation'),(399,18,5804515.773,297,'laboris nis'),(400,-36,3720920.878,298,'Ut enim ad minim veniam, quis nostrud exercitation ullamco labo'),(401,-103,5831612.887,299,'cupidatat non pro'),(402,-72,6188853.400,300,'ipsum dolor sit amet, consectetur adipiscing elit, sed d'),(403,117,8847570.690,301,'ex ea commodo consequat. Duis aute irure dolor in reprehenderit in voluptat'),(404,-23,8898602.713,302,'esse cillum dolore eu fugiat nulla pariatur. Excepteur sin'),(405,-10,1775559.452,303,'consequat. Duis aute irure dolor in reprehenderit in voluptate'),(406,30,3132385.600,304,'irure dolor in reprehenderit in voluptate velit esse cillum'),(407,-39,8364575.921,305,'mollit anim id est laborum.Lorem'),(408,-67,3570316.873,306,'exercitation ullamco laboris nisi ut aliquip ex ea commodo consequ'),(409,-71,3837143.117,307,'sint occaecat cupidatat non '),(410,111,2043166.588,308,'Duis aute irure dolor in reprehenderit in voluptate velit esse cillum dolore eu fugiat nu'),(411,5,8668511.405,309,'minim veniam, quis nostrud exercitation ullamco laboris nisi ut aliquip ex '),(412,-127,9944115.803,310,'labore et dolore magna aliqua. Ut enim ad minim veniam, quis nost'),(413,19,7973073.882,311,'anim id est laborum.Lorem ipsum dolor sit'),(414,115,294222.177,312,'mollit anim id est laborum.Lorem ipsum dolor sit amet, consectetur adipis'),(415,-24,2183718.251,313,'officia deserunt mollit anim id est laborum.Lorem ipsum dolor sit amet, co'),(416,-123,141104.846,314,'elit, sed '),(417,78,4220615.811,315,'ut labore et'),(418,-60,6832773.746,316,'no'),(419,-123,7035845.211,317,'ex ea c'),(420,29,2705786.731,318,'quis nostrud exercitation ullamco laboris ni'),(421,33,5851929.270,319,'consequat. Duis aute irure dolor in reprehenderit in voluptate velit esse cillum dolore eu fu'),(422,-91,9131601.496,320,'sunt in culpa qui officia deserunt mollit anim id est labor'),(423,43,694476.691,321,'non proident, sunt in culpa qui officia deserunt mollit anim id est laborum.Lorem'),(424,-79,7959629.178,322,'velit esse cillum dolore eu fugia'),(425,38,3838200.295,323,'consectetur adipiscing elit, sed do eiusmod tempor incididunt ut labore'),(426,-93,5863902.519,324,'dolore eu fugiat nulla pariatur. Excepteur sint o'),(427,30,822493.270,325,'labore et dolore magna aliqua. Ut enim ad minim veniam, quis nostr'),(428,127,533033.554,326,'exercitation ullamco laboris nisi ut aliquip ex ea com'),(429,-63,3364503.985,327,'elit, sed do eiusmod tempor incididunt ut labore et dolore magna aliqua. Ut enim ad minim veni'),(430,41,4255180.521,328,'ullamco laboris nisi ut aliquip ex ea commo'),(431,86,2410305.840,329,'deserunt mollit anim id est laborum.Lorem ipsum dolor'),(432,5,5302154.368,330,'commodo consequat. Duis aute irure dolor in reprehender'),(433,-97,4995877.801,331,'sit amet, consectetur adipiscing elit, sed do'),(434,100,6217433.850,332,'aliquip ex ea commodo consequat.'),(435,24,9959257.121,333,'ut labore et do'),(436,82,4160673.587,334,'pariatur.'),(437,95,370101.965,335,'laboris nisi ut aliquip ex ea commodo consequat. Duis aute irure dolor in repre'),(438,77,8085994.555,336,'incididunt ut labore et dolore magna aliqua. Ut enim a'),(439,49,7006845.750,337,'dolor in reprehender'),(440,103,2066806.673,338,'proid'),(441,50,6422443.616,339,'ea commodo consequat. Duis aute irure dolor in reprehenderit in voluptate velit esse ci'),(442,-114,9598774.985,340,'aute irure dolor in reprehenderit in voluptate velit esse cillum dolore eu fugi'),(443,-110,4580677.390,341,'magna aliqua. Ut enim ad'),(444,89,9835384.811,342,'elit, sed do eiusmod tempor incididunt ut labore et dolore magna aliqua. Ut enim ad mini'),(445,-64,9665588.675,343,'velit'),(446,-101,1191256.718,344,'ullamco laboris nis'),(447,-8,9496043.734,345,'sunt in culpa qui officia de'),(448,-94,625497.730,346,'in'),(449,-45,3080831.345,347,'irure dolor in reprehenderit in voluptate velit esse cillum dolore e'),(450,-53,7706812.395,348,'cupidatat non proident, sunt in culpa qui officia deserunt '),(451,-58,1884682.845,349,'adipiscing elit, sed'),(452,-55,6156251.501,350,'nisi ut aliquip ex ea commodo consequat. Duis aute ir'),(453,-38,8945251.254,351,'magna aliqua. Ut enim ad minim veniam, quis nostrud exercitation ullamco laboris nisi ut aliquip'),(454,33,7188029.641,352,'dolore eu fugiat nulla pariatur. Excepteur sint oc'),(455,84,5415176.647,353,'Duis aute iru'),(456,7,5735835.969,354,'ipsum dolor sit amet, consectetur adipiscing elit, sed do eiusmod tempor incididunt ut labore'),(457,24,6238363.230,355,'ipsum dolor sit amet, c'),(458,-34,6936832.576,356,'proiden'),(459,93,9636879.523,357,'ut labore et dolore magna'),(460,-108,6300221.650,358,'in voluptate velit esse cillum dolore eu fugiat nulla pariatur. Excepteur sint occaecat cup'),(461,83,7048966.677,359,'sed do eiusmod tempor incididunt ut labore et dolore magna'),(462,61,4893935.362,360,'qui officia deserunt mollit '),(463,-88,392305.331,361,'tempor incididunt ut labore et dolore magna aliqua. Ut enim ad minim veniam, quis nostrud exercitat'),(464,105,9134063.534,362,'consectetur adipisci'),(465,-20,2140311.422,363,'incididunt ut labore et dolore'),(466,110,2445167.525,364,'exercitation ullamco labor'),(467,-46,4783534.250,365,'nisi ut aliquip ex ea comm'),(468,-5,9813071.172,366,'aliquip ex ea commod'),(469,-29,7125321.255,367,'commodo consequat. Duis aute irure dolor in reprehenderit in voluptat'),(470,90,7835644.873,368,'pariatur. Excepteur sint occaecat cupidatat non proident, sunt in culpa qui officia'),(471,110,2576605.941,369,'commodo consequat. Duis aute irure dolor in reprehenderit in voluptate velit esse cillum dolore eu '),(472,37,2408564.760,370,'sunt in culpa qui off'),(473,-102,1742566.442,371,'dolore eu fugiat nulla pariatur. Excepteur sint occaecat cupidatat non proident, sun'),(474,25,5753748.466,372,'dolor in reprehenderit in voluptate ve'),(475,-4,6857999.210,373,'exercitation ullamco laboris nisi ut aliquip '),(476,55,9093762.652,374,'ex ea commodo consequat. Duis aute irure dolor in reprehenderit in voluptate velit esse cillum '),(477,-70,791394.181,375,'adipiscing elit, sed do eiusmod tempor incididunt ut labore'),(478,-3,4595088.300,376,'laboris nisi ut aliquip ex ea commodo consequat. Duis aute irure dolor in reprehenderit in volup'),(479,-80,6236499.533,377,'Duis aute irure dolor in reprehenderit in voluptate velit esse cillum dolore eu fu'),(480,91,8169517.237,378,'ea commodo consequat. Duis aute irure dolor in repr'),(481,-62,5257954.692,379,'Ut enim ad minim veniam, q'),(482,48,5160594.330,380,'dolor sit amet, consectetur adipiscing elit, sed do eiusmod tempor incididunt ut labor'),(483,109,6773533.700,381,'ex ea commodo con'),(484,-86,84815.739,382,'qui officia deserunt mollit anim id es'),(485,-88,1013537.100,383,'sint occaecat cupidatat non proident, sunt in culpa qui officia deser'),(486,98,2779955.465,384,'Dui'),(487,86,9330476.805,385,'dolore eu fugiat nulla pariatur. Excepteur s'),(488,53,4383749.243,386,'irure dolor i'),(489,-48,3757124.906,387,'aliqua. Ut enim ad minim veniam, quis nostrud exercitation ullamco laboris nisi ut al'),(490,74,4247706.686,388,'minim ve'),(491,35,2191187.435,389,'velit esse cillum dolore'),(492,102,4503601.996,390,'sint occaeca'),(493,12,7263499.280,391,'fugiat '),(494,-22,4649156.789,392,'enim ad minim veniam, quis nostrud exercitation ull'),(495,3,7044888.309,393,'qui officia deserunt mollit anim id est laborum.Lorem ipsum dolor sit ame'),(496,-38,34917.770,394,'sunt in culpa qui officia deserunt mollit anim id est laborum'),(497,96,5738734.767,395,'sunt in culpa'),(498,-48,740672.211,396,'id est laborum.'),(499,101,934611.400,397,'ut labore et dolore magna aliqua. Ut enim ad minim veniam, quis nostrud exerc'),(500,-41,2209214.313,398,'reprehenderit in voluptate velit esse cillum dolore eu fugiat nulla pari'),(501,78,4521886.326,399,'quis nostrud exercitation ullamco laboris nisi ut aliquip ex ea commodo consequat. D'),(502,94,3605609.781,400,'laborum.Lorem ipsum dolor sit amet, consectetur adipiscing elit, sed do eius'),(503,-20,7170042.200,401,'ex ea commodo consequat. Duis aute irure dolor'),(504,45,1997605.387,402,'culpa qui '),(505,76,9445007.590,403,'amet, consectetur '),(506,-110,5874734.400,404,'qui officia deserunt mollit anim id est laborum.Lorem ips'),(507,-59,3894353.747,405,'aute irure dolor in reprehenderit in v'),(508,-79,6996863.626,406,'adipiscing elit, sed do eiu'),(509,-3,7905978.187,407,'tempor incididunt ut labore et dolore magna aliqua. Ut enim ad mini'),(510,100,7887828.330,408,'eiusmod tempor incididunt ut labore et dolo'),(511,98,1750275.466,409,'adipiscing elit, sed do eiusmod tempor incididunt ut labore et dolore magna aliqua. Ut enim ad m'),(512,-57,3179967.774,410,'cillum dolore eu fugiat nulla pariatu'),(513,18,1747537.230,411,'sit amet, consectetur adipiscing e'),(514,89,3259903.520,412,'nulla pariatur. Excepteur sint occaecat cupidatat non proident, '),(515,-74,8522405.660,413,'quis nostrud exercitation ullamco labo'),(516,-97,7246474.900,414,'Ut enim ad m'),(517,9,7091521.905,415,'anim id est laborum.Lorem ipsum dolor sit amet, consectetur adi'),(518,-62,848441.732,416,'elit, sed do eiusmod tempor in'),(519,30,2695736.502,417,'magna aliqua. Ut enim ad minim veniam, quis no'),(520,104,593066.261,418,'esse cillum dolore eu fugiat nulla pariatur. Excepteur sin'),(521,-102,1664559.950,419,'esse cillum dolore eu fugiat nulla pariatur. Excepteur sint '),(522,-88,6013161.120,420,'dolor in reprehenderit in voluptate '),(523,-38,3363493.448,421,'veniam, quis nostrud exercitation ullamco laboris nisi ut aliquip ex ea commodo consequ'),(524,104,4424468.955,422,'ex ea commodo consequat. Duis aute irure dolor in reprehenderit in voluptate velit esse cillum dolo'),(525,-90,9278192.628,423,'nulla pariatur. E'),(526,-62,6201883.473,424,'sint occaecat cupidatat non proident, sunt in culpa qui officia deserunt mollit anim id est la'),(527,63,6982972.936,425,'laborum.Lorem ipsum dolor sit amet, consectetur adipiscing elit, sed do eiusmod tempor incididu'),(528,-82,9046061.430,426,'elit, sed do eiusmod tempor incididunt ut labore et dolore magna aliqua. Ut eni'),(529,-73,994753.629,427,'ipsum dolor sit amet, consectetur adipiscing elit,'),(530,-30,1638611.776,428,'nisi ut aliqui'),(531,-44,3102765.249,429,'adipiscing elit, sed do eiusmod tempor incididunt ut'),(532,-51,7447434.812,430,'laboris nisi ut aliquip ex ea commodo consequat. Duis aute irure dolor in reprehenderit in voluptate'),(533,-81,6216017.620,431,'deserunt mollit anim id est laborum.Lorem ipsum dolor sit'),(534,26,1555184.883,432,'sint occaecat cupidatat non proident, sunt in culpa qui officia deserunt mollit anim id est lab'),(535,-39,9698442.774,433,'deserunt mollit anim id est laborum.Lorem ipsum'),(536,15,1644913.765,434,'adi'),(537,-111,6163926.147,435,'velit esse cillum dolo'),(538,117,5786889.500,436,'veniam, quis nostrud exerc'),(539,63,2330256.539,437,'ullamco laboris nisi ut aliquip ex ea commo'),(540,110,9363707.823,438,'ullamco laboris nisi ut aliquip'),(541,46,9765077.991,439,'aliquip ex ea commodo consequat. Duis aute irure dolor in reprehenderit in volupt'),(542,-40,4404900.290,440,'pariatur. Excepteur sint occaecat cupidatat non proident, sunt in culpa qui officia deserunt'),(543,-89,493481.123,441,'aliqua. Ut enim ad minim '),(544,-51,2188305.509,442,'orum.Lorem ipsum dolor sit amet, consectetur adipiscing elit, sed do eiusmod tempor incididunt ut la'),(545,78,4179793.765,443,'aliqua. Ut enim ad minim veniam, quis nostrud exercitation ullamco laboris nisi ut a'),(546,-59,8613002.820,444,'consequat. Duis aute irure dolor in reprehenderit in voluptate velit esse cillum dolo'),(547,-9,4630731.585,445,'nisi ut aliquip ex ea commodo consequat. Duis aute irure dolor in reprehenderit in vol'),(548,-67,4693599.905,446,'qui officia deserunt mollit anim id est laborum.Lorem i'),(549,-98,1603436.510,447,'in reprehenderit in voluptate velit esse cillum dolore eu fugiat nulla pariatur. Excepteur sint occ'),(550,119,1589849.892,448,'anim id est labor'),(551,-126,1021210.880,449,'sint occaecat cupidatat non proident, sunt in cu'),(552,-122,6907981.510,450,'est '),(553,-36,1576392.339,451,'dolor'),(554,-62,977162.985,452,'cupidatat non proident, sunt in culpa qui officia deserunt mollit anim id est laborum.Lorem ip'),(555,-27,1703170.548,453,'dolor sit amet, consectetur adipiscing elit, sed do eiusmod tempor in'),(556,-72,1091305.663,454,'et dolore mag'),(557,78,6028322.688,455,'ut labore et dolore magna aliqua. Ut enim ad minim veniam, quis nostru'),(558,-41,5933509.290,456,'id est laborum.Lorem ipsum dolor sit amet, consecte'),(559,118,7615354.871,457,'culpa qui officia deserunt mollit anim id est laborum.Lorem ipsum dolor sit amet, consec'),(560,-35,3791709.262,458,'sint occaecat cupidatat non proident, sunt'),(561,109,8403472.223,459,'ut aliquip ex ea commodo consequ'),(562,-67,2196073.430,460,'amet, consec'),(563,55,4997391.677,461,'occaecat cupidatat non proident, sunt in culpa qui'),(564,112,7751286.239,462,'velit esse cillum dolore eu fugiat nulla pariatur. Excepteur '),(565,-83,313100.994,463,'eu fugiat nulla pariatur. Except'),(566,23,2491515.160,464,'consequat. Duis aute irure dolor in reprehenderit in voluptate velit esse cillum dolore eu fugiat nu'),(567,-122,4847853.569,465,'sit amet, consectetur adipiscing elit, sed do eiusmod tempor incididun'),(568,-74,6955630.332,466,'adipiscing elit, sed do eiusmod tempor incididunt ut labore et dolore mag'),(569,60,9677561.440,467,'Ut enim ad minim veniam, quis nostrud exercitati'),(570,58,6452529.457,468,'consectetur adipiscing elit, sed do eiusmod tempor incidid'),(571,-55,9826005.972,469,'amet, consectetur adipiscing elit, sed do eiusmod tempor incididunt ut labore et dolore mag'),(572,15,5179173.105,470,'sit amet, consectetur adipiscing elit, sed do eiusmod tempor '),(573,-28,4787751.324,471,'nisi ut aliquip ex ea commodo consequat. Duis aute irure dolor in reprehenderit in volup'),(574,-29,1438884.612,472,'adipiscin'),(575,-115,1666635.816,473,'incididunt ut labore et dolore magna aliqua. Ut enim ad mi'),(576,67,1198721.675,474,'dolore eu fugiat nulla pariatur. Excepteur sint occaecat cupidatat non proident'),(577,27,4260216.825,475,'officia deserun'),(578,-16,1309046.576,476,'mollit anim id est laborum.Lorem ipsum dolor sit amet, consectetur adipiscing elit, sed do eiusm'),(579,4,9068086.206,477,'incididunt ut labore et dolore magna aliqu'),(580,65,6582023.988,478,'elit, sed do eiusmod tempor incididunt ut labore e'),(581,-37,4703055.785,479,'irure dolor in reprehenderit in voluptate velit esse cillum dolore eu fu'),(582,-46,5188200.796,480,'sit amet, consectetur adipiscing elit, sed do eiusmod tempor incididunt ut labore et dolore magna '),(583,103,2566855.760,481,'quis nostrud exercitation ullamco laboris nisi ut '),(584,85,7975653.531,482,'veniam, quis nostrud exercitation ullamco laboris nisi ut aliquip ex ea commod'),(585,24,5865307.863,483,'adipiscing elit, sed do eiusmod'),(586,75,9046680.470,484,'nulla pariatur. Excepteur sint occaecat cup'),(587,117,426671.321,485,'in culpa qui officia deserunt mollit anim id es'),(588,25,205014.474,486,'amet, consectetur adipiscing elit, se'),(589,24,8018834.571,487,'esse cillum dolore eu fugiat nulla pariatur. Excepteur sint occaecat cupidat'),(590,89,3824157.858,488,'magna aliqua. Ut enim ad minim veniam, quis nostrud ex'),(591,-89,1688350.192,489,'minim veniam, quis nostrud exercitation ullamco laboris '),(592,-123,8565314.870,490,'in voluptate velit esse cillum dolore eu fugiat nulla pariatur. Excepteur sint occaec'),(593,-56,2821002.380,491,'exercitation ullamco'),(594,-68,9763027.218,492,'ut aliquip ex ea commodo consequat. Duis aute irure dolor in reprehenderit in voluptate velit ess'),(595,116,7735373.936,493,'Duis aute irure dolor in reprehenderit in voluptate velit esse cillum dolore eu fugi'),(596,66,4451422.704,494,'anim id est laborum.Lorem ipsum dolor sit amet, consectetur adipiscing elit, sed do eiusmod'),(597,-48,7524127.280,495,'dolore eu fu'),(598,70,5371485.288,496,'eu fugiat nulla pariatur. Excepteur sint occa'),(599,73,7859045.699,497,'aliqua. Ut enim ad minim veniam, quis nostrud exercitation ullamco laboris nisi ut aliquip ex ea'),(600,76,3190819.188,498,'amet, consectetur adipiscing elit, sed do eiusmod tempor incididunt ut labore et dolore'),(601,78,2323450.870,499,'magna aliqua. U'),(602,21,4313843.690,500,'mollit anim id est laborum.Lorem ipsum dolor sit ame'),(603,126,3030115.982,501,'anim id est laborum.Lorem ipsum dolor sit amet, consectetur adipiscing elit, sed do'),(604,79,3570008.900,502,'dolor sit amet, consectetur ad'),(605,61,2152280.880,503,'sed do eiusmod tempor'),(606,3,5782433.697,504,'deserunt mollit anim id est laborum.Lorem ipsum dolor sit amet, consectetur adipiscing'),(607,-2,3418461.362,505,'cupidatat non proident'),(608,127,6262787.684,506,'Duis aute irur'),(609,-122,1217995.109,507,'nisi ut aliquip ex ea commodo consequat. Duis aute irure dolor in repre'),(610,-122,5270565.561,508,'proident, sunt in culpa qui officia deserunt mollit anim id est laborum.Lorem ipsum dolor'),(611,5,2010206.409,509,'nostrud exercitation ullamco laboris nisi ut aliquip ex ea'),(612,76,1078699.259,510,'eu fugiat nulla pariatur. Excepteur sint occaecat cupidatat non proident, sunt'),(613,87,996524.239,511,'Duis aute irure dolor in reprehenderit in voluptate velit esse cillum dolore'),(614,-112,7836605.480,512,'proident, sunt in culpa qui officia deserunt mollit anim id est laborum.Lorem ipsum dolor'),(615,-40,9157453.473,513,'sed do eiusmod tempor incididunt ut'),(616,56,7771247.274,514,'adipiscing elit, sed do eiusmod tempor incididunt ut labore et dolore magna aliqua. Ut enim a'),(617,31,8830079.145,515,'nulla pariatur. Excepteur sint occaecat cup'),(618,-9,5091439.350,516,'elit, sed do ei'),(619,-86,1108638.391,517,'nulla pariatur. Excepteur sint occaecat cupidatat non proident, sunt in culpa'),(620,24,915711.997,518,'nostrud exercitation ullamco laboris nisi ut aliq'),(621,95,4361638.679,519,'exercitation ullamco laboris nisi ut aliquip ex ea commodo consequa'),(622,90,8390121.990,520,'deserunt mollit anim id est laborum.Lorem ipsum dolo'),(623,-42,1899743.638,521,'ad minim veniam, quis nostrud exercitation ullamco laboris nisi ut aliqu'),(624,-30,9142494.686,522,'exercitation ullamco laboris nisi ut aliquip ex ea commodo consequat.'),(625,115,8041799.758,523,'et dolore magna aliqua. Ut enim ad minim veniam, quis nostrud exercitation ullamco labori'),(626,2,2666822.865,524,'ea commo'),(627,31,9674757.526,525,'et do'),(628,-7,2569027.760,526,'aute irure dolor in reprehenderit'),(629,-51,9204934.410,527,'pariatur. Excepteur sint occaecat cupidatat non proide'),(630,120,9592674.748,528,'cillum dolore eu fugiat nulla pariatur. Excepteur sint occaecat cupidatat non proident, sunt in culp'),(631,-21,127798.990,529,'in voluptate velit esse cillum do'),(632,-35,8605775.806,530,'consectetur adipiscing elit, sed do eiusmod tempor incididunt ut labore et dolore '),(633,102,8671467.462,531,'non proident, sunt in cu'),(634,-5,2299666.604,532,'l'),(635,41,5743081.246,533,'cillum dolore eu f'),(636,76,6132411.343,534,'esse cillum dolore eu fugiat nulla pariatur. Excepteur sint occaecat cupidatat no'),(637,54,1524851.929,535,'consequat. Duis aute irure '),(638,-9,1810232.774,536,'nulla pariatu'),(639,-78,6619996.167,537,'consec'),(640,-113,6280664.183,538,'mollit anim id est laborum.Lorem ipsum dolor sit amet, consectetur'),(641,76,2262265.822,539,'est laborum.Lorem ipsum dolor sit amet'),(642,-88,3020002.275,540,'consequat. Duis aute irure dolor in reprehenderit in voluptate veli'),(643,-78,8520323.880,541,'non proident, sunt in culpa qui officia deserunt mollit a'),(644,127,6370916.465,542,'et dolore magna aliqua. Ut enim ad '),(645,-127,5648015.554,543,'adipiscing elit, sed do eiusmod tempor incididunt ut labore et dolore magna aliqua. Ut e'),(646,77,4047743.481,544,'sunt in culpa qui officia deserunt mollit anim id est laborum.Lorem ipsum dolor sit amet, conse'),(647,114,5318051.818,545,'laborum.Lorem ipsum dolor sit amet, consectetur adipiscing e'),(648,64,2799534.427,546,'laboris nisi ut aliquip ex ea commodo consequat. Duis aute i'),(649,-44,9622515.650,547,'tempor incididunt ut labore et dolore magna aliqua. Ut enim ad minim veniam, quis'),(650,-119,907720.939,548,'sint occaecat cupidatat non proident, sunt in culpa qui officia deserunt mollit a'),(651,-123,5068311.732,549,'Lorem ipsum dolor sit amet, consectetur adipiscing eli'),(652,45,1451081.206,550,'dolore magna aliqua. Ut enim ad minim veniam, quis nostrud exercitation ul'),(653,-114,9945704.184,551,'laboris nisi ut aliquip ex ea commodo consequat.'),(654,47,1660364.584,552,'consequat. Duis aute irure dolor in reprehenderit'),(655,-6,2583054.927,553,'incididunt ut la'),(656,43,7320521.969,554,'sit am'),(657,19,1883808.606,555,'in voluptate velit esse cillum dolore eu fugiat nulla pariatur. Excepteur sint occaecat cupid'),(658,-46,2810769.498,556,'Duis aute irure dolor in reprehenderit in voluptate velit '),(659,-105,2693749.939,557,'quis nostrud exercitation ullamco laboris nisi ut aliquip ex ea commodo consequat. Dui'),(660,-76,2000809.171,558,'Excepteur sint occaecat cupidatat non proident, sunt in culpa qui officia deserunt m'),(661,-84,278267.137,559,'ex ea commodo consequat. Duis aute irure d'),(662,-70,1073373.239,560,'anim id est laborum.Lorem ipsum d'),(663,-87,625491.909,561,'anim id est laborum.Lorem ipsum dolor sit amet, consectetur adipiscing el'),(664,8,1264907.340,562,'ea commodo consequat. Duis aute irure dolor in reprehe'),(665,60,2454665.690,563,'sit amet, consectetur adipiscin'),(666,-112,6496319.653,564,'cillum dolore eu fugiat nulla pariatur. Excepteur sint occaecat cupidatat non pr'),(667,98,2276444.999,565,'dolor in reprehenderit in voluptate velit esse cillum dolore eu fugiat nulla pariatur. Excepteur '),(668,-89,9611160.245,566,'in voluptate velit esse cillum dolore eu fugiat nulla pariatur. Exce'),(669,-120,6421077.541,567,'labore et dolore magna aliqua. Ut enim ad m'),(670,85,7100039.108,568,'irure dolor in reprehenderit in volup'),(671,-70,3209011.139,569,'et dolore magna aliqua. Ut eni'),(672,-124,3028873.866,570,'Duis aute irure dolor in re'),(673,48,1046145.550,571,'consectetur adipiscing elit, sed do eiusmod tempor incididunt ut labor'),(674,-114,9860314.135,572,'nisi ut aliquip ex ea commodo consequat. Duis aute irure dolor in reprehenderit in'),(675,-118,1175816.434,573,'adipiscing elit, sed do eiusmod tempor incididunt ut labore et dolore magna aliqua. Ut enim '),(676,-83,777072.469,574,'exercitation ullamco laboris nisi ut aliquip ex ea commodo consequat. Duis aute irure dolor '),(677,97,2868188.193,575,'ad minim veniam, qu'),(678,88,253413.219,576,'cupidatat non proident, sunt in culpa qui officia deserunt mollit anim i'),(679,-29,729711.394,577,'id est laborum.Lorem ipsum dolor sit amet, consec'),(680,-34,6273051.265,578,'cupidatat non proident, sunt in culpa qui officia deserunt mollit anim id est laborum.Lorem ipsum do'),(681,-81,1932208.221,579,'Ut enim ad minim veniam, quis nostrud exercitation ullamco laboris nisi ut al'),(682,-108,346233.792,580,'et dolore magna aliqua. Ut enim ad min'),(683,-81,7451253.365,581,'consectetur adipiscing elit, sed do eiusmod tem'),(684,-4,2596300.142,582,'occaecat cupidatat non proident, sunt in culpa qui offi'),(685,-71,3739988.109,583,'aliqua. Ut enim ad minim veniam, quis nostrud exercitat'),(686,55,9192089.427,584,'Excepteur'),(687,2,3462114.624,585,'cillum dolore eu fugiat nulla pariatur. Excepteu'),(688,100,184373.317,586,'sint occaecat cupidatat'),(689,66,6781417.554,587,'ullamco laboris nisi '),(690,-47,5186766.722,588,'in voluptate velit esse cillum dolore eu fu'),(691,-92,9915017.560,589,'proident, sunt in culpa qui officia deserunt mollit ani'),(692,59,305571.388,590,'reprehenderit in voluptate velit esse cillum dolore eu fugiat nulla pariatur. Excepteur sin'),(693,-2,2038651.127,591,'occaecat cupidatat non proident, sunt in culpa qui officia dese'),(694,116,7121668.890,592,'.Lorem ipsum dolor sit amet, consectetur adipiscing elit,'),(695,96,8140008.450,593,'aliquip ex ea commodo '),(696,110,4333185.308,594,'Except'),(697,121,7757942.327,595,'in culpa qui officia deserunt m'),(698,-85,3482505.520,596,'voluptate velit ess'),(699,-53,1007176.980,597,'non proident, sunt in cu'),(700,15,3930321.390,598,'ea commodo consequat. Duis aute irure dolor in reprehenderit in voluptate velit esse cillum dolore e'),(701,45,6200314.900,599,'s'),(702,-111,592778.328,600,'dolo'),(703,99,4104747.906,601,'sunt in culpa qui officia deserunt mollit'),(704,-35,3414629.567,602,'laboris nisi ut aliquip ex ea commodo consequat. Duis aute irure dolor in reprehe'),(705,-93,9138609.158,603,'cillum dolo'),(706,97,2469641.801,604,'aliqua. '),(707,-38,1640170.851,605,'adipiscing elit, sed do'),(708,68,1959026.924,606,'ut labore et dolore magna aliqua. Ut enim '),(709,88,1785472.470,607,'deserunt mollit'),(710,3,4693145.920,608,'cons'),(711,-81,1005572.147,609,'incididunt ut labore et dolore magna aliqua. Ut enim ad minim veniam, quis nostrud exercitati'),(712,-49,8266824.894,610,'proident, sunt in culpa qui officia deserunt mollit anim id est laborum.L'),(713,-26,5429101.630,611,'sint occaecat '),(714,-33,2604044.449,612,'veniam'),(715,55,9006393.929,613,'sunt in culpa qui officia deserunt mollit anim id est laborum.Lorem ipsum d'),(716,-59,4025514.689,614,'ut labore et dolore m'),(717,109,3229160.256,615,'nulla pariatur. Excepteur sint occaecat cupidatat non proident, sunt in culpa qui offici'),(718,97,125352.440,616,'qui officia deserunt mollit'),(719,47,475958.970,617,'esse cillum dolore eu fugiat nulla pariatur. Excepteur sint occaecat cu'),(720,100,9099354.207,618,'magna aliqua. Ut enim ad minim veniam, quis nostrud exercitation ullamco laboris nisi ut '),(721,-126,886226.935,619,'adipiscing elit, sed do eiusmod tempor incididun'),(722,-15,9302002.560,620,'ex ea commodo consequat. Duis aute irure dolor in reprehenderit in voluptate velit ess'),(723,-125,9875306.817,621,'ipsum dolor sit amet, consectetur adipiscing elit, sed do e'),(724,-21,2092325.305,622,'ullamco laboris nisi ut aliq'),(725,102,9840066.834,623,'ullamco laboris nisi ut aliquip ex ea commodo consequat. Duis aute irure dolor in reprehenderi'),(726,30,5093574.776,624,'in voluptate velit esse cillum dolore eu fugiat nulla pariatur. Excepteur sint occae'),(727,100,9336958.450,625,'qui officia deserunt mollit an'),(728,-71,4844140.183,626,'Excepteur sint occaecat cupidatat non proident, sunt in cul'),(729,-39,9464506.268,627,'Ut enim ad minim veniam, quis nostrud exercitation ullamco la'),(730,-93,3328278.803,628,'sint occaecat cupidatat'),(731,-128,3127374.600,629,'amet, consectetur adipiscing elit, sed do eiusmod tempor incididunt ut labore et d'),(732,-66,575510.672,630,'nisi ut aliquip ex ea commodo consequat. Dui'),(733,11,1692803.221,631,'in voluptate velit esse cillum dolore eu fugiat nulla pariatur. Excepteu'),(734,-79,8291693.190,632,'ex ea com'),(735,40,1692958.863,633,'aliquip ex ea commodo consequat. Duis aute irure dolor in reprehenderit '),(736,48,8956740.114,634,'sint occaecat cupidatat non proiden'),(737,99,5504154.391,635,'adipiscing elit, sed do eiusmod tempor incididunt ut labore et dolore magna aliqua. Ut '),(738,-102,6910034.868,636,'ex ea commodo consequat. Duis aute irure dolor in reprehenderit in voluptate velit esse cillum do'),(739,51,6180249.721,637,'d'),(740,-40,235991.667,638,'nulla pariatur. Excepteur sint occae'),(741,-27,4700153.603,639,'mollit anim id est laborum.Lorem ipsum dolor sit amet, consectetur adipiscing elit, sed d'),(742,15,8591872.596,640,'velit esse cillum dolore eu fugiat nul'),(743,-84,1787221.786,641,'borum.Lorem ipsum dolor sit amet,'),(744,-113,6849656.596,642,'sit amet, consectetur adip'),(745,-112,3963865.790,643,'anim id est laborum.Lorem ipsum dolor sit amet, consectetur adipisci'),(746,-79,8680570.839,644,'tempor incididunt ut labore et dolore magna aliqua. Ut enim ad minim veniam, qui'),(747,-96,558372.634,645,'dolore magna aliqua. Ut enim ad minim veniam, quis nostrud exercitation ullamco lab'),(748,-94,8484889.933,646,'.Lorem ipsum dolor sit a'),(749,-17,9982145.479,647,'velit esse cillum dolore eu fugiat nulla pariatur. Excepteur sint occaecat cupidatat n'),(750,-65,2276768.829,648,'mollit anim id est laborum.Lorem ipsum dolor sit amet, consectetur adipiscing elit, sed do eiusm'),(751,-99,8674027.180,649,'quis nostrud exercitation ullamco laboris nisi ut aliquip ex ea commodo co'),(752,84,3430260.480,650,'pariatur. Excepteur sint occaecat cupid'),(753,85,4675632.152,651,'tempor incididunt ut'),(754,-117,7519710.757,652,'Excepteur sint occaecat cupidatat non proident, sunt in culpa qui officia deserunt molli'),(755,126,2140367.860,653,'in reprehenderit in voluptate velit'),(756,-114,9979.732,654,'laboris nisi ut aliquip ex ea commodo consequat. Duis au'),(757,92,666449.940,655,'dolore eu fugiat n'),(758,27,9840251.234,656,'aute irure dolor in reprehenderit in voluptate velit esse cillum dolore eu fugiat nulla pariatur.'),(759,86,7641206.853,657,'sed do eiusmod tempor incididunt ut labore et dolore magna'),(760,67,944435.377,658,'ut labore et dolore magna'),(761,-56,7960166.633,659,'ut l'),(762,-119,3258059.212,660,'consequat. Duis aute irure '),(763,109,1589267.674,661,'elit, sed do eiusmod'),(764,3,6327717.553,662,'aliqu'),(765,78,9459617.756,663,'nulla pariatur. Excepteur sint occaecat cupidatat non proident, sunt in culpa qui officia deserun'),(766,3,1500575.110,664,'consequat. Duis aute irure dolor in reprehenderit in '),(767,-43,1881274.522,665,'ut labo'),(768,-35,7493057.458,666,'co'),(769,-118,8990299.375,667,'dol'),(770,114,1050242.660,668,'in voluptate velit esse cillum dolore eu fugiat nulla pariatur. '),(771,-128,128878.789,669,'in voluptate velit esse cillum dolore eu fugiat nulla pariatur. Excepteur s'),(772,101,1000006.308,670,'cul'),(773,-62,2721273.229,671,'moll'),(774,104,3626665.570,672,'laborum.Lorem ipsum dolor sit amet, co'),(775,26,1161384.581,673,'incididunt ut labore et dolore magna'),(776,117,5191976.324,674,'Excepteur sint occaecat cupidatat non proide'),(777,-73,5526095.132,675,'mollit anim id est laborum.Lorem ipsum dolor'),(778,83,5997637.222,676,'sint occa'),(779,6,5175214.890,677,'sunt in culpa qui officia deserunt '),(780,39,8827209.609,678,'nisi ut aliquip ex ea commodo consequat. Du'),(781,85,1353477.809,679,'Duis aute irure dolor in reprehenderit in volu'),(782,-13,7272249.683,680,'esse cillum dolore eu fugiat nulla pariatur. Excepteur sint occaeca'),(783,78,2181682.947,681,'consectetur adipiscing elit, sed do eiusmod tempor incididunt ut labore et d'),(784,55,3987131.251,682,'aliqua. Ut enim ad minim v'),(785,-100,8069221.573,683,'Excepteur sint occaecat cupidatat non proident, sunt in culpa qui'),(786,98,5313995.955,684,'deserunt mollit anim id est laborum.'),(787,-91,9365203.855,685,'ullamco laboris nisi ut aliquip ex ea commodo consequat. Duis aute irure dolor in r'),(788,-28,2338586.725,686,'ut aliquip ex ea commodo consequat'),(789,-41,5585006.947,687,'magna aliqua. Ut enim ad minim veniam, quis nostrud exercitation ullamco labo'),(790,90,4944259.477,688,'ipsum dolor sit amet, consectetur adipiscing elit, sed do eiusmod tempor incididu'),(791,-112,7938713.414,689,'Ut enim ad minim veniam, '),(792,102,2614992.111,690,'dolore eu fugiat nulla pariatur. Excepteur sint occaecat cupidatat non proident, sunt i'),(793,66,3095426.898,691,'mollit anim id est laborum.Lo'),(794,-127,6977731.122,692,'ex ea commodo consequat. Duis aute irure dolor in reprehenderit in voluptate '),(795,-49,5245537.700,693,'id est laborum.Lorem ipsum dolor sit amet, consectetur adipiscing elit, sed do eiusmod tempor'),(796,-16,7348692.366,694,'mollit anim id est laborum.Lorem ipsum dolor sit amet, consectetur adipiscing elit, sed do eiu'),(797,-57,9685422.408,695,'elit, sed do eiusmod tempor incididunt ut labore et dolore magn'),(798,-49,2601037.283,696,'incididunt ut labore et dolore magna aliqua. Ut enim ad minim veniam'),(799,-78,724871.689,697,'eu fu'),(800,66,2114504.568,698,'dolore eu fug'),(801,-91,8822872.809,699,'laboris nisi ut al'),(802,127,6402569.647,700,'occaecat cupidatat non proident, sunt in culpa qui officia deserunt mollit an'),(803,-55,6292749.300,701,'officia deserunt mollit anim id est laborum.Lorem ipsum dolor sit amet, consectetur adipiscing e'),(804,-62,1232966.532,702,'magna aliqua. Ut enim ad minim veniam, quis nostrud exercitation ul'),(805,-57,3786350.901,703,'nisi ut aliquip ex ea commodo consequat. Duis aute irure dolor in rep'),(806,79,682534.560,704,'non proident, sunt in culpa qui officia deseru'),(807,72,5396923.344,705,'id est laborum.Lorem ipsum dolor sit amet, consectetur adipiscing elit, sed do eiusmod'),(808,101,9650252.833,706,'aute irure dolor in'),(809,-3,8960307.630,707,'qui officia deserunt mollit anim id es'),(810,111,6183597.921,708,'sunt in culpa qui officia de'),(811,-35,3031292.516,709,'ex ea '),(812,126,2898056.124,710,'nostrud exercitation ullamco laboris nisi ut aliqui'),(813,32,3317471.924,711,'ut aliquip ex ea co'),(814,-97,718821.479,712,'culpa qui officia deserunt mollit ani'),(815,58,6236031.473,713,'dolore eu fugiat nulla pariatur. Excepteur sint occaecat cupidatat non proident, sunt in c'),(816,56,1197546.829,714,'nulla pariatur. Excepteur '),(817,94,3052970.459,715,'aliquip ex ea commodo consequat. Duis aute irure dolor in reprehender'),(818,88,8438713.216,716,'Excepteur sint occaecat cupidatat n'),(819,-110,799617.632,717,'Duis aute irur'),(820,3,2182152.480,718,'minim ve'),(821,36,2082319.177,719,'nostrud '),(822,-68,2744897.110,720,'consequat. Duis aute irure dolor in reprehenderit in voluptate velit ess'),(823,-124,2098695.340,721,'incididunt ut labore et dolore magna aliqua. Ut '),(824,-7,868691.691,722,'ex ea commodo '),(825,-96,2405393.688,723,'proident, sunt in culpa qui officia deserunt mollit anim'),(826,-97,4665786.370,724,'orum.Lorem ipsum d'),(827,46,3184948.371,725,'consequat. Duis aute irure dolor in reprehenderit in voluptate velit esse cill'),(828,34,8617901.938,726,'ut labore et dolore magna ali'),(829,40,2704048.435,727,'cillum dolore eu fugiat nulla pariatur. Excepteu'),(830,-67,3368868.963,728,'proident, sunt in culpa qui officia deserunt mollit anim id est laborum.Lorem ipsum dolor sit ame'),(831,-14,622450.950,729,'nulla pariatur. Excepteur sint occaecat cupidat'),(832,-116,2325658.597,730,'in culpa qui officia deserunt mollit anim id est laborum.Lorem ipsum'),(833,-84,8109132.988,731,'ea commodo consequat. Duis aute irure dolor in reprehender'),(834,110,4373786.967,732,'cupidatat non proi'),(835,-85,2305622.859,733,'velit esse cillum dolore eu fugiat nulla pariatur. Ex'),(836,30,5125208.609,734,'incididunt ut labore et dolo'),(837,35,8063897.530,735,'labore et dolore magna aliqua. Ut enim ad minim veniam, quis nostrud exercitation ullamco labor'),(838,-48,4897289.290,736,'sunt in culpa qui officia deserunt mollit anim id est laborum.Lo'),(839,5,3002149.115,737,'sit amet, consectetur adipiscing elit, sed do eius'),(840,-57,3827961.964,738,'Duis aute irure dolor in r'),(841,30,2439756.000,739,'aute irure dolor in reprehenderit in voluptate velit esse cillum dolore eu fugiat nulla pa'),(842,-118,1021508.530,740,'do'),(843,48,3965623.835,741,'Duis aute irure dolor in reprehenderit in voluptate velit esse ci'),(844,92,1273533.663,742,'fugiat nulla pariatur. Exce'),(845,71,9435198.466,743,'mollit anim id est laborum.Lorem ipsum dolor sit amet, consectetur adipiscing elit, sed do eiusmod'),(846,27,2415509.280,744,'occaecat cupidatat non proident, sunt in culpa qui officia deserunt molli'),(847,-65,6292073.422,745,'sunt in culpa qui officia deserunt mollit anim id est laborum.Lorem ipsum dolor sit amet, consec'),(848,-20,3005490.700,746,'incidi'),(849,-106,6811275.440,747,'do eiusmod tempor incididunt ut labore et dolore magna aliqua. Ut enim ad minim veniam, quis nostr'),(850,-7,2010421.422,748,'consectetur adipiscing elit, sed do eiusmod tempor incididunt ut labore et dolore mag'),(851,70,2239088.119,749,'ipsum dolor sit amet, consectetur adipiscing elit, sed do'),(852,-21,3263012.600,750,'laboris nisi ut aliquip ex ea comm'),(853,-77,1283296.760,751,'mollit anim id est laborum.Lor'),(854,-101,8152590.354,752,'deser'),(855,-89,316091.380,753,'sint occaecat cupidata'),(856,64,424619.669,754,'nulla pariatur. Excepteur sint occaecat cupidatat non'),(857,-44,8587505.124,755,'aute irure dolor in repr'),(858,46,8628536.786,756,'p'),(859,30,4263298.645,757,'tempor incididunt ut labore et dolore m'),(860,-69,3721035.540,758,'dolore eu fugiat nulla pariatur. Excepteur sint occaecat cupidatat non proident, sunt in cu'),(861,62,9156882.759,759,'consectetur adipiscing el'),(862,70,829432.938,760,'l'),(863,51,1082543.982,761,'qui officia deserunt mollit anim id est labo'),(864,-42,2431893.820,762,'non proident, sunt in culpa qui officia deserunt mollit anim id est laborum.Lo'),(865,-31,5348694.599,763,'ut aliquip ex ea commodo consequat. Duis aute irure dolor in reprehender'),(866,-88,1930112.568,764,'deserunt mollit anim id est laborum.Lorem ips'),(867,-94,1926857.281,765,'in reprehenderit in voluptate velit esse cillu'),(868,42,3795669.609,766,'incididunt ut labore et dolore magna aliqua. Ut enim ad minim ve'),(869,43,5738770.937,767,'mollit anim id est labo'),(870,82,1995460.709,768,'nulla pariatur. Excepteur sint occaecat cupidatat non proident, sunt in culpa qui of'),(871,-76,2102449.210,769,'qui officia deserunt mollit anim id est laborum.Lorem ipsum dolor sit amet, consectetur adip'),(872,-18,3613131.567,770,'dolore eu fugiat nulla pariatur. Excepteur sint occaecat cupidatat non pr'),(873,75,8698068.551,771,'ullamco laboris nisi ut aliquip ex ea commodo consequat. Duis aute irure dolor in r'),(874,-96,1561381.738,772,'incididunt ut labore et dolore magn'),(875,-60,2735470.131,773,'in voluptate velit esse cillum d'),(876,104,2849563.877,774,'eu fugiat nulla pariatur. Excepteur sint occaecat cupida'),(877,-26,954281.710,775,'magna aliqua. Ut enim ad minim veniam, quis nostrud exercitation ullamco laboris nisi ut aliquip e'),(878,-85,1603264.333,776,'cupidatat non proident, sunt in culpa qui officia deserunt mollit anim id est laborum.Lorem i'),(879,-80,9199146.637,777,'occaecat cupidatat non proident, sunt in culpa qui officia deserunt molli'),(880,95,7496780.354,778,'non proident, s'),(881,86,366776.800,779,'quis nostrud exercitation ullamco laboris nisi ut al'),(882,24,6505385.300,780,'incididunt ut labore et dolore ma'),(883,-59,7420938.126,781,'sed do eiusmod tempor incididunt ut labore et dolore magna aliqua. Ut enim '),(884,19,7317759.297,782,'cillum dolore eu fugiat nulla pariatur. Excepteur sint occ'),(885,46,5052902.935,783,'molli'),(886,-65,1252344.553,784,'aute irure dolor in reprehenderit in voluptate velit esse cillum dolore eu fugiat nulla paria'),(887,-110,3274343.849,785,'quis nostrud exercitation ullamco laboris nisi ut aliquip ex ea commodo cons'),(888,71,858891.406,786,'ea commodo consequat. Duis aute irure dolor in reprehenderit in volupt'),(889,-112,1237058.558,787,'ad minim veniam, quis nostrud exercitation ullamco laboris nisi ut aliquip ex ea commodo c'),(890,27,9619391.966,788,'aliqua. Ut enim ad minim veniam, quis n'),(891,119,6829666.363,789,'anim id est laborum'),(892,36,9990088.248,790,'nulla pariatur. Excepteur sint occaecat cup'),(893,-30,8784057.361,791,'mollit anim id est laborum.Lorem ipsum dolor sit amet, consectetur adipiscing elit, sed do ei'),(894,123,5652145.161,792,'do eiusmod tempor incididunt ut labore et dolore magna aliqua. U'),(895,-124,9060112.170,793,'consequat. Duis aute irure dolor in reprehend'),(896,-57,2153092.835,794,'Duis aute irure dolor in reprehenderit in voluptate velit esse cillum dolore eu fugiat '),(897,-36,8952260.304,795,'deserunt mollit'),(898,5,1676254.457,796,'eu fugiat nulla pariatur. '),(899,48,5285241.957,797,'ipsum dolor sit amet, consectetur adipiscing elit, sed do eiusmod tempor incididunt ut labore '),(900,-49,4113602.822,798,'ut labore et dolore magna aliqua. Ut enim ad minim veniam, quis nostrud exercitation ullamco l'),(901,36,2180314.320,799,'et dolore mag'),(902,-101,911284.682,800,'in voluptate velit esse cillum dolore eu fugiat nulla pariatur. Excepteur sint occaecat cupidat'),(903,-51,6138218.848,801,'nulla pariatur. Excepteur sint occaecat cupidatat non proi'),(904,-60,8192435.570,802,'officia deserunt mollit anim id est laborum.Lorem ipsum dolor sit amet, consectetur adipiscing eli'),(905,9,2018674.196,803,'non proident, sunt in culpa qui officia deserunt mollit anim id est laboru'),(906,10,5396484.304,804,'deserunt mollit anim id est laborum.Lorem ipsu'),(907,-36,1965252.400,805,'quis nostrud exercitation ullamco laboris nisi ut aliquip ex ea commodo consequat. Duis aute i'),(908,85,3282745.659,806,'ipsum dolor sit amet, consectetur adipiscing elit, sed do eiusmod tempor i'),(909,-118,3041496.740,807,'in culpa qui officia deserunt mollit anim id est laborum.Lorem ip'),(910,-22,2253970.887,808,'in'),(911,32,1447694.820,809,'velit esse cillum dolore eu fugiat nulla pariatur. Excepteur sint occaecat cupidatat non proident,'),(912,-94,5251055.938,810,'ut labore et dolore magna aliqua. Ut enim ad minim veniam, quis nostr'),(913,66,7728003.561,811,'Ut enim ad minim veniam, qui'),(914,117,5670652.697,812,'eu fugiat nulla pariatur. Excepteur sint occaecat cupidatat non proident, sunt in culpa qui '),(915,36,5865831.752,813,'cupidatat non proident, sunt in culpa qui officia'),(916,81,8094749.908,814,'in voluptate velit esse cillum dolore eu fugiat nulla pariatur. Excepteur sint occaecat cupida'),(917,113,7980727.749,815,'adipiscing elit, sed do eiusmod tempor incidi'),(918,69,3696266.300,816,'ad minim veniam, quis nostrud exercitation ullamco labo'),(919,77,128487.100,817,'amet, consectetur adipiscing elit, sed'),(920,-109,1232032.521,818,'dolore eu fugiat nulla'),(921,-100,7840560.234,819,'ex ea commodo consequat. Duis aute irure dolor in reprehenderi'),(922,37,8822193.776,820,'qui officia deserunt mollit anim id est laborum.Lor'),(923,29,3647992.101,821,'consectetur adipiscing elit, sed do eiusmod tempor incididunt ut labore et dolo'),(924,-85,3994994.426,822,'qui officia deserunt mollit anim id est laborum.Lorem ipsum'),(925,87,2848476.287,823,'Excepteur sint occaecat cupidatat non proident, sunt in culpa qui officia deserunt mollit anim'),(926,56,8084001.974,824,'velit esse cillum dolore eu fugiat nulla pariatur. Excepteur '),(927,32,3863478.470,825,'tempor incididunt ut labor'),(928,-48,4463915.542,826,'exercitation ullamco laboris nisi ut aliquip ex ea commodo consequat. Duis aute irure dol'),(929,-70,9768175.604,827,'nisi ut aliquip ex ea commodo consequat. Duis aute irure dolor in reprehenderit in volup'),(930,-96,1348509.566,828,'culpa qui officia deserunt mollit '),(931,13,3068142.215,829,'la'),(932,-44,1621854.892,830,'elit, sed do eiusmod tempor incididunt ut labore et dolore magna aliqua. Ut enim ad minim ve'),(933,66,5493327.434,831,'ullamco laboris nisi ut aliqu'),(934,121,7700757.294,832,'nisi ut aliquip ex ea commodo consequat. Duis'),(935,-69,2883111.783,833,'Excepteur sint occaecat '),(936,-81,2041857.695,834,'velit esse cillum dolore eu fugiat nulla pa'),(937,87,1982072.129,835,'borum.Lorem ipsum dolor sit amet, consectetur adip'),(938,85,7103710.978,836,'eu fugiat nulla pariatur. Excepteur sint occaecat cupidatat non proident, sunt in culpa qui offi'),(939,-71,7790772.290,837,'nisi ut aliquip ex ea commod'),(940,62,1282773.491,838,'in culpa qui officia deserunt mollit anim id est laborum.Lorem ipsum dolor sit amet,'),(941,106,2148198.981,839,'in voluptate velit esse '),(942,67,3398510.884,840,'esse cillum dolore eu fugiat nulla pariatur. Ex'),(943,-102,9486347.940,841,'cupidatat non proident, sunt in culpa qui officia deserunt mol'),(944,89,6420331.994,842,'aute irure dolor in reprehenderit in voluptate velit esse cillum dolore'),(945,-36,544832.471,843,'dolore magna aliqua. Ut enim a'),(946,-38,1349185.261,844,'adipiscing'),(947,94,2164579.315,845,'anim id est laborum.Lor'),(948,-91,6953154.353,846,'quis nostrud exercitation ullamco laboris nisi ut aliquip ex ea commodo consequat. Duis aute i'),(949,124,9248351.652,847,'commodo consequat. Duis aute irure dolor in repr'),(950,95,3885142.680,848,'aute irure do'),(951,-3,7308564.932,849,'sit '),(952,-96,3192914.748,850,'aliqua. Ut e'),(953,-101,9026887.354,851,'enim ad minim veniam, quis nostrud exercitation ullamco laboris nisi ut aliquip'),(954,-14,498619.105,852,'dolor sit amet, consectetur adipiscing elit, sed do eiusmod tempor incididunt u'),(955,-48,7013952.146,853,'cupidatat non proident, sunt in culpa qui officia deserunt moll'),(956,-21,2386828.827,854,'ex ea commodo consequat'),(957,-93,5192622.743,855,'mollit anim '),(958,-61,6422176.930,856,'Excepteur sint occaecat cupidatat non proident, sunt in c'),(959,102,1631550.510,857,'velit esse cillum dolore eu fugiat nulla pariatur. Excepteur sint occa'),(960,38,5660635.382,858,'irure dolor in reprehenderit in voluptate velit esse cillum dolore eu fugiat nulla '),(961,117,6616791.497,859,'in reprehenderit in voluptate velit'),(962,-11,7721929.734,860,'Duis aute irure dolor in reprehenderit in volupta'),(963,-40,9655968.194,861,'ut labore et dolore m'),(964,-114,2561705.147,862,'id est laborum.Lorem ip'),(965,4,1451843.708,863,'aliquip ex ea commodo consequat. Duis aute irure dolor in '),(966,-73,5742739.675,864,'elit, sed do eiusm'),(967,41,1782608.864,865,'Lorem ipsum dolor sit amet, consectetur adipi'),(968,82,2893912.314,866,'cillum dolore eu fugiat nulla'),(969,35,8970885.653,867,'in reprehenderit in voluptate velit esse cillum dolore eu fugiat nulla pariatur. Excepteur sint occa'),(970,83,6848008.564,868,'officia deserunt mollit anim id est labo'),(971,-32,3198754.667,869,'pariatur. Excepteur sint occaecat cupidatat non p'),(972,82,7756418.883,870,'consequat. Duis aute iru'),(973,-1,9508537.570,871,'dolore eu fugiat nulla par'),(974,110,9493889.864,872,'veniam, quis nostrud exercitation ullamco laboris nisi ut aliquip ex ea commodo consequat.'),(975,13,7109306.709,873,'Excepteur sint occaecat cupidatat non proi'),(976,68,7534113.620,874,'reprehenderit in voluptate velit esse cillum dolore eu fugiat nulla pariat'),(977,95,3271756.696,875,'eu fugiat '),(978,101,219057.589,876,'et'),(979,-125,1710255.528,877,'sed do eiusmod tempor incididunt ut labore et do'),(980,31,5063591.953,878,'deserun'),(981,34,9379529.572,879,'ad minim veniam, quis nostrud exerc'),(982,44,5939076.999,880,'laboris nisi ut aliquip ex ea commodo conseq'),(983,-8,3143332.444,881,'sed do eiusmod tempor incididunt ut labore et dolore magna aliqua. Ut enim ad minim v'),(984,24,7559269.669,882,'deseru'),(985,96,3076254.510,883,'magna aliq'),(986,68,299642.347,884,'minim veniam, qu'),(987,-10,9067156.104,885,'ut labore et dolore magna aliqua. Ut enim ad minim veniam, quis no'),(988,-68,3092569.806,886,'sunt in culpa qui officia deserunt mollit anim id est laborum.Lorem ipsum dolor s'),(989,-49,6928203.791,887,'sint occaecat cupidatat non proident, sun'),(990,101,3025676.780,888,'voluptate velit esse cillum dolore eu fugiat nulla pariatur. Excepteur sint occaecat cupida'),(991,-75,4381374.940,889,'ad minim veniam, quis nostrud exercita'),(992,-111,2654532.356,890,'consequat. Duis aute irure dolor in reprehenderit in volup'),(993,-122,9832635.412,891,'sunt in cul'),(994,50,9931549.295,892,'ullamco laboris nisi ut aliquip ex ea commodo consequat. Duis aute irure dolor '),(995,18,201937.709,893,'enim ad minim veniam, quis nostrud exercitation ullamco '),(996,-83,9999277.650,894,'veniam, quis nostrud exercitation ullamco labor'),(997,-13,815714.714,895,'qui officia deserunt mollit anim'),(998,-2,7229131.387,896,'sunt in culpa qui officia deserunt mollit anim id est laborum.Lorem i'),(999,104,4612881.611,897,'sint occaecat cupidatat non proident, '),(1000,17,681438.953,898,'amet, consectetur adipiscing elit, sed do eiusmod tempor incididunt ut labore et dolore magna aliqu'),(1001,-21,6432743.682,899,'quis nostrud exercitation ullamco laboris nisi u'),(1002,117,2150882.609,900,'deserunt mollit anim id est lab'),(1003,-23,4061697.639,901,'magna '),(1004,84,2803074.387,902,'elit, sed d'),(1005,23,5770514.751,903,'nisi ut aliquip ex ea commodo consequat. Duis aute irure dolor in'),(1006,65,5829422.279,904,'adipiscing elit, sed do eiusmod tempor incididunt ut labore et dolore magna aliq'),(1007,-46,4914050.625,905,'ut labore et dolore magna aliq'),(1008,97,3031071.985,906,'adipiscing elit, sed do eiusmod tempor incididunt ut labo'),(1009,13,3838963.419,907,'in repr'),(1010,-41,7446717.793,908,'consectetur a'),(1011,-26,7875620.445,909,'fugiat nulla pariatur. Excepteur sint occaecat cupidatat non proident'),(1012,-53,7210302.141,910,'enim ad minim veniam, quis nostrud exercitation ullam'),(1013,-86,6873187.607,911,'quis nostrud exercitation ullamco laboris nisi ut aliquip'),(1014,70,7457201.660,912,'in voluptate velit esse cillum dolore eu fugiat nulla paria'),(1015,-2,3304304.824,913,'non p'),(1016,110,9374750.860,914,'Duis aute irure dolor in reprehenderit i'),(1017,-87,4687005.778,915,'mollit anim id est laborum.Lorem ipsum dolor sit amet, consectetur adipisc'),(1018,-78,4241054.125,916,'anim id est laborum.Lorem ipsum dolor sit amet, consectetur adipiscing elit, sed do eiusmod tempo'),(1019,-86,2298656.630,917,'sit amet, consectetur'),(1020,117,1861426.958,918,'et dolore m'),(1021,-105,9758601.140,919,'Duis aute irure dolor in reprehenderit in voluptate velit esse cillum dolore eu fugiat '),(1022,56,2866067.687,920,'tempor incididunt ut labore et dolore magna aliqua. Ut enim ad minim veniam, quis nostrud exerci'),(1023,95,8625992.450,921,'quis nostrud exercitat'),(1024,-39,2491855.303,922,'do eiusmod tempor '),(1025,-92,7814405.934,923,'id est laboru'),(1026,76,7207681.786,924,'incididunt ut labore et dolore magna aliqua. Ut enim ad minim veniam, quis nostrud exer'),(1027,123,6657169.637,925,'adipiscing elit, sed do eiusmod tempor incididunt ut labore et dolore magna aliqua. Ut enim ad '),(1028,3,9053496.441,926,'reprehenderit in voluptate velit esse cillum dolore eu fugiat nulla par'),(1029,-26,4030017.916,927,'nulla pariatur. Excepteur sint occaecat cupidatat non proiden'),(1030,54,944111.356,928,'cillum dolore eu fugiat nulla pariatur. Excepteur sint occaecat cupidatat non '),(1031,17,4459989.355,929,'co'),(1032,-71,2457939.938,930,'nulla pariatur. Excepteur sint occaecat cupidatat non proident, sunt in culpa '),(1033,88,4900975.383,931,'in voluptate velit esse cillum dolore eu fugiat nulla pariatur. Excepteur sint oc'),(1034,-48,7822937.562,932,'magna aliqua. Ut enim ad minim veniam, quis nostrud exercitation ullamco laboris nisi ut aliquip '),(1035,37,2868034.397,933,'ut labore et dolore magna aliqua. Ut enim ad minim '),(1036,12,5561863.699,934,'ullamco laboris nisi ut aliquip ex ea commo'),(1037,-66,1759830.107,935,'ut labore et dolore magna aliqua. Ut enim ad m'),(1038,-79,3971991.492,936,'laboris nisi ut aliquip ex ea commodo consequat. Duis aute irure dolor in reprehenderit in volup'),(1039,76,6829350.800,937,'sint occaecat cupidatat non proident,'),(1040,43,6517283.560,938,'irure dolor in reprehenderit in voluptate velit esse cillum dolore eu fugiat nulla pariatur. '),(1041,-13,4831235.229,939,'minim veniam, qui'),(1042,46,2254300.296,940,'ullamco labori'),(1043,91,5635872.646,941,'aute irure dolor in reprehenderit in voluptate velit esse cillum dolore eu fugiat nulla pariat'),(1044,127,2194904.128,942,'magna aliqua. Ut enim ad minim veniam, quis nostrud exercitation ullamc'),(1045,-39,9719231.630,943,'sint occ'),(1046,14,1066439.544,944,'in voluptate velit esse '),(1047,-59,2070083.588,945,'ipsum dolor sit a'),(1048,-110,6442566.917,946,'sunt in culpa qui officia d'),(1049,-1,3000205.604,947,'et d'),(1050,-128,3343060.755,948,'aute irure dolor in reprehenderit in voluptate v'),(1051,-55,5253765.798,949,'consequat. Duis aute irure dolor in reprehe'),(1052,-15,9162726.710,950,'e'),(1053,-59,2934126.539,951,'aliquip ex'),(1054,40,9617249.870,952,'ullamco laboris nisi ut aliquip ex ea commodo consequat. Duis au'),(1055,-26,8562609.463,953,'dolor sit amet, consectetur a'),(1056,59,9100336.959,954,'volupta'),(1057,111,1582766.809,955,'incididu'),(1058,-108,6025263.264,956,'exercitation ullamco laboris nisi ut aliquip ex ea commodo consequat. Duis aute irure dolo'),(1059,73,7741074.288,957,'nulla pariatur. Excepteur sint occaeca'),(1060,39,6225621.502,958,'nostrud exercitation ullamc'),(1061,-32,8307265.651,959,'sed do eiusmod tempor incididunt ut labore et dolore magna aliqua. Ut enim ad minim'),(1062,-120,1332432.859,960,'ullamco laboris nisi ut aliquip ex ea commodo consequat. Duis a'),(1063,30,8019373.754,961,'deserunt mollit anim id est laborum.Lorem ipsum dolor sit amet, consec'),(1064,17,8294500.691,962,'Ut enim ad minim veniam, quis nos'),(1065,124,2773110.501,963,'aliqua. Ut enim ad minim veniam, quis nostrud exercitation ullamco laboris n'),(1066,67,9060509.414,964,'sunt in culpa qui off'),(1067,-39,5147615.580,965,'ut labore et do'),(1068,-89,1910304.341,966,'ad minim'),(1069,112,376553.150,967,'Excepteur sint occaecat cupidatat no'),(1070,-99,2250355.688,968,'Ut enim'),(1071,-80,8713595.360,969,'labo'),(1072,105,6751036.868,970,'officia deserunt mollit anim id est laborum.Lorem ipsum dolor sit amet, consectetu'),(1073,11,174647.332,971,'eiusmod tempor incididunt ut labore et dolore magna al'),(1074,-9,401026.280,972,'sed do eiusmod tempor incididunt ut labore et dolore magna aliqua. Ut enim ad minim veniam'),(1075,40,6636693.184,973,'adipiscing elit, sed do eiusmod tempor'),(1076,2,4841700.280,974,'sint occaecat cupidatat non proident, sunt in culpa qui officia de'),(1077,-97,6797164.605,975,'in vo'),(1078,-100,4759335.603,976,'Excepteur sint occaecat cupidatat non proident, sunt in culpa q'),(1079,-97,4411026.754,977,'anim id est laborum.Lorem'),(1080,96,6335672.889,978,'proident, sunt in culpa qui officia deserunt mollit anim id est laborum.Lorem ipsum dolor s'),(1081,10,3882051.916,979,'Ut enim ad minim veniam, quis nostrud ex'),(1082,122,8933917.947,980,'magna '),(1083,114,8430187.590,981,'adipiscing elit, sed do eiusmod tempor incididunt ut labore et dolore magna aliqua. Ut enim ad'),(1084,-54,2435364.409,982,'adipiscing elit, sed do eiusmod tempor incididunt ut lab'),(1085,16,8840099.263,983,'Excepteur sint occaecat cupidatat non proident, sunt in culpa qui o'),(1086,62,4284306.491,984,'officia deserunt mollit anim id est la'),(1087,-70,8831083.560,985,'Excepteur sint occaecat cupidatat non proident, sunt in culpa qui officia de'),(1088,8,2262280.273,986,'et dolore magna aliqua. Ut enim ad minim ven'),(1089,-96,2345964.743,987,'cupidatat non proident, sunt in culpa qui officia'),(1090,34,1667277.738,988,'qui officia deserunt mollit anim id est laborum.Lorem ipsum'),(1091,113,7857074.297,989,'in culpa'),(1092,-93,7830341.918,990,'c'),(1093,-75,2092436.876,991,'velit esse cillum '),(1094,68,3856780.590,992,'magna aliqua. Ut enim ad minim veniam, quis nostrud exerci'),(1095,71,6215669.300,993,'aliqua. Ut enim ad minim veniam, quis nostrud exercitation ullamco'),(1096,-94,3153261.160,994,'mollit anim i'),(1097,37,8847196.826,995,'nostrud exercitation ullamco laboris nisi ut ali'),(1098,24,2706335.333,996,'ullamco laboris nisi ut aliquip ex ea commodo consequat. Duis aute irure dolor in re'),(1099,116,3592487.788,997,'cul'),(1100,-49,5014547.417,998,'non pr'),(1101,90,4624598.418,999,'aliquip ex ea commodo consequat. Duis aute irure dolor in reprehenderit in voluptate velit esse '),(1102,20,6278524.227,1000,'nostrud exercitation ullamco ');
/*!40000 ALTER TABLE `produto` ENABLE KEYS */;
UNLOCK TABLES;

--
-- Table structure for table `vend_prod`
--

DROP TABLE IF EXISTS `vend_prod`;
/*!40101 SET @saved_cs_client     = @@character_set_client */;
/*!40101 SET character_set_client = utf8 */;
CREATE TABLE `vend_prod` (
  `preco_unitario` decimal(10,2) NOT NULL,
  `quantidade` int(11) NOT NULL,
  `cod_venda` int(11) NOT NULL,
  `cod_produto` int(11) NOT NULL,
  KEY `cod_venda` (`cod_venda`),
  KEY `cod_produto` (`cod_produto`),
  CONSTRAINT `vend_prod_ibfk_1` FOREIGN KEY (`cod_venda`) REFERENCES `vendas` (`codigo`),
  CONSTRAINT `vend_prod_ibfk_2` FOREIGN KEY (`cod_produto`) REFERENCES `produto` (`codigo`)
) ENGINE=InnoDB DEFAULT CHARSET=utf8mb4;
/*!40101 SET character_set_client = @saved_cs_client */;

--
-- Dumping data for table `vend_prod`
--

LOCK TABLES `vend_prod` WRITE;
/*!40000 ALTER TABLE `vend_prod` DISABLE KEYS */;
INSERT INTO `vend_prod` VALUES (76168360.90,1,98,21),(9505033.38,2,1,54),(96696488.20,3,54,84),(68898808.70,4,48,49),(31456542.34,5,80,40),(6608909.35,6,32,69),(74150000.60,7,49,88),(38779436.35,8,23,48),(44279380.15,9,5,52),(92690584.44,10,38,92),(30158484.11,11,79,80),(92239744.48,12,6,23),(20200092.98,13,83,55),(61976164.76,14,68,38),(13488942.21,15,8,66),(36060752.65,16,95,78),(40559464.50,17,38,61),(22057950.59,18,38,3),(45878864.18,19,47,42),(18993760.79,20,15,81),(73948144.19,21,2,3),(36450152.27,22,100,55),(51898152.67,23,86,72),(82490248.50,24,41,90),(90260920.66,25,1,78),(47861464.72,26,63,49),(99084864.62,27,37,70),(91210232.43,28,36,88),(84147376.63,29,81,6),(43027348.49,30,8,2),(94671296.12,31,74,77),(76856968.30,32,23,64),(13208795.31,33,1,25),(16136265.40,34,31,16),(35314704.73,35,20,53),(39139812.19,36,82,87),(82951096.42,37,42,28),(37200660.76,38,34,18),(34469288.54,39,80,8),(61046272.24,40,62,68),(65288896.45,41,66,77),(34164740.77,42,68,10),(58384192.27,43,35,13),(12107581.76,44,14,42),(20305944.57,45,98,36),(53107600.33,46,62,34),(86184440.44,47,73,15),(32971764.45,48,49,61),(2012151.80,49,100,28),(69591616.90,50,61,46),(72089816.45,51,32,13),(17351378.80,52,68,5),(67997888.46,53,46,57),(86022448.45,54,54,2),(28548974.80,55,36,80),(33292592.44,56,43,95),(80171072.14,57,62,69),(64828344.94,58,100,44),(67914072.20,59,38,31),(54715772.34,60,24,36),(79173008.26,61,77,64),(15333003.84,62,58,25),(37253564.53,63,1,11),(6306821.22,64,32,13),(38603844.14,65,28,9),(73387400.96,66,73,12),(55998640.67,67,12,80),(60092448.56,68,39,29),(56848824.84,69,54,14),(87142632.60,70,48,21),(19341486.20,71,11,45),(60411392.80,72,97,91),(24081708.67,73,62,27),(49787188.27,74,69,31),(61650936.23,75,44,56),(95497472.22,76,34,40),(9931648.65,77,32,20),(638186.48,78,57,73),(83644088.70,79,55,93),(78519424.96,80,18,5),(53335304.79,81,92,74),(49668120.68,82,11,52),(34649820.57,83,99,37),(48676200.36,84,48,66),(255775.30,85,34,1),(67364328.20,86,6,26),(7023042.33,87,68,78),(53825384.57,88,26,25),(27235490.00,89,66,99),(21760446.17,90,72,64),(43615932.55,91,50,14),(30126380.10,92,88,10),(9159899.20,93,45,15),(37545084.50,94,48,21),(81185240.37,95,18,86),(51308752.71,96,75,41),(38144380.21,97,57,9),(98344584.24,98,44,78),(52712400.95,99,56,46),(80430104.98,100,45,34);
/*!40000 ALTER TABLE `vend_prod` ENABLE KEYS */;
UNLOCK TABLES;

--
-- Table structure for table `vendas`
--

DROP TABLE IF EXISTS `vendas`;
/*!40101 SET @saved_cs_client     = @@character_set_client */;
/*!40101 SET character_set_client = utf8 */;
CREATE TABLE `vendas` (
  `codigo` int(11) NOT NULL AUTO_INCREMENT,
  `cod_cliente` int(11) NOT NULL,
  `cod_caixa` int(11) NOT NULL,
  `data_venda` date NOT NULL,
  `forma_de_pagamento` varchar(40) NOT NULL,
  PRIMARY KEY (`codigo`),
  KEY `cod_cliente` (`cod_cliente`),
  KEY `cod_caixa` (`cod_caixa`),
  CONSTRAINT `vendas_ibfk_1` FOREIGN KEY (`cod_cliente`) REFERENCES `cliente` (`codigo`),
  CONSTRAINT `vendas_ibfk_2` FOREIGN KEY (`cod_caixa`) REFERENCES `caixa` (`codigo`)
) ENGINE=InnoDB AUTO_INCREMENT=101 DEFAULT CHARSET=utf8mb4;
/*!40101 SET character_set_client = @saved_cs_client */;

--
-- Dumping data for table `vendas`
--

LOCK TABLES `vendas` WRITE;
/*!40000 ALTER TABLE `vendas` DISABLE KEYS */;
INSERT INTO `vendas` VALUES (1,24,80,'2009-08-21','sint occaecat cupidatat non pr'),(2,54,82,'1985-11-22','cupidatat non proi'),(3,71,16,'1992-03-01','id est laborum.L'),(4,90,8,'1981-08-19','dolor sit amet, consectetur a'),(5,49,15,'1998-03-08','dolore eu fugiat nulla pariatur. Excepte'),(6,25,91,'2018-03-19','magna ali'),(7,11,95,'1981-04-21','in reprehenderit in volu'),(8,12,75,'2017-07-04','tempor incididunt ut labor'),(9,93,3,'1996-05-14','pari'),(10,96,27,'1984-02-08','Ut enim ad minim veniam, '),(11,90,39,'2007-07-17','deserunt mollit anim'),(12,17,26,'1983-06-17','in voluptate velit esse cillum dol'),(13,82,44,'1980-09-10','deserunt mollit anim'),(14,68,63,'1998-02-16','Ut enim ad minim veniam, quis nostrud ex'),(15,93,91,'1984-07-07','elit, sed do eiusmod tempor '),(16,48,43,'1990-01-04','nulla pariatur. E'),(17,75,96,'2008-10-14','Excepteur sint occaecat cupi'),(18,89,72,'2017-08-12','in v'),(19,57,96,'1989-09-10','enim ad minim veniam, qu'),(20,73,70,'2014-11-19','dolor in repre'),(21,62,100,'1991-05-17','ex ea com'),(22,37,53,'2006-06-13','sint occaecat cupidatat non'),(23,81,55,'2019-10-06','ut aliquip ex ea commodo co'),(24,25,62,'2003-02-16','exercitation ullamco laboris nisi '),(25,42,32,'2004-05-21','occaecat cupidatat non proident, su'),(26,45,54,'2004-09-26','ve'),(27,65,17,'1988-10-13','nulla pariatur. E'),(28,23,61,'2010-04-01','irure dolor in reprehenderit in '),(29,77,20,'1987-12-20','cupidatat non proid'),(30,61,100,'1991-05-08','cup'),(31,65,84,'2018-01-03','de'),(32,43,80,'1989-12-20','in voluptate velit esse cillum dolore '),(33,94,21,'2005-01-27','quis nostrud exercitation ull'),(34,76,65,'2015-09-29','in reprehenderit in voluptate velit '),(35,3,89,'2011-07-15','ex ea commodo consequat. Duis aute '),(36,27,88,'2018-08-22','nostrud exe'),(37,70,85,'2014-11-05','mollit '),(38,46,28,'2017-03-24','sed do'),(39,42,27,'2005-01-21','sed do eiusmod tempo'),(40,80,29,'1988-01-11','sit am'),(41,24,43,'2019-01-11','adipiscing elit, sed do'),(42,93,90,'1990-12-23','aute irure dolor in reprehen'),(43,23,31,'1989-07-20','sed do eiusm'),(44,39,92,'1984-04-20','et do'),(45,51,95,'2004-06-03','velit esse cillum dolore eu fugia'),(46,87,44,'1998-12-30','laboris nisi ut aliquip ex ea c'),(47,58,79,'2000-02-23','incididunt ut labore et dolore '),(48,53,20,'2018-07-23','nisi ut aliquip ex ea commodo conse'),(49,8,86,'1981-12-23','rum.Lorem ipsum dolor sit amet'),(50,2,93,'1992-08-17','ut labore et dolore magn'),(51,15,20,'1989-10-07','exercitation ullamco laboris nis'),(52,46,10,'2013-07-02','laborum.Lorem ipsum dol'),(53,14,5,'2006-09-03','ex ea '),(54,19,4,'1988-08-15','culpa qui officia deserunt mollit anim'),(55,100,5,'2009-07-06','rum.Lorem ipsum dolor sit amet'),(56,2,7,'1994-04-24','qui officia '),(57,59,57,'2000-08-08','Duis aute irure dolor in reprehenderit'),(58,54,48,'1986-04-28','vel'),(59,28,17,'1989-12-27','in voluptat'),(60,58,32,'1986-01-13','id est laborum.Lorem ipsum dolor si'),(61,56,28,'2019-07-30','sint occae'),(62,94,80,'2012-08-30','adipiscing'),(63,65,77,'1983-04-28','officia deserun'),(64,76,16,'2001-03-15','an'),(65,28,7,'2010-02-04','ipsum dolor sit amet'),(66,5,9,'1997-03-29','in culpa qui offici'),(67,29,48,'1987-10-27','tempor incididunt ut labore et do'),(68,41,5,'1998-12-11','dolor in reprehenderit in volupt'),(69,82,43,'1989-01-28','eu'),(70,78,31,'1987-03-14','dolor '),(71,14,31,'1984-02-06','quis nostrud exercitat'),(72,21,12,'2012-10-30','anim id est laborum.Lorem ipsum dolor'),(73,53,5,'2019-08-13','aliquip ex ea commodo consequat. Du'),(74,26,99,'2013-07-12','sit amet, consectetur adipi'),(75,53,69,'1998-01-16','sint occaecat cupidatat'),(76,87,65,'1980-01-18','dolore eu fugiat nulla'),(77,1,94,'1998-03-09','exercitation ullamco laboris nisi '),(78,43,72,'2014-03-08','ut labore et dolore magna aliqua'),(79,30,20,'1992-10-13','dolore eu fugia'),(80,8,64,'2019-01-01','velit esse cillum dolore'),(81,68,72,'2012-01-29','proident, sunt in'),(82,76,62,'2015-12-08','sit amet, consecte'),(83,23,75,'1998-01-04','incididunt'),(84,78,97,'1988-09-10','ut labore et dol'),(85,47,41,'1996-07-04','dolore eu fugiat nulla pariatur. Except'),(86,99,52,'1983-08-19','adipiscing elit, '),(87,34,93,'2003-09-21','nisi ut aliquip ex ea commodo consequat'),(88,40,71,'1988-10-30','est laborum.Lorem ipsum dolor si'),(89,96,98,'2014-04-08','sint occae'),(90,96,62,'1997-09-03','d'),(91,69,78,'2015-05-04','deserunt mollit'),(92,7,7,'2004-05-30','occaecat cupidatat n'),(93,21,43,'1984-09-22','dolore magna '),(94,58,82,'1990-01-01','dolore magn'),(95,49,60,'2013-07-12','veniam, quis nostrud exercitation u'),(96,1,21,'1989-04-08','Excepteur sint occaecat cupidata'),(97,83,82,'2003-11-19','Duis aute irure dol'),(98,44,52,'2015-04-02','magna al'),(99,23,80,'1985-08-12','ut labor'),(100,35,31,'2006-09-04','velit esse cillum dolore eu ');
/*!40000 ALTER TABLE `vendas` ENABLE KEYS */;
UNLOCK TABLES;

--
-- Dumping events for database 'cantagalo'
--

--
-- Dumping routines for database 'cantagalo'
--
/*!40103 SET TIME_ZONE=@OLD_TIME_ZONE */;

/*!40101 SET SQL_MODE=@OLD_SQL_MODE */;
/*!40014 SET FOREIGN_KEY_CHECKS=@OLD_FOREIGN_KEY_CHECKS */;
/*!40014 SET UNIQUE_CHECKS=@OLD_UNIQUE_CHECKS */;
/*!40101 SET CHARACTER_SET_CLIENT=@OLD_CHARACTER_SET_CLIENT */;
/*!40101 SET CHARACTER_SET_RESULTS=@OLD_CHARACTER_SET_RESULTS */;
/*!40101 SET COLLATION_CONNECTION=@OLD_COLLATION_CONNECTION */;
/*!40111 SET SQL_NOTES=@OLD_SQL_NOTES */;

-- Dump completed on 2019-08-27 12:23:02
